<?xml version="1.0" encoding="UTF-8"?><gpx creator="Health" xsi:schemaLocation="http://www.topografix.com/GPX/1/0 http://www.topografix.com/GPX/1/0/gpx.xsd" version="1.0" xmlns="http://www.topografix.com/GPX/1/0" xmlns:xsi="http://www.w3.org/2001/XMLSchema-instance"><metadata><time>2026-10-01T13:02:34.000Z</time></metadata><trk><type>Mountain hike</type><extensions><totalTime>7025.0</totalTime><cumulativeDecrease>293.8999938964844</cumulativeDecrease><cumulativeClimb>288.0</cumulativeClimb><totalDistance>5190.0</totalDistance><routeType>0</routeType></extensions><trkseg><trkpt lat="-20.171632402125873" lon="57.49801883782836"><ele>46.3</ele><time>2026-10-01T13:02:34.000Z</time></trkpt><trkpt lat="-20.171635902125814" lon="57.49800683782862"><ele>46.3</ele><time>2026-10-01T13:02:35.000Z</time></trkpt><trkpt lat="-20.171633635459113" lon="57.49800240449508"><ele>46.3</ele><time>2026-10-01T13:02:36.000Z</time></trkpt><trkpt lat="-20.17163296879243" lon="57.497995804495005"><ele>46.3</ele><time>2026-10-01T13:02:37.000Z</time></trkpt><trkpt lat="-20.171630568792413" lon="57.49798860449484"><ele>46.3</ele><time>2026-10-01T13:02:38.000Z</time></trkpt><trkpt lat="-20.171627768792415" lon="57.49798120449466"><ele>46.5</ele><time>2026-10-01T13:02:39.000Z</time></trkpt><trkpt lat="-20.17162410212574" lon="57.49797217116107"><ele>46.5</ele><time>2026-10-01T13:02:40.000Z</time></trkpt><trkpt lat="-20.171618502125778" lon="57.49796197116075"><ele>46.5</ele><time>2026-10-01T13:02:41.000Z</time></trkpt><trkpt lat="-20.171612868792444" lon="57.4979518044938"><ele>46.5</ele><time>2026-10-01T13:02:42.000Z</time></trkpt><trkpt lat="-20.171606602125813" lon="57.49794290449354"><ele>46.5</ele><time>2026-10-01T13:02:43.000Z</time></trkpt><trkpt lat="-20.171599468792486" lon="57.49793507116001"><ele>47.0</ele><time>2026-10-01T13:02:44.000Z</time></trkpt><trkpt lat="-20.17159173545918" lon="57.49792793782659"><ele>47.0</ele><time>2026-10-01T13:02:45.000Z</time></trkpt><trkpt lat="-20.17158446879257" lon="57.49792123782652"><ele>47.0</ele><time>2026-10-01T13:02:46.000Z</time></trkpt><trkpt lat="-20.17157603545928" lon="57.49791357115968"><ele>47.0</ele><time>2026-10-01T13:02:47.000Z</time></trkpt><trkpt lat="-20.171567402125856" lon="57.497906604492826"><ele>47.0</ele><time>2026-10-01T13:02:48.000Z</time></trkpt><trkpt lat="-20.171558135459136" lon="57.4978995711593"><ele>47.3</ele><time>2026-10-01T13:02:49.000Z</time></trkpt><trkpt lat="-20.171549168792403" lon="57.4978922711591"><ele>47.3</ele><time>2026-10-01T13:02:50.000Z</time></trkpt><trkpt lat="-20.17154000212554" lon="57.497885337825586"><ele>47.3</ele><time>2026-10-01T13:02:51.000Z</time></trkpt><trkpt lat="-20.171530402125406" lon="57.49787977115884"><ele>47.3</ele><time>2026-10-01T13:02:52.000Z</time></trkpt><trkpt lat="-20.171520868792122" lon="57.497873971158825"><ele>47.3</ele><time>2026-10-01T13:02:53.000Z</time></trkpt><trkpt lat="-20.171511535458762" lon="57.49786820449208"><ele>48.0</ele><time>2026-10-01T13:02:54.000Z</time></trkpt><trkpt lat="-20.171501868792095" lon="57.49786317115864"><ele>48.0</ele><time>2026-10-01T13:02:55.000Z</time></trkpt><trkpt lat="-20.17149266879212" lon="57.49785793782523"><ele>48.0</ele><time>2026-10-01T13:02:56.000Z</time></trkpt><trkpt lat="-20.1714838687922" lon="57.49785217115853"><ele>48.0</ele><time>2026-10-01T13:02:57.000Z</time></trkpt><trkpt lat="-20.171475302125526" lon="57.49784613782507"><ele>48.0</ele><time>2026-10-01T13:02:58.000Z</time></trkpt><trkpt lat="-20.171468002125543" lon="57.497839271158284"><ele>48.5</ele><time>2026-10-01T13:02:59.000Z</time></trkpt><trkpt lat="-20.171461102125512" lon="57.49783190449146"><ele>48.5</ele><time>2026-10-01T13:03:00.000Z</time></trkpt><trkpt lat="-20.171454802125453" lon="57.49782417115796"><ele>48.5</ele><time>2026-10-01T13:03:01.000Z</time></trkpt><trkpt lat="-20.171448935458663" lon="57.49781583782438"><ele>48.5</ele><time>2026-10-01T13:03:02.000Z</time></trkpt><trkpt lat="-20.171443468791928" lon="57.497807037824124"><ele>48.5</ele><time>2026-10-01T13:03:03.000Z</time></trkpt><trkpt lat="-20.171437702125207" lon="57.49779790449045"><ele>48.6</ele><time>2026-10-01T13:03:04.000Z</time></trkpt><trkpt lat="-20.17143166879182" lon="57.49778903782351"><ele>48.6</ele><time>2026-10-01T13:03:05.000Z</time></trkpt><trkpt lat="-20.17142493545849" lon="57.49778030448989"><ele>48.6</ele><time>2026-10-01T13:03:06.000Z</time></trkpt><trkpt lat="-20.17141843545851" lon="57.49777170448967"><ele>48.6</ele><time>2026-10-01T13:03:07.000Z</time></trkpt><trkpt lat="-20.1714117354585" lon="57.497763037822764"><ele>48.6</ele><time>2026-10-01T13:03:08.000Z</time></trkpt><trkpt lat="-20.171404635458547" lon="57.49775473782258"><ele>48.3</ele><time>2026-10-01T13:03:09.000Z</time></trkpt><trkpt lat="-20.17139753545859" lon="57.49774653782231"><ele>48.3</ele><time>2026-10-01T13:03:10.000Z</time></trkpt><trkpt lat="-20.171390668791982" lon="57.497738704488754"><ele>48.3</ele><time>2026-10-01T13:03:11.000Z</time></trkpt><trkpt lat="-20.171382935458627" lon="57.49773120448852"><ele>48.3</ele><time>2026-10-01T13:03:12.000Z</time></trkpt><trkpt lat="-20.17137523545859" lon="57.49772357115503"><ele>48.3</ele><time>2026-10-01T13:03:13.000Z</time></trkpt><trkpt lat="-20.17136826879186" lon="57.497714737821696"><ele>47.8</ele><time>2026-10-01T13:03:14.000Z</time></trkpt><trkpt lat="-20.171361168791854" lon="57.4977057711551"><ele>47.8</ele><time>2026-10-01T13:03:15.000Z</time></trkpt><trkpt lat="-20.171355202125156" lon="57.49769530448848"><ele>47.8</ele><time>2026-10-01T13:03:16.000Z</time></trkpt><trkpt lat="-20.17135013545853" lon="57.497684371155216"><ele>47.8</ele><time>2026-10-01T13:03:17.000Z</time></trkpt><trkpt lat="-20.171345568791914" lon="57.497673571155374"><ele>47.8</ele><time>2026-10-01T13:03:18.000Z</time></trkpt><trkpt lat="-20.171341368791957" lon="57.497664271155415"><ele>47.7</ele><time>2026-10-01T13:03:19.000Z</time></trkpt><trkpt lat="-20.17133873545864" lon="57.497655804488815"><ele>47.7</ele><time>2026-10-01T13:03:20.000Z</time></trkpt><trkpt lat="-20.17133633545866" lon="57.4976497044889"><ele>47.7</ele><time>2026-10-01T13:03:21.000Z</time></trkpt><trkpt lat="-20.171334068791957" lon="57.49764457115555"><ele>47.7</ele><time>2026-10-01T13:03:22.000Z</time></trkpt><trkpt lat="-20.171332402125234" lon="57.4976384378222"><ele>47.7</ele><time>2026-10-01T13:03:23.000Z</time></trkpt><trkpt lat="-20.171331068791844" lon="57.49763187115548"><ele>47.5</ele><time>2026-10-01T13:03:24.000Z</time></trkpt><trkpt lat="-20.171329335458438" lon="57.49762560448876"><ele>47.5</ele><time>2026-10-01T13:03:25.000Z</time></trkpt><trkpt lat="-20.171328235458397" lon="57.497619904488694"><ele>47.5</ele><time>2026-10-01T13:03:26.000Z</time></trkpt><trkpt lat="-20.171328635458398" lon="57.49761517115536"><ele>47.5</ele><time>2026-10-01T13:03:27.000Z</time></trkpt><trkpt lat="-20.171329535458415" lon="57.497614137821984"><ele>47.5</ele><time>2026-10-01T13:03:28.000Z</time></trkpt><trkpt lat="-20.171329568791737" lon="57.49761483782197"><ele>47.7</ele><time>2026-10-01T13:03:29.000Z</time></trkpt><trkpt lat="-20.171329035458403" lon="57.497615371155305"><ele>47.7</ele><time>2026-10-01T13:03:30.000Z</time></trkpt><trkpt lat="-20.171326435458315" lon="57.4976150044886"><ele>47.7</ele><time>2026-10-01T13:03:31.000Z</time></trkpt><trkpt lat="-20.171321935458234" lon="57.497613171155265"><ele>47.7</ele><time>2026-10-01T13:03:32.000Z</time></trkpt><trkpt lat="-20.171316168791456" lon="57.49760997115523"><ele>47.7</ele><time>2026-10-01T13:03:33.000Z</time></trkpt><trkpt lat="-20.17131026879135" lon="57.49760563782191"><ele>47.9</ele><time>2026-10-01T13:03:34.000Z</time></trkpt><trkpt lat="-20.171304202124528" lon="57.49760043782195"><ele>47.9</ele><time>2026-10-01T13:03:35.000Z</time></trkpt><trkpt lat="-20.17129873545774" lon="57.497594571155346"><ele>47.9</ele><time>2026-10-01T13:03:36.000Z</time></trkpt><trkpt lat="-20.17129406879095" lon="57.49758943782202"><ele>47.9</ele><time>2026-10-01T13:03:37.000Z</time></trkpt><trkpt lat="-20.17129036879086" lon="57.49758360448876"><ele>47.9</ele><time>2026-10-01T13:03:38.000Z</time></trkpt><trkpt lat="-20.171288102124148" lon="57.49757743782213"><ele>48.6</ele><time>2026-10-01T13:03:39.000Z</time></trkpt><trkpt lat="-20.171287068790814" lon="57.49757080448883"><ele>48.6</ele><time>2026-10-01T13:03:40.000Z</time></trkpt><trkpt lat="-20.17128720212419" lon="57.497564671155565"><ele>48.6</ele><time>2026-10-01T13:03:41.000Z</time></trkpt><trkpt lat="-20.1712882687909" lon="57.49755853782231"><ele>48.6</ele><time>2026-10-01T13:03:42.000Z</time></trkpt><trkpt lat="-20.17128900212426" lon="57.49755320448899"><ele>48.6</ele><time>2026-10-01T13:03:43.000Z</time></trkpt><trkpt lat="-20.171289268790947" lon="57.49754880448902"><ele>49.3</ele><time>2026-10-01T13:03:44.000Z</time></trkpt><trkpt lat="-20.171289735457627" lon="57.497546204489026"><ele>49.3</ele><time>2026-10-01T13:03:45.000Z</time></trkpt><trkpt lat="-20.171290002124294" lon="57.49754457115567"><ele>49.3</ele><time>2026-10-01T13:03:46.000Z</time></trkpt><trkpt lat="-20.17129010212428" lon="57.497543204489"><ele>49.3</ele><time>2026-10-01T13:03:47.000Z</time></trkpt><trkpt lat="-20.17129133545763" lon="57.49754200448901"><ele>49.3</ele><time>2026-10-01T13:03:48.000Z</time></trkpt><trkpt lat="-20.171293735457624" lon="57.49753987115569"><ele>49.6</ele><time>2026-10-01T13:03:49.000Z</time></trkpt><trkpt lat="-20.171296168790967" lon="57.497537971155694"><ele>49.6</ele><time>2026-10-01T13:03:50.000Z</time></trkpt><trkpt lat="-20.171298602124306" lon="57.49753513782234"><ele>49.6</ele><time>2026-10-01T13:03:51.000Z</time></trkpt><trkpt lat="-20.171301068790996" lon="57.49753257115566"><ele>49.6</ele><time>2026-10-01T13:03:52.000Z</time></trkpt><trkpt lat="-20.171303168791002" lon="57.49753047115564"><ele>49.6</ele><time>2026-10-01T13:03:53.000Z</time></trkpt><trkpt lat="-20.17130396879103" lon="57.49752887115564"><ele>50.1</ele><time>2026-10-01T13:03:54.000Z</time></trkpt><trkpt lat="-20.171304435457706" lon="57.49752667115564"><ele>50.1</ele><time>2026-10-01T13:03:55.000Z</time></trkpt><trkpt lat="-20.171304768791053" lon="57.497524171155604"><ele>50.1</ele><time>2026-10-01T13:03:56.000Z</time></trkpt><trkpt lat="-20.171304668791056" lon="57.49752163782223"><ele>50.1</ele><time>2026-10-01T13:03:57.000Z</time></trkpt><trkpt lat="-20.171303568791025" lon="57.49751890448886"><ele>50.1</ele><time>2026-10-01T13:03:58.000Z</time></trkpt><trkpt lat="-20.17130180212434" lon="57.49751717115546"><ele>50.5</ele><time>2026-10-01T13:03:59.000Z</time></trkpt><trkpt lat="-20.171299568791" lon="57.497514337822096"><ele>50.5</ele><time>2026-10-01T13:04:00.000Z</time></trkpt><trkpt lat="-20.171297102124328" lon="57.497511871155425"><ele>50.5</ele><time>2026-10-01T13:04:01.000Z</time></trkpt><trkpt lat="-20.17129476879099" lon="57.49750857115538"><ele>50.5</ele><time>2026-10-01T13:04:02.000Z</time></trkpt><trkpt lat="-20.171292668790997" lon="57.49750400448867"><ele>50.5</ele><time>2026-10-01T13:04:03.000Z</time></trkpt><trkpt lat="-20.171290502124368" lon="57.497498571155255"><ele>50.6</ele><time>2026-10-01T13:04:04.000Z</time></trkpt><trkpt lat="-20.171287668791013" lon="57.49749367115512"><ele>50.6</ele><time>2026-10-01T13:04:05.000Z</time></trkpt><trkpt lat="-20.171284102124297" lon="57.497487571154934"><ele>50.6</ele><time>2026-10-01T13:04:06.000Z</time></trkpt><trkpt lat="-20.171280035457592" lon="57.49748143782144"><ele>50.6</ele><time>2026-10-01T13:04:07.000Z</time></trkpt><trkpt lat="-20.171276435457568" lon="57.49747537115464"><ele>50.6</ele><time>2026-10-01T13:04:08.000Z</time></trkpt><trkpt lat="-20.17127430212416" lon="57.4974698378212"><ele>50.7</ele><time>2026-10-01T13:04:09.000Z</time></trkpt><trkpt lat="-20.171273935457467" lon="57.497464337821114"><ele>50.7</ele><time>2026-10-01T13:04:10.000Z</time></trkpt><trkpt lat="-20.171274235457467" lon="57.49745957115442"><ele>50.7</ele><time>2026-10-01T13:04:11.000Z</time></trkpt><trkpt lat="-20.17127520212412" lon="57.49745493782105"><ele>50.7</ele><time>2026-10-01T13:04:12.000Z</time></trkpt><trkpt lat="-20.171276668790803" lon="57.49745063782101"><ele>50.7</ele><time>2026-10-01T13:04:13.000Z</time></trkpt><trkpt lat="-20.17127780212418" lon="57.49744490448761"><ele>50.9</ele><time>2026-10-01T13:04:14.000Z</time></trkpt><trkpt lat="-20.17127830212422" lon="57.497438337820824"><ele>50.9</ele><time>2026-10-01T13:04:15.000Z</time></trkpt><trkpt lat="-20.171278335457593" lon="57.497431371154015"><ele>50.9</ele><time>2026-10-01T13:04:16.000Z</time></trkpt><trkpt lat="-20.171277402124275" lon="57.49742417115385"><ele>50.9</ele><time>2026-10-01T13:04:17.000Z</time></trkpt><trkpt lat="-20.171274868790896" lon="57.497416804486974"><ele>50.9</ele><time>2026-10-01T13:04:18.000Z</time></trkpt><trkpt lat="-20.171271468790817" lon="57.49741000448684"><ele>51.0</ele><time>2026-10-01T13:04:19.000Z</time></trkpt><trkpt lat="-20.171267635457404" lon="57.49740320448675"><ele>51.0</ele><time>2026-10-01T13:04:20.000Z</time></trkpt><trkpt lat="-20.171264102123978" lon="57.49739697115331"><ele>51.0</ele><time>2026-10-01T13:04:21.000Z</time></trkpt><trkpt lat="-20.171260568790554" lon="57.497391204486554"><ele>51.0</ele><time>2026-10-01T13:04:22.000Z</time></trkpt><trkpt lat="-20.1712571354572" lon="57.4973852711531"><ele>51.0</ele><time>2026-10-01T13:04:23.000Z</time></trkpt><trkpt lat="-20.171253402123803" lon="57.497379571152976"><ele>51.5</ele><time>2026-10-01T13:04:24.000Z</time></trkpt><trkpt lat="-20.171249935457073" lon="57.497373904486224"><ele>51.5</ele><time>2026-10-01T13:04:25.000Z</time></trkpt><trkpt lat="-20.17124676879036" lon="57.49736757115285"><ele>51.5</ele><time>2026-10-01T13:04:26.000Z</time></trkpt><trkpt lat="-20.17124426879034" lon="57.49736200448617"><ele>51.5</ele><time>2026-10-01T13:04:27.000Z</time></trkpt><trkpt lat="-20.171243502123602" lon="57.49735740448621"><ele>51.5</ele><time>2026-10-01T13:04:28.000Z</time></trkpt><trkpt lat="-20.171243035456907" lon="57.49735320448623"><ele>52.3</ele><time>2026-10-01T13:04:29.000Z</time></trkpt><trkpt lat="-20.17124183545685" lon="57.497349804486205"><ele>52.3</ele><time>2026-10-01T13:04:30.000Z</time></trkpt><trkpt lat="-20.171239302123432" lon="57.49734707115283"><ele>52.3</ele><time>2026-10-01T13:04:31.000Z</time></trkpt><trkpt lat="-20.171235902123346" lon="57.49734317115279"><ele>52.3</ele><time>2026-10-01T13:04:32.000Z</time></trkpt><trkpt lat="-20.171230802123237" lon="57.497339104486095"><ele>52.3</ele><time>2026-10-01T13:04:33.000Z</time></trkpt><trkpt lat="-20.17122536878977" lon="57.49733457115265"><ele>52.6</ele><time>2026-10-01T13:04:34.000Z</time></trkpt><trkpt lat="-20.17121973545627" lon="57.49733003781921"><ele>52.6</ele><time>2026-10-01T13:04:35.000Z</time></trkpt><trkpt lat="-20.17121466878943" lon="57.49732557115243"><ele>52.6</ele><time>2026-10-01T13:04:36.000Z</time></trkpt><trkpt lat="-20.171209602122588" lon="57.49732130448568"><ele>52.6</ele><time>2026-10-01T13:04:37.000Z</time></trkpt><trkpt lat="-20.171204135455746" lon="57.49731650448558"><ele>52.6</ele><time>2026-10-01T13:04:38.000Z</time></trkpt><trkpt lat="-20.17119803545561" lon="57.49731137115212"><ele>52.9</ele><time>2026-10-01T13:04:39.000Z</time></trkpt><trkpt lat="-20.171191468788884" lon="57.49730517115198"><ele>52.9</ele><time>2026-10-01T13:04:40.000Z</time></trkpt><trkpt lat="-20.171184502122212" lon="57.4972980711518"><ele>52.9</ele><time>2026-10-01T13:04:41.000Z</time></trkpt><trkpt lat="-20.17117773545551" lon="57.49729053781829"><ele>52.9</ele><time>2026-10-01T13:04:42.000Z</time></trkpt><trkpt lat="-20.171170735455465" lon="57.49728250448477"><ele>52.9</ele><time>2026-10-01T13:04:43.000Z</time></trkpt><trkpt lat="-20.171163935455446" lon="57.497274204484654"><ele>52.9</ele><time>2026-10-01T13:04:44.000Z</time></trkpt><trkpt lat="-20.171158568788723" lon="57.49726610448458"><ele>52.9</ele><time>2026-10-01T13:04:45.000Z</time></trkpt><trkpt lat="-20.17115360212195" lon="57.49725827115128"><ele>52.9</ele><time>2026-10-01T13:04:46.000Z</time></trkpt><trkpt lat="-20.171148802121884" lon="57.497250271151245"><ele>52.9</ele><time>2026-10-01T13:04:47.000Z</time></trkpt><trkpt lat="-20.171144968788525" lon="57.497242571151176"><ele>52.9</ele><time>2026-10-01T13:04:48.000Z</time></trkpt><trkpt lat="-20.17114266878848" lon="57.497234937817744"><ele>52.8</ele><time>2026-10-01T13:04:49.000Z</time></trkpt><trkpt lat="-20.171140768788447" lon="57.49722733781759"><ele>52.8</ele><time>2026-10-01T13:04:50.000Z</time></trkpt><trkpt lat="-20.171140635455124" lon="57.497220971150725"><ele>52.8</ele><time>2026-10-01T13:04:51.000Z</time></trkpt><trkpt lat="-20.171141202121795" lon="57.49721617115057"><ele>52.8</ele><time>2026-10-01T13:04:52.000Z</time></trkpt><trkpt lat="-20.171141802121785" lon="57.497212304483824"><ele>52.8</ele><time>2026-10-01T13:04:53.000Z</time></trkpt><trkpt lat="-20.171142502121786" lon="57.497210171150435"><ele>52.7</ele><time>2026-10-01T13:04:54.000Z</time></trkpt><trkpt lat="-20.171143068788453" lon="57.49720963781708"><ele>52.7</ele><time>2026-10-01T13:04:55.000Z</time></trkpt><trkpt lat="-20.17114283545512" lon="57.497209437817084"><ele>52.7</ele><time>2026-10-01T13:04:56.000Z</time></trkpt><trkpt lat="-20.17114273545512" lon="57.49720783781712"><ele>52.7</ele><time>2026-10-01T13:04:57.000Z</time></trkpt><trkpt lat="-20.171143002121802" lon="57.49720543781717"><ele>52.7</ele><time>2026-10-01T13:04:58.000Z</time></trkpt><trkpt lat="-20.171142002121783" lon="57.497201104483814"><ele>52.8</ele><time>2026-10-01T13:04:59.000Z</time></trkpt><trkpt lat="-20.171141168788434" lon="57.49719510448377"><ele>52.8</ele><time>2026-10-01T13:05:00.000Z</time></trkpt><trkpt lat="-20.171141235455046" lon="57.497188037817"><ele>52.8</ele><time>2026-10-01T13:05:01.000Z</time></trkpt><trkpt lat="-20.17114130212166" lon="57.497181071150166"><ele>52.8</ele><time>2026-10-01T13:05:02.000Z</time></trkpt><trkpt lat="-20.17114156878828" lon="57.49717367114995"><ele>52.8</ele><time>2026-10-01T13:05:03.000Z</time></trkpt><trkpt lat="-20.17114276878824" lon="57.49716653781648"><ele>52.9</ele><time>2026-10-01T13:05:04.000Z</time></trkpt><trkpt lat="-20.171143768788202" lon="57.497159971149685"><ele>52.9</ele><time>2026-10-01T13:05:05.000Z</time></trkpt><trkpt lat="-20.171143535454867" lon="57.49715273781631"><ele>52.9</ele><time>2026-10-01T13:05:06.000Z</time></trkpt><trkpt lat="-20.171142402121518" lon="57.49714483781618"><ele>52.9</ele><time>2026-10-01T13:05:07.000Z</time></trkpt><trkpt lat="-20.17114043545482" lon="57.49713720448275"><ele>52.9</ele><time>2026-10-01T13:05:08.000Z</time></trkpt><trkpt lat="-20.171137202121464" lon="57.49712963781597"><ele>53.4</ele><time>2026-10-01T13:05:09.000Z</time></trkpt><trkpt lat="-20.171132835454795" lon="57.49712143781587"><ele>53.4</ele><time>2026-10-01T13:05:10.000Z</time></trkpt><trkpt lat="-20.17112796878814" lon="57.49711283781562"><ele>53.4</ele><time>2026-10-01T13:05:11.000Z</time></trkpt><trkpt lat="-20.1711239021215" lon="57.4971046378155"><ele>53.4</ele><time>2026-10-01T13:05:12.000Z</time></trkpt><trkpt lat="-20.171120502121546" lon="57.49709603781539"><ele>53.4</ele><time>2026-10-01T13:05:13.000Z</time></trkpt><trkpt lat="-20.171118702121593" lon="57.4970877711486"><ele>54.2</ele><time>2026-10-01T13:05:14.000Z</time></trkpt><trkpt lat="-20.171118935454913" lon="57.49708030448183"><ele>54.2</ele><time>2026-10-01T13:05:15.000Z</time></trkpt><trkpt lat="-20.171120368788237" lon="57.49707350448182"><ele>54.2</ele><time>2026-10-01T13:05:16.000Z</time></trkpt><trkpt lat="-20.171122935454857" lon="57.497067404481825"><ele>54.2</ele><time>2026-10-01T13:05:17.000Z</time></trkpt><trkpt lat="-20.17112633545484" lon="57.49706220448176"><ele>54.2</ele><time>2026-10-01T13:05:18.000Z</time></trkpt><trkpt lat="-20.17113023545484" lon="57.49705717114839"><ele>54.6</ele><time>2026-10-01T13:05:19.000Z</time></trkpt><trkpt lat="-20.171133802121528" lon="57.49705160448168"><ele>54.6</ele><time>2026-10-01T13:05:20.000Z</time></trkpt><trkpt lat="-20.171137868788232" lon="57.49704677114828"><ele>54.6</ele><time>2026-10-01T13:05:21.000Z</time></trkpt><trkpt lat="-20.17114150212167" lon="57.497042137814866"><ele>54.6</ele><time>2026-10-01T13:05:22.000Z</time></trkpt><trkpt lat="-20.17114460212175" lon="57.49703750448147"><ele>54.6</ele><time>2026-10-01T13:05:23.000Z</time></trkpt><trkpt lat="-20.17114770212182" lon="57.497032871148086"><ele>55.2</ele><time>2026-10-01T13:05:24.000Z</time></trkpt><trkpt lat="-20.1711508021219" lon="57.497028771148095"><ele>55.2</ele><time>2026-10-01T13:05:25.000Z</time></trkpt><trkpt lat="-20.17115366878863" lon="57.49702517114814"><ele>55.2</ele><time>2026-10-01T13:05:26.000Z</time></trkpt><trkpt lat="-20.171156168788677" lon="57.49702160448152"><ele>55.2</ele><time>2026-10-01T13:05:27.000Z</time></trkpt><trkpt lat="-20.171159802122066" lon="57.4970178711482"><ele>55.2</ele><time>2026-10-01T13:05:28.000Z</time></trkpt><trkpt lat="-20.171163902122146" lon="57.49701390448147"><ele>55.8</ele><time>2026-10-01T13:05:29.000Z</time></trkpt><trkpt lat="-20.171168535455557" lon="57.497009337814674"><ele>55.8</ele><time>2026-10-01T13:05:30.000Z</time></trkpt><trkpt lat="-20.17117403545567" lon="57.4970025044812"><ele>55.8</ele><time>2026-10-01T13:05:31.000Z</time></trkpt><trkpt lat="-20.171180135455806" lon="57.49699463781442"><ele>55.8</ele><time>2026-10-01T13:05:32.000Z</time></trkpt><trkpt lat="-20.171185135455953" lon="57.496986571147715"><ele>55.8</ele><time>2026-10-01T13:05:33.000Z</time></trkpt><trkpt lat="-20.171189535456072" lon="57.49697797114767"><ele>56.2</ele><time>2026-10-01T13:05:34.000Z</time></trkpt><trkpt lat="-20.171193735456164" lon="57.49696967114769"><ele>56.2</ele><time>2026-10-01T13:05:35.000Z</time></trkpt><trkpt lat="-20.171197235456216" lon="57.49696347114773"><ele>56.2</ele><time>2026-10-01T13:05:36.000Z</time></trkpt><trkpt lat="-20.17120013545624" lon="57.49695793781437"><ele>56.2</ele><time>2026-10-01T13:05:37.000Z</time></trkpt><trkpt lat="-20.171203135456246" lon="57.49695260448099"><ele>56.2</ele><time>2026-10-01T13:05:38.000Z</time></trkpt><trkpt lat="-20.171205768789573" lon="57.49694807114763"><ele>57.0</ele><time>2026-10-01T13:05:39.000Z</time></trkpt><trkpt lat="-20.171207835456276" lon="57.49694403781427"><ele>57.0</ele><time>2026-10-01T13:05:40.000Z</time></trkpt><trkpt lat="-20.17120936878964" lon="57.496939771147524"><ele>57.0</ele><time>2026-10-01T13:05:41.000Z</time></trkpt><trkpt lat="-20.171211235456312" lon="57.496936071147466"><ele>57.0</ele><time>2026-10-01T13:05:42.000Z</time></trkpt><trkpt lat="-20.171213568789653" lon="57.49693287114741"><ele>57.0</ele><time>2026-10-01T13:05:43.000Z</time></trkpt><trkpt lat="-20.17121570212298" lon="57.49692910448075"><ele>57.9</ele><time>2026-10-01T13:05:44.000Z</time></trkpt><trkpt lat="-20.171217235456304" lon="57.496924171147384"><ele>57.9</ele><time>2026-10-01T13:05:45.000Z</time></trkpt><trkpt lat="-20.17121790212293" lon="57.496918637814005"><ele>57.9</ele><time>2026-10-01T13:05:46.000Z</time></trkpt><trkpt lat="-20.171217568789555" lon="57.49691253781399"><ele>57.9</ele><time>2026-10-01T13:05:47.000Z</time></trkpt><trkpt lat="-20.17121626878951" lon="57.49690507114733"><ele>57.9</ele><time>2026-10-01T13:05:48.000Z</time></trkpt><trkpt lat="-20.171214168789454" lon="57.496898004480684"><ele>58.3</ele><time>2026-10-01T13:05:49.000Z</time></trkpt><trkpt lat="-20.17121156878938" lon="57.49689067114728"><ele>58.3</ele><time>2026-10-01T13:05:50.000Z</time></trkpt><trkpt lat="-20.17120846878934" lon="57.49688300448063"><ele>58.3</ele><time>2026-10-01T13:05:51.000Z</time></trkpt><trkpt lat="-20.171204335455986" lon="57.49687573781392"><ele>58.3</ele><time>2026-10-01T13:05:52.000Z</time></trkpt><trkpt lat="-20.17119983545596" lon="57.49686913781388"><ele>58.3</ele><time>2026-10-01T13:05:53.000Z</time></trkpt><trkpt lat="-20.171194868789236" lon="57.49686270448043"><ele>59.1</ele><time>2026-10-01T13:05:54.000Z</time></trkpt><trkpt lat="-20.171189335455857" lon="57.496857071147055"><ele>59.1</ele><time>2026-10-01T13:05:55.000Z</time></trkpt><trkpt lat="-20.171183502122496" lon="57.496851171147"><ele>59.1</ele><time>2026-10-01T13:05:56.000Z</time></trkpt><trkpt lat="-20.171177968789117" lon="57.49684520448034"><ele>59.1</ele><time>2026-10-01T13:05:57.000Z</time></trkpt><trkpt lat="-20.171171202122363" lon="57.49683940448028"><ele>59.1</ele><time>2026-10-01T13:05:58.000Z</time></trkpt><trkpt lat="-20.17116433545565" lon="57.49683383781362"><ele>59.9</ele><time>2026-10-01T13:05:59.000Z</time></trkpt><trkpt lat="-20.171157768788923" lon="57.49682843781362"><ele>59.9</ele><time>2026-10-01T13:06:00.000Z</time></trkpt><trkpt lat="-20.17115133545548" lon="57.49682383781355"><ele>59.9</ele><time>2026-10-01T13:06:01.000Z</time></trkpt><trkpt lat="-20.171144602122048" lon="57.49681833781349"><ele>59.9</ele><time>2026-10-01T13:06:02.000Z</time></trkpt><trkpt lat="-20.171137868788612" lon="57.49681293781348"><ele>59.9</ele><time>2026-10-01T13:06:03.000Z</time></trkpt><trkpt lat="-20.17113113545518" lon="57.49680787114678"><ele>60.2</ele><time>2026-10-01T13:06:04.000Z</time></trkpt><trkpt lat="-20.171124602121775" lon="57.49680427114678"><ele>60.2</ele><time>2026-10-01T13:06:05.000Z</time></trkpt><trkpt lat="-20.171119868788402" lon="57.49680110448016"><ele>60.2</ele><time>2026-10-01T13:06:06.000Z</time></trkpt><trkpt lat="-20.171115468788336" lon="57.496799037813545"><ele>60.2</ele><time>2026-10-01T13:06:07.000Z</time></trkpt><trkpt lat="-20.171112168788316" lon="57.49679613781352"><ele>60.2</ele><time>2026-10-01T13:06:08.000Z</time></trkpt><trkpt lat="-20.171109435454945" lon="57.496792571146806"><ele>60.4</ele><time>2026-10-01T13:06:09.000Z</time></trkpt><trkpt lat="-20.171106068788173" lon="57.49678827114677"><ele>60.4</ele><time>2026-10-01T13:06:10.000Z</time></trkpt><trkpt lat="-20.171101368788065" lon="57.4967825378133"><ele>60.4</ele><time>2026-10-01T13:06:11.000Z</time></trkpt><trkpt lat="-20.171096402121293" lon="57.49677517114638"><ele>60.4</ele><time>2026-10-01T13:06:12.000Z</time></trkpt><trkpt lat="-20.171090602121144" lon="57.496768104479465"><ele>60.4</ele><time>2026-10-01T13:06:13.000Z</time></trkpt><trkpt lat="-20.17108376878775" lon="57.49676070447921"><ele>60.5</ele><time>2026-10-01T13:06:14.000Z</time></trkpt><trkpt lat="-20.171077068787746" lon="57.49675277114562"><ele>60.5</ele><time>2026-10-01T13:06:15.000Z</time></trkpt><trkpt lat="-20.171070235454348" lon="57.49674563781216"><ele>60.5</ele><time>2026-10-01T13:06:16.000Z</time></trkpt><trkpt lat="-20.171063202120926" lon="57.49673980447881"><ele>60.5</ele><time>2026-10-01T13:06:17.000Z</time></trkpt><trkpt lat="-20.17105673545416" lon="57.49673423781219"><ele>60.5</ele><time>2026-10-01T13:06:18.000Z</time></trkpt><trkpt lat="-20.171050602120594" lon="57.496728171145534"><ele>60.5</ele><time>2026-10-01T13:06:19.000Z</time></trkpt><trkpt lat="-20.171044402120387" lon="57.49672183781225"><ele>60.5</ele><time>2026-10-01T13:06:20.000Z</time></trkpt><trkpt lat="-20.171037635453523" lon="57.496715971145605"><ele>60.5</ele><time>2026-10-01T13:06:21.000Z</time></trkpt><trkpt lat="-20.1710312354534" lon="57.49670917114561"><ele>60.5</ele><time>2026-10-01T13:06:22.000Z</time></trkpt><trkpt lat="-20.17102390211988" lon="57.496702104478956"><ele>60.5</ele><time>2026-10-01T13:06:23.000Z</time></trkpt><trkpt lat="-20.171016202119738" lon="57.49669540447904"><ele>60.4</ele><time>2026-10-01T13:06:24.000Z</time></trkpt><trkpt lat="-20.171008202119502" lon="57.49668830447911"><ele>60.4</ele><time>2026-10-01T13:06:25.000Z</time></trkpt><trkpt lat="-20.171001235452614" lon="57.49668053781251"><ele>60.4</ele><time>2026-10-01T13:06:26.000Z</time></trkpt><trkpt lat="-20.170994968785713" lon="57.4966722378126"><ele>60.4</ele><time>2026-10-01T13:06:27.000Z</time></trkpt><trkpt lat="-20.170991302118956" lon="57.49666433781268"><ele>60.4</ele><time>2026-10-01T13:06:28.000Z</time></trkpt><trkpt lat="-20.170989668785552" lon="57.496657171146055"><ele>60.4</ele><time>2026-10-01T13:06:29.000Z</time></trkpt><trkpt lat="-20.17098956878555" lon="57.49665037114611"><ele>60.4</ele><time>2026-10-01T13:06:30.000Z</time></trkpt><trkpt lat="-20.170990602118913" lon="57.49664463781282"><ele>60.4</ele><time>2026-10-01T13:06:31.000Z</time></trkpt><trkpt lat="-20.170992202118946" lon="57.496640537812844"><ele>60.4</ele><time>2026-10-01T13:06:32.000Z</time></trkpt><trkpt lat="-20.170993335452284" lon="57.496636104479464"><ele>60.4</ele><time>2026-10-01T13:06:33.000Z</time></trkpt><trkpt lat="-20.170994935452285" lon="57.496631504479446"><ele>60.4</ele><time>2026-10-01T13:06:34.000Z</time></trkpt><trkpt lat="-20.170997502118958" lon="57.49662660447935"><ele>60.4</ele><time>2026-10-01T13:06:35.000Z</time></trkpt><trkpt lat="-20.170999868785657" lon="57.496621237812555"><ele>60.4</ele><time>2026-10-01T13:06:36.000Z</time></trkpt><trkpt lat="-20.171002702119036" lon="57.49661513781247"><ele>60.4</ele><time>2026-10-01T13:06:37.000Z</time></trkpt><trkpt lat="-20.17100563545243" lon="57.496608537812406"><ele>60.4</ele><time>2026-10-01T13:06:38.000Z</time></trkpt><trkpt lat="-20.171007835452492" lon="57.49660047114573"><ele>60.7</ele><time>2026-10-01T13:06:39.000Z</time></trkpt><trkpt lat="-20.17100886878587" lon="57.49659190447899"><ele>60.7</ele><time>2026-10-01T13:06:40.000Z</time></trkpt><trkpt lat="-20.17100943545255" lon="57.49658267114562"><ele>60.7</ele><time>2026-10-01T13:06:41.000Z</time></trkpt><trkpt lat="-20.171009335452545" lon="57.49657207114558"><ele>60.7</ele><time>2026-10-01T13:06:42.000Z</time></trkpt><trkpt lat="-20.171009435452515" lon="57.49656147114555"><ele>60.7</ele><time>2026-10-01T13:06:43.000Z</time></trkpt><trkpt lat="-20.171009702119154" lon="57.496550904478866"><ele>61.6</ele><time>2026-10-01T13:06:44.000Z</time></trkpt><trkpt lat="-20.171010468785806" lon="57.49654043781224"><ele>61.6</ele><time>2026-10-01T13:06:45.000Z</time></trkpt><trkpt lat="-20.171011868785808" lon="57.496529371145655"><ele>61.6</ele><time>2026-10-01T13:06:46.000Z</time></trkpt><trkpt lat="-20.17101476878587" lon="57.49651937114574"><ele>61.6</ele><time>2026-10-01T13:06:47.000Z</time></trkpt><trkpt lat="-20.171018402119294" lon="57.496510571145826"><ele>61.6</ele><time>2026-10-01T13:06:48.000Z</time></trkpt><trkpt lat="-20.171024135452697" lon="57.49650330447919"><ele>62.2</ele><time>2026-10-01T13:06:49.000Z</time></trkpt><trkpt lat="-20.17103120211949" lon="57.496497871145934"><ele>62.2</ele><time>2026-10-01T13:06:50.000Z</time></trkpt><trkpt lat="-20.171039268786263" lon="57.496495037812664"><ele>62.2</ele><time>2026-10-01T13:06:51.000Z</time></trkpt><trkpt lat="-20.17104793545301" lon="57.496493771146035"><ele>62.2</ele><time>2026-10-01T13:06:52.000Z</time></trkpt><trkpt lat="-20.171057402119864" lon="57.4964941711461"><ele>62.2</ele><time>2026-10-01T13:06:53.000Z</time></trkpt><trkpt lat="-20.171066068786715" lon="57.49649577114617"><ele>63.3</ele><time>2026-10-01T13:06:54.000Z</time></trkpt><trkpt lat="-20.171074835453528" lon="57.49649797114627"><ele>63.3</ele><time>2026-10-01T13:06:55.000Z</time></trkpt><trkpt lat="-20.171083002120366" lon="57.49650050447966"><ele>63.3</ele><time>2026-10-01T13:06:56.000Z</time></trkpt><trkpt lat="-20.171091002120498" lon="57.49650447114642"><ele>63.3</ele><time>2026-10-01T13:06:57.000Z</time></trkpt><trkpt lat="-20.171098702120425" lon="57.4965087711465"><ele>63.3</ele><time>2026-10-01T13:06:58.000Z</time></trkpt><trkpt lat="-20.171105902120342" lon="57.49651323781323"><ele>64.4</ele><time>2026-10-01T13:06:59.000Z</time></trkpt><trkpt lat="-20.17111273545363" lon="57.496518071146625"><ele>64.4</ele><time>2026-10-01T13:07:00.000Z</time></trkpt><trkpt lat="-20.17112030212028" lon="57.49652367114671"><ele>64.4</ele><time>2026-10-01T13:07:01.000Z</time></trkpt><trkpt lat="-20.17112726878695" lon="57.496529204480126"><ele>64.4</ele><time>2026-10-01T13:07:02.000Z</time></trkpt><trkpt lat="-20.17113310212037" lon="57.4965345044802"><ele>64.4</ele><time>2026-10-01T13:07:03.000Z</time></trkpt><trkpt lat="-20.17113936878716" lon="57.49654010448027"><ele>64.8</ele><time>2026-10-01T13:07:04.000Z</time></trkpt><trkpt lat="-20.17114576878723" lon="57.49654523781364"><ele>64.8</ele><time>2026-10-01T13:07:05.000Z</time></trkpt><trkpt lat="-20.17115120212059" lon="57.49654930448033"><ele>64.8</ele><time>2026-10-01T13:07:06.000Z</time></trkpt><trkpt lat="-20.17115706878733" lon="57.49655343781369"><ele>64.8</ele><time>2026-10-01T13:07:07.000Z</time></trkpt><trkpt lat="-20.171163635454054" lon="57.496557037813716"><ele>64.8</ele><time>2026-10-01T13:07:08.000Z</time></trkpt><trkpt lat="-20.171169202120776" lon="57.496559637813746"><ele>65.7</ele><time>2026-10-01T13:07:09.000Z</time></trkpt><trkpt lat="-20.171175002120847" lon="57.49656303781379"><ele>65.7</ele><time>2026-10-01T13:07:10.000Z</time></trkpt><trkpt lat="-20.171181368787575" lon="57.49656780448049"><ele>65.7</ele><time>2026-10-01T13:07:11.000Z</time></trkpt><trkpt lat="-20.17118656878756" lon="57.496572571147226"><ele>65.7</ele><time>2026-10-01T13:07:12.000Z</time></trkpt><trkpt lat="-20.17119083545424" lon="57.49657740448062"><ele>65.7</ele><time>2026-10-01T13:07:13.000Z</time></trkpt><trkpt lat="-20.17119603545428" lon="57.49658420448071"><ele>66.3</ele><time>2026-10-01T13:07:14.000Z</time></trkpt><trkpt lat="-20.171201035454295" lon="57.496591637814184"><ele>66.3</ele><time>2026-10-01T13:07:15.000Z</time></trkpt><trkpt lat="-20.171205968787667" lon="57.496597571147674"><ele>66.3</ele><time>2026-10-01T13:07:16.000Z</time></trkpt><trkpt lat="-20.17120986878769" lon="57.49660247114777"><ele>66.3</ele><time>2026-10-01T13:07:17.000Z</time></trkpt><trkpt lat="-20.17121490212105" lon="57.49660773781453"><ele>66.3</ele><time>2026-10-01T13:07:18.000Z</time></trkpt><trkpt lat="-20.171220635454347" lon="57.49661250448128"><ele>66.5</ele><time>2026-10-01T13:07:19.000Z</time></trkpt><trkpt lat="-20.17122650212103" lon="57.49661683781462"><ele>66.5</ele><time>2026-10-01T13:07:20.000Z</time></trkpt><trkpt lat="-20.17123270212102" lon="57.49662143781463"><ele>66.5</ele><time>2026-10-01T13:07:21.000Z</time></trkpt><trkpt lat="-20.171241468787834" lon="57.496626837814645"><ele>66.5</ele><time>2026-10-01T13:07:22.000Z</time></trkpt><trkpt lat="-20.1712514354547" lon="57.49663153781463"><ele>66.5</ele><time>2026-10-01T13:07:23.000Z</time></trkpt><trkpt lat="-20.171261335454933" lon="57.49663577114793"><ele>66.9</ele><time>2026-10-01T13:07:24.000Z</time></trkpt><trkpt lat="-20.171271368788442" lon="57.49663893781458"><ele>66.9</ele><time>2026-10-01T13:07:25.000Z</time></trkpt><trkpt lat="-20.171281235455353" lon="57.496642537814616"><ele>66.9</ele><time>2026-10-01T13:07:26.000Z</time></trkpt><trkpt lat="-20.171290368788796" lon="57.49664627114801"><ele>66.9</ele><time>2026-10-01T13:07:27.000Z</time></trkpt><trkpt lat="-20.171297835455483" lon="57.49665040448141"><ele>66.9</ele><time>2026-10-01T13:07:28.000Z</time></trkpt><trkpt lat="-20.17130443545553" lon="57.49665367114816"><ele>67.0</ele><time>2026-10-01T13:07:29.000Z</time></trkpt><trkpt lat="-20.17131016878893" lon="57.49665647114823"><ele>67.0</ele><time>2026-10-01T13:07:30.000Z</time></trkpt><trkpt lat="-20.17131506878896" lon="57.49665887114829"><ele>67.0</ele><time>2026-10-01T13:07:31.000Z</time></trkpt><trkpt lat="-20.17132156878899" lon="57.49666200448179"><ele>67.0</ele><time>2026-10-01T13:07:32.000Z</time></trkpt><trkpt lat="-20.17132830212237" lon="57.49666570448194"><ele>67.0</ele><time>2026-10-01T13:07:33.000Z</time></trkpt><trkpt lat="-20.171334468789095" lon="57.49666967114875"><ele>67.1</ele><time>2026-10-01T13:07:34.000Z</time></trkpt><trkpt lat="-20.171339902122472" lon="57.496674704482245"><ele>67.1</ele><time>2026-10-01T13:07:35.000Z</time></trkpt><trkpt lat="-20.171345002122514" lon="57.49667927114903"><ele>67.1</ele><time>2026-10-01T13:07:36.000Z</time></trkpt><trkpt lat="-20.171349968789276" lon="57.49668237114905"><ele>67.1</ele><time>2026-10-01T13:07:37.000Z</time></trkpt><trkpt lat="-20.171354068789395" lon="57.496685437815714"><ele>67.1</ele><time>2026-10-01T13:07:38.000Z</time></trkpt><trkpt lat="-20.171359035456156" lon="57.49668920448236"><ele>67.0</ele><time>2026-10-01T13:07:39.000Z</time></trkpt><trkpt lat="-20.171365702122976" lon="57.496693737815676"><ele>67.0</ele><time>2026-10-01T13:07:40.000Z</time></trkpt><trkpt lat="-20.171373902123136" lon="57.49669973781565"><ele>67.0</ele><time>2026-10-01T13:07:41.000Z</time></trkpt><trkpt lat="-20.171380568789928" lon="57.49670603781559"><ele>67.0</ele><time>2026-10-01T13:07:42.000Z</time></trkpt><trkpt lat="-20.171387835456695" lon="57.49671220448223"><ele>67.0</ele><time>2026-10-01T13:07:43.000Z</time></trkpt><trkpt lat="-20.171395402123455" lon="57.49671853781557"><ele>66.9</ele><time>2026-10-01T13:07:44.000Z</time></trkpt><trkpt lat="-20.171403902123494" lon="57.49672350448223"><ele>66.9</ele><time>2026-10-01T13:07:45.000Z</time></trkpt><trkpt lat="-20.171412202123502" lon="57.49672770448225"><ele>66.9</ele><time>2026-10-01T13:07:46.000Z</time></trkpt><trkpt lat="-20.171420902123568" lon="57.496732571148996"><ele>66.9</ele><time>2026-10-01T13:07:47.000Z</time></trkpt><trkpt lat="-20.17143033545689" lon="57.49673707114907"><ele>66.9</ele><time>2026-10-01T13:07:48.000Z</time></trkpt><trkpt lat="-20.171439235456877" lon="57.496741371149156"><ele>67.0</ele><time>2026-10-01T13:07:49.000Z</time></trkpt><trkpt lat="-20.171447102123512" lon="57.496747137815916"><ele>67.0</ele><time>2026-10-01T13:07:50.000Z</time></trkpt><trkpt lat="-20.171455268790243" lon="57.49675313781604"><ele>67.0</ele><time>2026-10-01T13:07:51.000Z</time></trkpt><trkpt lat="-20.17146286879021" lon="57.49675917114943"><ele>67.0</ele><time>2026-10-01T13:07:52.000Z</time></trkpt><trkpt lat="-20.171470668790313" lon="57.49676583781611"><ele>67.0</ele><time>2026-10-01T13:07:53.000Z</time></trkpt><trkpt lat="-20.1714790687905" lon="57.496773204482736"><ele>67.2</ele><time>2026-10-01T13:07:54.000Z</time></trkpt><trkpt lat="-20.171487635457286" lon="57.496780237816"><ele>67.2</ele><time>2026-10-01T13:07:55.000Z</time></trkpt><trkpt lat="-20.171495502124028" lon="57.4967862378159"><ele>67.2</ele><time>2026-10-01T13:07:56.000Z</time></trkpt><trkpt lat="-20.171503735457506" lon="57.49679150448251"><ele>67.2</ele><time>2026-10-01T13:07:57.000Z</time></trkpt><trkpt lat="-20.171512002124196" lon="57.496797404482415"><ele>67.2</ele><time>2026-10-01T13:07:58.000Z</time></trkpt><trkpt lat="-20.171519535457524" lon="57.49680280448238"><ele>67.4</ele><time>2026-10-01T13:07:59.000Z</time></trkpt><trkpt lat="-20.171526235457634" lon="57.49680780448239"><ele>67.4</ele><time>2026-10-01T13:08:00.000Z</time></trkpt><trkpt lat="-20.17153343545776" lon="57.49681377114903"><ele>67.4</ele><time>2026-10-01T13:08:01.000Z</time></trkpt><trkpt lat="-20.171540735457846" lon="57.496820171148975"><ele>67.4</ele><time>2026-10-01T13:08:02.000Z</time></trkpt><trkpt lat="-20.17154746879139" lon="57.4968256044823"><ele>67.4</ele><time>2026-10-01T13:08:03.000Z</time></trkpt><trkpt lat="-20.171554802124906" lon="57.496830971148896"><ele>67.4</ele><time>2026-10-01T13:08:04.000Z</time></trkpt><trkpt lat="-20.171562468791727" lon="57.49683660448211"><ele>67.4</ele><time>2026-10-01T13:08:05.000Z</time></trkpt><trkpt lat="-20.17157033545858" lon="57.49684310448214"><ele>67.4</ele><time>2026-10-01T13:08:06.000Z</time></trkpt><trkpt lat="-20.171578568792057" lon="57.49684957114887"><ele>67.4</ele><time>2026-10-01T13:08:07.000Z</time></trkpt><trkpt lat="-20.17158710212552" lon="57.496856171149"><ele>67.4</ele><time>2026-10-01T13:08:08.000Z</time></trkpt><trkpt lat="-20.171595502125605" lon="57.496862671149174"><ele>67.3</ele><time>2026-10-01T13:08:09.000Z</time></trkpt><trkpt lat="-20.171604268792308" lon="57.4968690378161"><ele>67.3</ele><time>2026-10-01T13:08:10.000Z</time></trkpt><trkpt lat="-20.171612602125638" lon="57.496875071149574"><ele>67.3</ele><time>2026-10-01T13:08:11.000Z</time></trkpt><trkpt lat="-20.171620935458968" lon="57.49688130448307"><ele>67.3</ele><time>2026-10-01T13:08:12.000Z</time></trkpt><trkpt lat="-20.171629002125634" lon="57.49688733781657"><ele>67.3</ele><time>2026-10-01T13:08:13.000Z</time></trkpt><trkpt lat="-20.171637002125653" lon="57.49689253781672"><ele>67.0</ele><time>2026-10-01T13:08:14.000Z</time></trkpt><trkpt lat="-20.171644968792357" lon="57.496896604483496"><ele>67.0</ele><time>2026-10-01T13:08:15.000Z</time></trkpt><trkpt lat="-20.171652502125685" lon="57.49689923781692"><ele>67.0</ele><time>2026-10-01T13:08:16.000Z</time></trkpt><trkpt lat="-20.171659502125678" lon="57.49690073781697"><ele>67.0</ele><time>2026-10-01T13:08:17.000Z</time></trkpt><trkpt lat="-20.171666402125602" lon="57.496902937817026"><ele>67.0</ele><time>2026-10-01T13:08:18.000Z</time></trkpt><trkpt lat="-20.171674168792283" lon="57.49690663781708"><ele>66.8</ele><time>2026-10-01T13:08:19.000Z</time></trkpt><trkpt lat="-20.171681835458998" lon="57.49691073781713"><ele>66.8</ele><time>2026-10-01T13:08:20.000Z</time></trkpt><trkpt lat="-20.171690035459047" lon="57.49691560448391"><ele>66.8</ele><time>2026-10-01T13:08:21.000Z</time></trkpt><trkpt lat="-20.171698235459097" lon="57.496920971150686"><ele>66.8</ele><time>2026-10-01T13:08:22.000Z</time></trkpt><trkpt lat="-20.17170726879258" lon="57.496925371150795"><ele>66.8</ele><time>2026-10-01T13:08:23.000Z</time></trkpt><trkpt lat="-20.171715102126004" lon="57.49692747115087"><ele>66.6</ele><time>2026-10-01T13:08:24.000Z</time></trkpt><trkpt lat="-20.171723468792763" lon="57.49693000448426"><ele>66.6</ele><time>2026-10-01T13:08:25.000Z</time></trkpt><trkpt lat="-20.171732368792856" lon="57.49693287115093"><ele>66.6</ele><time>2026-10-01T13:08:26.000Z</time></trkpt><trkpt lat="-20.171741602126364" lon="57.496936604484304"><ele>66.6</ele><time>2026-10-01T13:08:27.000Z</time></trkpt><trkpt lat="-20.17174963545981" lon="57.49694133781763"><ele>66.6</ele><time>2026-10-01T13:08:28.000Z</time></trkpt><trkpt lat="-20.17175823545992" lon="57.496947904484365"><ele>66.5</ele><time>2026-10-01T13:08:29.000Z</time></trkpt><trkpt lat="-20.171766368793328" lon="57.496955071151135"><ele>66.5</ele><time>2026-10-01T13:08:30.000Z</time></trkpt><trkpt lat="-20.171773735460057" lon="57.496962771151246"><ele>66.5</ele><time>2026-10-01T13:08:31.000Z</time></trkpt><trkpt lat="-20.171780468793383" lon="57.49697053781798"><ele>66.5</ele><time>2026-10-01T13:08:32.000Z</time></trkpt><trkpt lat="-20.171787802126683" lon="57.49697757115143"><ele>66.5</ele><time>2026-10-01T13:08:33.000Z</time></trkpt><trkpt lat="-20.171795368793333" lon="57.49698467115154"><ele>66.4</ele><time>2026-10-01T13:08:34.000Z</time></trkpt><trkpt lat="-20.171802902126664" lon="57.49699183781827"><ele>66.4</ele><time>2026-10-01T13:08:35.000Z</time></trkpt><trkpt lat="-20.171810935460115" lon="57.496998704484994"><ele>66.4</ele><time>2026-10-01T13:08:36.000Z</time></trkpt><trkpt lat="-20.171819268793552" lon="57.4970049711517"><ele>66.4</ele><time>2026-10-01T13:08:37.000Z</time></trkpt><trkpt lat="-20.171827268793685" lon="57.49701190448506"><ele>66.4</ele><time>2026-10-01T13:08:38.000Z</time></trkpt><trkpt lat="-20.171835368793886" lon="57.49701900448506"><ele>66.4</ele><time>2026-10-01T13:08:39.000Z</time></trkpt><trkpt lat="-20.171843235460734" lon="57.49702630448511"><ele>66.4</ele><time>2026-10-01T13:08:40.000Z</time></trkpt><trkpt lat="-20.17185073546085" lon="57.49703380448521"><ele>66.4</ele><time>2026-10-01T13:08:41.000Z</time></trkpt><trkpt lat="-20.171858068794368" lon="57.49704137115198"><ele>66.4</ele><time>2026-10-01T13:08:42.000Z</time></trkpt><trkpt lat="-20.171866168794566" lon="57.497048071152065"><ele>66.4</ele><time>2026-10-01T13:08:43.000Z</time></trkpt><trkpt lat="-20.171874302127975" lon="57.49705450448548"><ele>66.4</ele><time>2026-10-01T13:08:44.000Z</time></trkpt><trkpt lat="-20.17188303546147" lon="57.49706050448551"><ele>66.4</ele><time>2026-10-01T13:08:45.000Z</time></trkpt><trkpt lat="-20.171891502128293" lon="57.49706613781889"><ele>66.4</ele><time>2026-10-01T13:08:46.000Z</time></trkpt><trkpt lat="-20.171900035461757" lon="57.497071171152264"><ele>66.4</ele><time>2026-10-01T13:08:47.000Z</time></trkpt><trkpt lat="-20.17190816879517" lon="57.497076137818944"><ele>66.4</ele><time>2026-10-01T13:08:48.000Z</time></trkpt><trkpt lat="-20.171916435462073" lon="57.497081204485674"><ele>66.4</ele><time>2026-10-01T13:08:49.000Z</time></trkpt><trkpt lat="-20.171924868795685" lon="57.49708627115241"><ele>66.4</ele><time>2026-10-01T13:08:50.000Z</time></trkpt><trkpt lat="-20.171933468795896" lon="57.49709137115239"><ele>66.4</ele><time>2026-10-01T13:08:51.000Z</time></trkpt><trkpt lat="-20.17194246879616" lon="57.49709720448576"><ele>66.4</ele><time>2026-10-01T13:08:52.000Z</time></trkpt><trkpt lat="-20.171951602129706" lon="57.49710347115244"><ele>66.4</ele><time>2026-10-01T13:08:53.000Z</time></trkpt><trkpt lat="-20.171960435463053" lon="57.497110171152414"><ele>66.4</ele><time>2026-10-01T13:08:54.000Z</time></trkpt><trkpt lat="-20.171969068796265" lon="57.497117171152375"><ele>66.4</ele><time>2026-10-01T13:08:55.000Z</time></trkpt><trkpt lat="-20.171978535462905" lon="57.49712417115238"><ele>66.4</ele><time>2026-10-01T13:08:56.000Z</time></trkpt><trkpt lat="-20.171987968796223" lon="57.49713100448571"><ele>66.4</ele><time>2026-10-01T13:08:57.000Z</time></trkpt><trkpt lat="-20.171997235462946" lon="57.49713780448578"><ele>66.4</ele><time>2026-10-01T13:08:58.000Z</time></trkpt><trkpt lat="-20.1720067021298" lon="57.497144571152546"><ele>66.5</ele><time>2026-10-01T13:08:59.000Z</time></trkpt><trkpt lat="-20.172016302129936" lon="57.49715120448606"><ele>66.5</ele><time>2026-10-01T13:09:00.000Z</time></trkpt><trkpt lat="-20.17202530212999" lon="57.497158504486244"><ele>66.5</ele><time>2026-10-01T13:09:01.000Z</time></trkpt><trkpt lat="-20.172034268796615" lon="57.49716587115311"><ele>66.5</ele><time>2026-10-01T13:09:02.000Z</time></trkpt><trkpt lat="-20.172043235463242" lon="57.497172904486604"><ele>66.5</ele><time>2026-10-01T13:09:03.000Z</time></trkpt><trkpt lat="-20.1720521021298" lon="57.49717920448675"><ele>66.6</ele><time>2026-10-01T13:09:04.000Z</time></trkpt><trkpt lat="-20.172061035463212" lon="57.497185204486854"><ele>66.6</ele><time>2026-10-01T13:09:05.000Z</time></trkpt><trkpt lat="-20.17207063546335" lon="57.497190604486924"><ele>66.6</ele><time>2026-10-01T13:09:06.000Z</time></trkpt><trkpt lat="-20.172079935463493" lon="57.497195837820314"><ele>66.6</ele><time>2026-10-01T13:09:07.000Z</time></trkpt><trkpt lat="-20.17208910213036" lon="57.497201504486966"><ele>66.6</ele><time>2026-10-01T13:09:08.000Z</time></trkpt><trkpt lat="-20.172098202130588" lon="57.49720757115366"><ele>66.7</ele><time>2026-10-01T13:09:09.000Z</time></trkpt><trkpt lat="-20.172106835464014" lon="57.49721357115364"><ele>66.7</ele><time>2026-10-01T13:09:10.000Z</time></trkpt><trkpt lat="-20.172114335464023" lon="57.497219437820284"><ele>66.7</ele><time>2026-10-01T13:09:11.000Z</time></trkpt><trkpt lat="-20.172121402130763" lon="57.49722570448697"><ele>66.7</ele><time>2026-10-01T13:09:12.000Z</time></trkpt><trkpt lat="-20.172128368797438" lon="57.497232737820354"><ele>66.7</ele><time>2026-10-01T13:09:13.000Z</time></trkpt><trkpt lat="-20.17213466879739" lon="57.49723863782036"><ele>66.8</ele><time>2026-10-01T13:09:14.000Z</time></trkpt><trkpt lat="-20.172139502130683" lon="57.497244504487114"><ele>66.8</ele><time>2026-10-01T13:09:15.000Z</time></trkpt><trkpt lat="-20.172143368797343" lon="57.49724930448717"><ele>66.8</ele><time>2026-10-01T13:09:16.000Z</time></trkpt><trkpt lat="-20.172147735463916" lon="57.497254071153904"><ele>66.8</ele><time>2026-10-01T13:09:17.000Z</time></trkpt><trkpt lat="-20.172152202130555" lon="57.49725800448739"><ele>66.8</ele><time>2026-10-01T13:09:18.000Z</time></trkpt><trkpt lat="-20.1721560354639" lon="57.49726203782088"><ele>66.9</ele><time>2026-10-01T13:09:19.000Z</time></trkpt><trkpt lat="-20.17216080213057" lon="57.49726603782101"><ele>66.9</ele><time>2026-10-01T13:09:20.000Z</time></trkpt><trkpt lat="-20.172166902130602" lon="57.49727073782117"><ele>66.9</ele><time>2026-10-01T13:09:21.000Z</time></trkpt><trkpt lat="-20.172172202130685" lon="57.49727430448795"><ele>66.9</ele><time>2026-10-01T13:09:22.000Z</time></trkpt><trkpt lat="-20.1721774021307" lon="57.49727793782133"><ele>66.9</ele><time>2026-10-01T13:09:23.000Z</time></trkpt><trkpt lat="-20.172183268797436" lon="57.49728133782137"><ele>67.1</ele><time>2026-10-01T13:09:24.000Z</time></trkpt><trkpt lat="-20.172188268797534" lon="57.49728477115476"><ele>67.1</ele><time>2026-10-01T13:09:25.000Z</time></trkpt><trkpt lat="-20.172192102130943" lon="57.4972872711548"><ele>67.1</ele><time>2026-10-01T13:09:26.000Z</time></trkpt><trkpt lat="-20.172196168797704" lon="57.49728927115484"><ele>67.1</ele><time>2026-10-01T13:09:27.000Z</time></trkpt><trkpt lat="-20.17219870213115" lon="57.49729013782155"><ele>67.1</ele><time>2026-10-01T13:09:28.000Z</time></trkpt><trkpt lat="-20.172199968797877" lon="57.497290171154916"><ele>67.1</ele><time>2026-10-01T13:09:29.000Z</time></trkpt><trkpt lat="-20.172201002131253" lon="57.49728910448825"><ele>67.1</ele><time>2026-10-01T13:09:30.000Z</time></trkpt><trkpt lat="-20.172201468797947" lon="57.49728783782159"><ele>67.1</ele><time>2026-10-01T13:09:31.000Z</time></trkpt><trkpt lat="-20.172200768797932" lon="57.49728670448826"><ele>67.1</ele><time>2026-10-01T13:09:32.000Z</time></trkpt><trkpt lat="-20.17220096879793" lon="57.49728547115493"><ele>67.1</ele><time>2026-10-01T13:09:33.000Z</time></trkpt><trkpt lat="-20.1722014354646" lon="57.4972851378216"><ele>67.1</ele><time>2026-10-01T13:09:34.000Z</time></trkpt><trkpt lat="-20.1722012354646" lon="57.497284704488266"><ele>67.1</ele><time>2026-10-01T13:09:35.000Z</time></trkpt><trkpt lat="-20.172201302131263" lon="57.49728483782159"><ele>67.1</ele><time>2026-10-01T13:09:36.000Z</time></trkpt><trkpt lat="-20.172201668797946" lon="57.49728510448824"><ele>67.1</ele><time>2026-10-01T13:09:37.000Z</time></trkpt><trkpt lat="-20.17220126879794" lon="57.497285471154896"><ele>67.1</ele><time>2026-10-01T13:09:38.000Z</time></trkpt><trkpt lat="-20.172200435464596" lon="57.49728557115488"><ele>67.0</ele><time>2026-10-01T13:09:39.000Z</time></trkpt><trkpt lat="-20.172200068797913" lon="57.49728557115488"><ele>67.0</ele><time>2026-10-01T13:09:40.000Z</time></trkpt><trkpt lat="-20.172200135464585" lon="57.49728500448823"><ele>67.0</ele><time>2026-10-01T13:09:41.000Z</time></trkpt><trkpt lat="-20.17220020213125" lon="57.49728443782158"><ele>67.0</ele><time>2026-10-01T13:09:42.000Z</time></trkpt><trkpt lat="-20.17220060213125" lon="57.497284104488266"><ele>67.0</ele><time>2026-10-01T13:09:43.000Z</time></trkpt><trkpt lat="-20.172201235464602" lon="57.49728397115496"><ele>67.0</ele><time>2026-10-01T13:09:44.000Z</time></trkpt><trkpt lat="-20.17220206879795" lon="57.497284037821636"><ele>67.0</ele><time>2026-10-01T13:09:45.000Z</time></trkpt><trkpt lat="-20.172202402131283" lon="57.49728427115497"><ele>67.0</ele><time>2026-10-01T13:09:46.000Z</time></trkpt><trkpt lat="-20.172202768797952" lon="57.49728433782163"><ele>67.0</ele><time>2026-10-01T13:09:47.000Z</time></trkpt><trkpt lat="-20.17220336879794" lon="57.497284237821624"><ele>67.0</ele><time>2026-10-01T13:09:48.000Z</time></trkpt><trkpt lat="-20.172203968797927" lon="57.49728413782161"><ele>67.0</ele><time>2026-10-01T13:09:49.000Z</time></trkpt><trkpt lat="-20.172204835464584" lon="57.4972840378216"><ele>67.0</ele><time>2026-10-01T13:09:50.000Z</time></trkpt><trkpt lat="-20.17220570213124" lon="57.49728393782159"><ele>67.0</ele><time>2026-10-01T13:09:51.000Z</time></trkpt><trkpt lat="-20.17220653546456" lon="57.49728400448826"><ele>67.0</ele><time>2026-10-01T13:09:52.000Z</time></trkpt><trkpt lat="-20.172206802131228" lon="57.49728400448826"><ele>67.0</ele><time>2026-10-01T13:09:53.000Z</time></trkpt><trkpt lat="-20.172207068797896" lon="57.49728400448826"><ele>66.9</ele><time>2026-10-01T13:09:54.000Z</time></trkpt><trkpt lat="-20.172206835464547" lon="57.497283904488256"><ele>66.9</ele><time>2026-10-01T13:09:55.000Z</time></trkpt><trkpt lat="-20.1722068021312" lon="57.497283504488244"><ele>66.9</ele><time>2026-10-01T13:09:56.000Z</time></trkpt><trkpt lat="-20.172206768797853" lon="57.49728310448823"><ele>66.9</ele><time>2026-10-01T13:09:57.000Z</time></trkpt><trkpt lat="-20.172207335464535" lon="57.497282637821556"><ele>66.9</ele><time>2026-10-01T13:09:58.000Z</time></trkpt><trkpt lat="-20.172207702131214" lon="57.49728153782157"><ele>66.9</ele><time>2026-10-01T13:09:59.000Z</time></trkpt><trkpt lat="-20.172208302131242" lon="57.49728053782159"><ele>66.9</ele><time>2026-10-01T13:10:00.000Z</time></trkpt><trkpt lat="-20.172208702131268" lon="57.49727983782161"><ele>66.9</ele><time>2026-10-01T13:10:01.000Z</time></trkpt><trkpt lat="-20.172209368797965" lon="57.497278937821626"><ele>66.9</ele><time>2026-10-01T13:10:02.000Z</time></trkpt><trkpt lat="-20.172209402131294" lon="57.49727763782162"><ele>66.9</ele><time>2026-10-01T13:10:03.000Z</time></trkpt><trkpt lat="-20.172209135464616" lon="57.49727660448826"><ele>67.0</ele><time>2026-10-01T13:10:04.000Z</time></trkpt><trkpt lat="-20.172208868797934" lon="57.49727570448823"><ele>67.0</ele><time>2026-10-01T13:10:05.000Z</time></trkpt><trkpt lat="-20.172208602131256" lon="57.4972748044882"><ele>67.0</ele><time>2026-10-01T13:10:06.000Z</time></trkpt><trkpt lat="-20.172208335464575" lon="57.49727427115486"><ele>67.0</ele><time>2026-10-01T13:10:07.000Z</time></trkpt><trkpt lat="-20.17220830213123" lon="57.49727400448819"><ele>67.0</ele><time>2026-10-01T13:10:08.000Z</time></trkpt><trkpt lat="-20.172208768797898" lon="57.49727410448818"><ele>67.1</ele><time>2026-10-01T13:10:09.000Z</time></trkpt><trkpt lat="-20.172209235464567" lon="57.49727407115485"><ele>67.1</ele><time>2026-10-01T13:10:10.000Z</time></trkpt><trkpt lat="-20.172210302131262" lon="57.49727377115486"><ele>67.1</ele><time>2026-10-01T13:10:11.000Z</time></trkpt><trkpt lat="-20.172211102131293" lon="57.49727330448819"><ele>67.1</ele><time>2026-10-01T13:10:12.000Z</time></trkpt><trkpt lat="-20.172211702131317" lon="57.497273037821536"><ele>67.1</ele><time>2026-10-01T13:10:13.000Z</time></trkpt><trkpt lat="-20.172212302131346" lon="57.49727277115488"><ele>67.1</ele><time>2026-10-01T13:10:14.000Z</time></trkpt><trkpt lat="-20.17221290213137" lon="57.49727250448823"><ele>67.1</ele><time>2026-10-01T13:10:15.000Z</time></trkpt><trkpt lat="-20.17221260213136" lon="57.49727240448823"><ele>67.1</ele><time>2026-10-01T13:10:16.000Z</time></trkpt><trkpt lat="-20.172212302131346" lon="57.49727230448823"><ele>67.1</ele><time>2026-10-01T13:10:17.000Z</time></trkpt><trkpt lat="-20.17221200213133" lon="57.497272204488226"><ele>67.1</ele><time>2026-10-01T13:10:18.000Z</time></trkpt><trkpt lat="-20.172211702131317" lon="57.49727210448823"><ele>67.2</ele><time>2026-10-01T13:10:19.000Z</time></trkpt><trkpt lat="-20.17221113546464" lon="57.497272437821564"><ele>67.2</ele><time>2026-10-01T13:10:20.000Z</time></trkpt><trkpt lat="-20.17221050213129" lon="57.49727307115489"><ele>67.2</ele><time>2026-10-01T13:10:21.000Z</time></trkpt><trkpt lat="-20.17221003546461" lon="57.49727363782156"><ele>67.2</ele><time>2026-10-01T13:10:22.000Z</time></trkpt><trkpt lat="-20.17220956879793" lon="57.49727420448822"><ele>67.2</ele><time>2026-10-01T13:10:23.000Z</time></trkpt><trkpt lat="-20.17220913546458" lon="57.497275071154874"><ele>67.2</ele><time>2026-10-01T13:10:24.000Z</time></trkpt><trkpt lat="-20.172209268797918" lon="57.4972755044882"><ele>67.2</ele><time>2026-10-01T13:10:25.000Z</time></trkpt><trkpt lat="-20.172209768797934" lon="57.49727573782152"><ele>67.2</ele><time>2026-10-01T13:10:26.000Z</time></trkpt><trkpt lat="-20.17221010213128" lon="57.49727603782151"><ele>67.2</ele><time>2026-10-01T13:10:27.000Z</time></trkpt><trkpt lat="-20.172210302131298" lon="57.49727647115483"><ele>67.2</ele><time>2026-10-01T13:10:28.000Z</time></trkpt><trkpt lat="-20.172210468797978" lon="57.497276604488164"><ele>67.1</ele><time>2026-10-01T13:10:29.000Z</time></trkpt><trkpt lat="-20.172210335464644" lon="57.497276737821494"><ele>67.1</ele><time>2026-10-01T13:10:30.000Z</time></trkpt><trkpt lat="-20.172209602131282" lon="57.49727640448814"><ele>67.1</ele><time>2026-10-01T13:10:31.000Z</time></trkpt><trkpt lat="-20.172208868797917" lon="57.497276071154786"><ele>67.1</ele><time>2026-10-01T13:10:32.000Z</time></trkpt><trkpt lat="-20.17220766879786" lon="57.497275604488095"><ele>67.1</ele><time>2026-10-01T13:10:33.000Z</time></trkpt><trkpt lat="-20.1722064687978" lon="57.497275137821404"><ele>67.0</ele><time>2026-10-01T13:10:34.000Z</time></trkpt><trkpt lat="-20.172205202131074" lon="57.497274637821384"><ele>67.0</ele><time>2026-10-01T13:10:35.000Z</time></trkpt><trkpt lat="-20.17220433546438" lon="57.497274737821385"><ele>67.0</ele><time>2026-10-01T13:10:36.000Z</time></trkpt><trkpt lat="-20.172203468797683" lon="57.49727447115472"><ele>67.0</ele><time>2026-10-01T13:10:37.000Z</time></trkpt><trkpt lat="-20.172203202131016" lon="57.49727420448805"><ele>67.0</ele><time>2026-10-01T13:10:38.000Z</time></trkpt><trkpt lat="-20.172202935464348" lon="57.49727393782139"><ele>67.0</ele><time>2026-10-01T13:10:39.000Z</time></trkpt><trkpt lat="-20.17220356879767" lon="57.497273404488055"><ele>67.0</ele><time>2026-10-01T13:10:40.000Z</time></trkpt><trkpt lat="-20.172204402130994" lon="57.49727273782139"><ele>67.0</ele><time>2026-10-01T13:10:41.000Z</time></trkpt><trkpt lat="-20.172205868797665" lon="57.49727237115472"><ele>67.0</ele><time>2026-10-01T13:10:42.000Z</time></trkpt><trkpt lat="-20.172207335464336" lon="57.49727200448806"><ele>67.0</ele><time>2026-10-01T13:10:43.000Z</time></trkpt><trkpt lat="-20.172208802131006" lon="57.49727163782139"><ele>67.1</ele><time>2026-10-01T13:10:44.000Z</time></trkpt><trkpt lat="-20.17220956879769" lon="57.49727120448807"><ele>67.1</ele><time>2026-10-01T13:10:45.000Z</time></trkpt><trkpt lat="-20.172210335464374" lon="57.49727077115475"><ele>67.1</ele><time>2026-10-01T13:10:46.000Z</time></trkpt><trkpt lat="-20.172210435464372" lon="57.49727080448808"><ele>67.1</ele><time>2026-10-01T13:10:47.000Z</time></trkpt><trkpt lat="-20.172210468797708" lon="57.49727080448808"><ele>67.1</ele><time>2026-10-01T13:10:48.000Z</time></trkpt><trkpt lat="-20.17221050213104" lon="57.49727080448808"><ele>67.1</ele><time>2026-10-01T13:10:49.000Z</time></trkpt><trkpt lat="-20.17221023546437" lon="57.49727170448807"><ele>67.1</ele><time>2026-10-01T13:10:50.000Z</time></trkpt><trkpt lat="-20.1722095687977" lon="57.4972730378214"><ele>67.1</ele><time>2026-10-01T13:10:51.000Z</time></trkpt><trkpt lat="-20.172209302131048" lon="57.49727420448808"><ele>67.1</ele><time>2026-10-01T13:10:52.000Z</time></trkpt><trkpt lat="-20.172208968797726" lon="57.497275604488074"><ele>67.1</ele><time>2026-10-01T13:10:53.000Z</time></trkpt><trkpt lat="-20.172208535464407" lon="57.49727710448808"><ele>67.0</ele><time>2026-10-01T13:10:54.000Z</time></trkpt><trkpt lat="-20.172207935464417" lon="57.49727790448809"><ele>67.0</ele><time>2026-10-01T13:10:55.000Z</time></trkpt><trkpt lat="-20.17220773546443" lon="57.497278271154755"><ele>67.0</ele><time>2026-10-01T13:10:56.000Z</time></trkpt><trkpt lat="-20.172207168797758" lon="57.49727840448808"><ele>67.0</ele><time>2026-10-01T13:10:57.000Z</time></trkpt><trkpt lat="-20.172207335464453" lon="57.49727753782139"><ele>67.0</ele><time>2026-10-01T13:10:58.000Z</time></trkpt><trkpt lat="-20.17220790213116" lon="57.49727723782134"><ele>67.0</ele><time>2026-10-01T13:10:59.000Z</time></trkpt><trkpt lat="-20.17220980213123" lon="57.49727683782131"><ele>67.0</ele><time>2026-10-01T13:11:00.000Z</time></trkpt><trkpt lat="-20.172211702131307" lon="57.49727643782128"><ele>67.0</ele><time>2026-10-01T13:11:01.000Z</time></trkpt><trkpt lat="-20.172213602131382" lon="57.497276037821244"><ele>67.0</ele><time>2026-10-01T13:11:02.000Z</time></trkpt><trkpt lat="-20.17221523546476" lon="57.497276437821235"><ele>67.0</ele><time>2026-10-01T13:11:03.000Z</time></trkpt><trkpt lat="-20.172216568798124" lon="57.49727617115457"><ele>67.0</ele><time>2026-10-01T13:11:04.000Z</time></trkpt><trkpt lat="-20.17221690213146" lon="57.49727617115457"><ele>67.0</ele><time>2026-10-01T13:11:05.000Z</time></trkpt><trkpt lat="-20.172217235464792" lon="57.49727617115457"><ele>67.0</ele><time>2026-10-01T13:11:06.000Z</time></trkpt><trkpt lat="-20.172217568798125" lon="57.49727617115457"><ele>67.0</ele><time>2026-10-01T13:11:07.000Z</time></trkpt><trkpt lat="-20.172217502131456" lon="57.4972762044879"><ele>67.0</ele><time>2026-10-01T13:11:08.000Z</time></trkpt><trkpt lat="-20.17221743546479" lon="57.49727623782123"><ele>67.0</ele><time>2026-10-01T13:11:09.000Z</time></trkpt><trkpt lat="-20.172217668798137" lon="57.49727667115458"><ele>67.0</ele><time>2026-10-01T13:11:10.000Z</time></trkpt><trkpt lat="-20.172216835464816" lon="57.497276571154565"><ele>67.0</ele><time>2026-10-01T13:11:11.000Z</time></trkpt><trkpt lat="-20.172216002131492" lon="57.49727647115456"><ele>67.0</ele><time>2026-10-01T13:11:12.000Z</time></trkpt><trkpt lat="-20.172215235464837" lon="57.49727633782121"><ele>67.0</ele><time>2026-10-01T13:11:13.000Z</time></trkpt><trkpt lat="-20.17221446879818" lon="57.49727620448787"><ele>67.0</ele><time>2026-10-01T13:11:14.000Z</time></trkpt><trkpt lat="-20.172213468798176" lon="57.497275371154515"><ele>67.0</ele><time>2026-10-01T13:11:15.000Z</time></trkpt><trkpt lat="-20.172214235464832" lon="57.49727533782118"><ele>67.0</ele><time>2026-10-01T13:11:16.000Z</time></trkpt><trkpt lat="-20.172216435464893" lon="57.49727517115451"><ele>67.0</ele><time>2026-10-01T13:11:17.000Z</time></trkpt><trkpt lat="-20.172219568798344" lon="57.49727510448785"><ele>67.0</ele><time>2026-10-01T13:11:18.000Z</time></trkpt><trkpt lat="-20.172222602131793" lon="57.49727507115451"><ele>67.1</ele><time>2026-10-01T13:11:19.000Z</time></trkpt><trkpt lat="-20.172225435465243" lon="57.497275804487856"><ele>67.1</ele><time>2026-10-01T13:11:20.000Z</time></trkpt><trkpt lat="-20.172227502132035" lon="57.497276171154525"><ele>67.1</ele><time>2026-10-01T13:11:21.000Z</time></trkpt><trkpt lat="-20.172228168798757" lon="57.4972764378212"><ele>67.1</ele><time>2026-10-01T13:11:22.000Z</time></trkpt><trkpt lat="-20.172227902132086" lon="57.49727660448788"><ele>67.1</ele><time>2026-10-01T13:11:23.000Z</time></trkpt><trkpt lat="-20.17222783546542" lon="57.49727683782122"><ele>67.3</ele><time>2026-10-01T13:11:24.000Z</time></trkpt><trkpt lat="-20.17222790213209" lon="57.49727660448789"><ele>67.3</ele><time>2026-10-01T13:11:25.000Z</time></trkpt><trkpt lat="-20.172228702132095" lon="57.49727667115455"><ele>67.3</ele><time>2026-10-01T13:11:26.000Z</time></trkpt><trkpt lat="-20.17223040213215" lon="57.49727713782123"><ele>67.3</ele><time>2026-10-01T13:11:27.000Z</time></trkpt><trkpt lat="-20.172232568798904" lon="57.49727780448791"><ele>67.3</ele><time>2026-10-01T13:11:28.000Z</time></trkpt><trkpt lat="-20.17223440213231" lon="57.497278704487904"><ele>67.5</ele><time>2026-10-01T13:11:29.000Z</time></trkpt><trkpt lat="-20.17223610213238" lon="57.49728037115457"><ele>67.5</ele><time>2026-10-01T13:11:30.000Z</time></trkpt><trkpt lat="-20.17223756879913" lon="57.49728143782123"><ele>67.5</ele><time>2026-10-01T13:11:31.000Z</time></trkpt><trkpt lat="-20.172238235465823" lon="57.49728180448786"><ele>67.5</ele><time>2026-10-01T13:11:32.000Z</time></trkpt><trkpt lat="-20.17223840213249" lon="57.49728197115449"><ele>67.5</ele><time>2026-10-01T13:11:33.000Z</time></trkpt><trkpt lat="-20.172240735465923" lon="57.49728183782114"><ele>67.5</ele><time>2026-10-01T13:11:34.000Z</time></trkpt><trkpt lat="-20.17224503546604" lon="57.497281371154465"><ele>67.5</ele><time>2026-10-01T13:11:35.000Z</time></trkpt><trkpt lat="-20.17225026879947" lon="57.497281771154476"><ele>67.5</ele><time>2026-10-01T13:11:36.000Z</time></trkpt><trkpt lat="-20.172257235466347" lon="57.49728253782117"><ele>67.5</ele><time>2026-10-01T13:11:37.000Z</time></trkpt><trkpt lat="-20.172265635466534" lon="57.49728200448787"><ele>67.5</ele><time>2026-10-01T13:11:38.000Z</time></trkpt><trkpt lat="-20.172272702133327" lon="57.49728080448792"><ele>67.4</ele><time>2026-10-01T13:11:39.000Z</time></trkpt><trkpt lat="-20.17227876880009" lon="57.497278804487976"><ele>67.4</ele><time>2026-10-01T13:11:40.000Z</time></trkpt><trkpt lat="-20.17228533546698" lon="57.49727600448798"><ele>67.4</ele><time>2026-10-01T13:11:41.000Z</time></trkpt><trkpt lat="-20.172290368800425" lon="57.49727267115462"><ele>67.4</ele><time>2026-10-01T13:11:42.000Z</time></trkpt><trkpt lat="-20.1722945021339" lon="57.49727033782126"><ele>67.4</ele><time>2026-10-01T13:11:43.000Z</time></trkpt><trkpt lat="-20.17229830213402" lon="57.497267804487876"><ele>67.3</ele><time>2026-10-01T13:11:44.000Z</time></trkpt><trkpt lat="-20.172302302134167" lon="57.49726463782115"><ele>67.3</ele><time>2026-10-01T13:11:45.000Z</time></trkpt><trkpt lat="-20.1723055021342" lon="57.49726023782112"><ele>67.3</ele><time>2026-10-01T13:11:46.000Z</time></trkpt><trkpt lat="-20.1723092354676" lon="57.497255671154484"><ele>67.3</ele><time>2026-10-01T13:11:47.000Z</time></trkpt><trkpt lat="-20.172313435467693" lon="57.497250771154484"><ele>67.3</ele><time>2026-10-01T13:11:48.000Z</time></trkpt><trkpt lat="-20.172319368801176" lon="57.497246204487816"><ele>67.3</ele><time>2026-10-01T13:11:49.000Z</time></trkpt><trkpt lat="-20.172325568801327" lon="57.49724220448782"><ele>67.3</ele><time>2026-10-01T13:11:50.000Z</time></trkpt><trkpt lat="-20.172332168801535" lon="57.4972390378211"><ele>67.3</ele><time>2026-10-01T13:11:51.000Z</time></trkpt><trkpt lat="-20.172338102135047" lon="57.49723623782101"><ele>67.3</ele><time>2026-10-01T13:11:52.000Z</time></trkpt><trkpt lat="-20.172343435468527" lon="57.497233771154264"><ele>67.3</ele><time>2026-10-01T13:11:53.000Z</time></trkpt><trkpt lat="-20.172347435468616" lon="57.49723137115419"><ele>67.7</ele><time>2026-10-01T13:11:54.000Z</time></trkpt><trkpt lat="-20.172350635468707" lon="57.49722967115415"><ele>67.7</ele><time>2026-10-01T13:11:55.000Z</time></trkpt><trkpt lat="-20.17235323546877" lon="57.497228737820784"><ele>67.7</ele><time>2026-10-01T13:11:56.000Z</time></trkpt><trkpt lat="-20.172356302135494" lon="57.497228237820785"><ele>67.7</ele><time>2026-10-01T13:11:57.000Z</time></trkpt><trkpt lat="-20.1723595688022" lon="57.49722777115412"><ele>67.7</ele><time>2026-10-01T13:11:58.000Z</time></trkpt><trkpt lat="-20.172362135468898" lon="57.4972277378208"><ele>68.4</ele><time>2026-10-01T13:11:59.000Z</time></trkpt><trkpt lat="-20.17236410213558" lon="57.49722687115413"><ele>68.4</ele><time>2026-10-01T13:12:00.000Z</time></trkpt><trkpt lat="-20.172365402135576" lon="57.49722557115414"><ele>68.4</ele><time>2026-10-01T13:12:01.000Z</time></trkpt><trkpt lat="-20.1723668354689" lon="57.49722370448749"><ele>68.4</ele><time>2026-10-01T13:12:02.000Z</time></trkpt><trkpt lat="-20.172367702135567" lon="57.497222104487506"><ele>68.4</ele><time>2026-10-01T13:12:03.000Z</time></trkpt><trkpt lat="-20.17236973546888" lon="57.49721890448751"><ele>68.9</ele><time>2026-10-01T13:12:04.000Z</time></trkpt><trkpt lat="-20.172373035468823" lon="57.49721587115414"><ele>68.9</ele><time>2026-10-01T13:12:05.000Z</time></trkpt><trkpt lat="-20.172376702135416" lon="57.497212104487495"><ele>68.9</ele><time>2026-10-01T13:12:06.000Z</time></trkpt><trkpt lat="-20.172382035468765" lon="57.49720833782082"><ele>68.9</ele><time>2026-10-01T13:12:07.000Z</time></trkpt><trkpt lat="-20.172389535468884" lon="57.497202737820786"><ele>68.9</ele><time>2026-10-01T13:12:08.000Z</time></trkpt><trkpt lat="-20.17239706880232" lon="57.49719707115406"><ele>69.7</ele><time>2026-10-01T13:12:09.000Z</time></trkpt><trkpt lat="-20.172404868802424" lon="57.49719043782071"><ele>69.7</ele><time>2026-10-01T13:12:10.000Z</time></trkpt><trkpt lat="-20.17241306880258" lon="57.49718277115403"><ele>69.7</ele><time>2026-10-01T13:12:11.000Z</time></trkpt><trkpt lat="-20.17242046880263" lon="57.49717490448737"><ele>69.7</ele><time>2026-10-01T13:12:12.000Z</time></trkpt><trkpt lat="-20.17242700213593" lon="57.49716777115407"><ele>69.7</ele><time>2026-10-01T13:12:13.000Z</time></trkpt><trkpt lat="-20.172433535469228" lon="57.49716057115411"><ele>70.5</ele><time>2026-10-01T13:12:14.000Z</time></trkpt><trkpt lat="-20.17243906880258" lon="57.4971543378208"><ele>70.5</ele><time>2026-10-01T13:12:15.000Z</time></trkpt><trkpt lat="-20.172444002135897" lon="57.49714963782081"><ele>70.5</ele><time>2026-10-01T13:12:16.000Z</time></trkpt><trkpt lat="-20.172448368802563" lon="57.49714480448745"><ele>70.5</ele><time>2026-10-01T13:12:17.000Z</time></trkpt><trkpt lat="-20.172451968802545" lon="57.49713987115405"><ele>70.5</ele><time>2026-10-01T13:12:18.000Z</time></trkpt><trkpt lat="-20.17245513546926" lon="57.49713633782064"><ele>70.9</ele><time>2026-10-01T13:12:19.000Z</time></trkpt><trkpt lat="-20.172458568802618" lon="57.49713177115385"><ele>70.9</ele><time>2026-10-01T13:12:20.000Z</time></trkpt><trkpt lat="-20.172463168802658" lon="57.497126304487075"><ele>70.9</ele><time>2026-10-01T13:12:21.000Z</time></trkpt><trkpt lat="-20.172467535469405" lon="57.49711983782032"><ele>70.9</ele><time>2026-10-01T13:12:22.000Z</time></trkpt><trkpt lat="-20.172471368802814" lon="57.49711320448696"><ele>70.9</ele><time>2026-10-01T13:12:23.000Z</time></trkpt><trkpt lat="-20.17247540213625" lon="57.49710573782031"><ele>71.8</ele><time>2026-10-01T13:12:24.000Z</time></trkpt><trkpt lat="-20.172479668803092" lon="57.497098137820366"><ele>71.8</ele><time>2026-10-01T13:12:25.000Z</time></trkpt><trkpt lat="-20.17248410213664" lon="57.49709077115367"><ele>71.8</ele><time>2026-10-01T13:12:26.000Z</time></trkpt><trkpt lat="-20.172488302136838" lon="57.49708440448701"><ele>71.8</ele><time>2026-10-01T13:12:27.000Z</time></trkpt><trkpt lat="-20.172493702137096" lon="57.49707803782028"><ele>71.8</ele><time>2026-10-01T13:12:28.000Z</time></trkpt><trkpt lat="-20.17249996880389" lon="57.49707113782016"><ele>73.0</ele><time>2026-10-01T13:12:29.000Z</time></trkpt><trkpt lat="-20.172506868803975" lon="57.49706530448674"><ele>73.0</ele><time>2026-10-01T13:12:30.000Z</time></trkpt><trkpt lat="-20.17251313547066" lon="57.49705910448672"><ele>73.0</ele><time>2026-10-01T13:12:31.000Z</time></trkpt><trkpt lat="-20.172519968804057" lon="57.49705323782"><ele>73.0</ele><time>2026-10-01T13:12:32.000Z</time></trkpt><trkpt lat="-20.17252683547077" lon="57.49704883781999"><ele>73.0</ele><time>2026-10-01T13:12:33.000Z</time></trkpt><trkpt lat="-20.172532802137518" lon="57.497044971153365"><ele>73.5</ele><time>2026-10-01T13:12:34.000Z</time></trkpt><trkpt lat="-20.172537835470933" lon="57.497040571153434"><ele>73.5</ele><time>2026-10-01T13:12:35.000Z</time></trkpt><trkpt lat="-20.172542002137682" lon="57.49703683782019"><ele>73.5</ele><time>2026-10-01T13:12:36.000Z</time></trkpt><trkpt lat="-20.17254566880436" lon="57.49703147115356"><ele>73.5</ele><time>2026-10-01T13:12:37.000Z</time></trkpt><trkpt lat="-20.17254906880437" lon="57.49702380448686"><ele>73.5</ele><time>2026-10-01T13:12:38.000Z</time></trkpt><trkpt lat="-20.172551468804414" lon="57.49701640448676"><ele>74.7</ele><time>2026-10-01T13:12:39.000Z</time></trkpt><trkpt lat="-20.172554168804503" lon="57.497007504486554"><ele>74.7</ele><time>2026-10-01T13:12:40.000Z</time></trkpt><trkpt lat="-20.172558002137926" lon="57.49699737115286"><ele>74.7</ele><time>2026-10-01T13:12:41.000Z</time></trkpt><trkpt lat="-20.17256210213807" lon="57.49698753781918"><ele>74.7</ele><time>2026-10-01T13:12:42.000Z</time></trkpt><trkpt lat="-20.17256636880482" lon="57.496978671152206"><ele>74.7</ele><time>2026-10-01T13:12:43.000Z</time></trkpt><trkpt lat="-20.17257153547157" lon="57.49696963781862"><ele>75.9</ele><time>2026-10-01T13:12:44.000Z</time></trkpt><trkpt lat="-20.172575502138265" lon="57.496961671151745"><ele>75.9</ele><time>2026-10-01T13:12:45.000Z</time></trkpt><trkpt lat="-20.17257823547162" lon="57.49695460448494"><ele>75.9</ele><time>2026-10-01T13:12:46.000Z</time></trkpt><trkpt lat="-20.17258076880495" lon="57.496948371151475"><ele>75.9</ele><time>2026-10-01T13:12:47.000Z</time></trkpt><trkpt lat="-20.172582635471663" lon="57.4969423711514"><ele>75.9</ele><time>2026-10-01T13:12:48.000Z</time></trkpt><trkpt lat="-20.172585702138427" lon="57.496935671151235"><ele>76.5</ele><time>2026-10-01T13:12:49.000Z</time></trkpt><trkpt lat="-20.172590535471908" lon="57.496928737817754"><ele>76.5</ele><time>2026-10-01T13:12:50.000Z</time></trkpt><trkpt lat="-20.172595568805402" lon="57.49692173781771"><ele>76.5</ele><time>2026-10-01T13:12:51.000Z</time></trkpt><trkpt lat="-20.172600502138884" lon="57.49691483781767"><ele>76.5</ele><time>2026-10-01T13:12:52.000Z</time></trkpt><trkpt lat="-20.172605968805698" lon="57.49690807115091"><ele>76.5</ele><time>2026-10-01T13:12:53.000Z</time></trkpt><trkpt lat="-20.172610035472484" lon="57.496901504484256"><ele>77.7</ele><time>2026-10-01T13:12:54.000Z</time></trkpt><trkpt lat="-20.172612635472557" lon="57.49689497115096"><ele>77.7</ele><time>2026-10-01T13:12:55.000Z</time></trkpt><trkpt lat="-20.172615635472606" lon="57.49688853781763"><ele>77.7</ele><time>2026-10-01T13:12:56.000Z</time></trkpt><trkpt lat="-20.17261880213931" lon="57.49688250448435"><ele>77.7</ele><time>2026-10-01T13:12:57.000Z</time></trkpt><trkpt lat="-20.17262176880599" lon="57.496875571151044"><ele>77.7</ele><time>2026-10-01T13:12:58.000Z</time></trkpt><trkpt lat="-20.172625635472677" lon="57.4968689044844"><ele>78.9</ele><time>2026-10-01T13:12:59.000Z</time></trkpt><trkpt lat="-20.172630402139426" lon="57.49686223781767"><ele>78.9</ele><time>2026-10-01T13:13:00.000Z</time></trkpt><trkpt lat="-20.17263390213953" lon="57.49685633781762"><ele>78.9</ele><time>2026-10-01T13:13:01.000Z</time></trkpt><trkpt lat="-20.17263686880633" lon="57.49685047115086"><ele>78.9</ele><time>2026-10-01T13:13:02.000Z</time></trkpt><trkpt lat="-20.172640002139833" lon="57.49684450448406"><ele>78.9</ele><time>2026-10-01T13:13:03.000Z</time></trkpt><trkpt lat="-20.172642202139947" lon="57.49683897115057"><ele>79.6</ele><time>2026-10-01T13:13:04.000Z</time></trkpt><trkpt lat="-20.172644702140044" lon="57.49683420448382"><ele>79.6</ele><time>2026-10-01T13:13:05.000Z</time></trkpt><trkpt lat="-20.172648635473497" lon="57.49682930448373"><ele>79.6</ele><time>2026-10-01T13:13:06.000Z</time></trkpt><trkpt lat="-20.17265323547364" lon="57.496823704483674"><ele>79.6</ele><time>2026-10-01T13:13:07.000Z</time></trkpt><trkpt lat="-20.172657835473785" lon="57.49681963781702"><ele>79.6</ele><time>2026-10-01T13:13:08.000Z</time></trkpt><trkpt lat="-20.172662802140668" lon="57.496815037817065"><ele>80.8</ele><time>2026-10-01T13:13:09.000Z</time></trkpt><trkpt lat="-20.172666735474174" lon="57.49680973781707"><ele>80.8</ele><time>2026-10-01T13:13:10.000Z</time></trkpt><trkpt lat="-20.172669135474315" lon="57.496802637817"><ele>80.8</ele><time>2026-10-01T13:13:11.000Z</time></trkpt><trkpt lat="-20.172671535474457" lon="57.49679570448359"><ele>80.8</ele><time>2026-10-01T13:13:12.000Z</time></trkpt><trkpt lat="-20.17267336880789" lon="57.49678853781684"><ele>80.8</ele><time>2026-10-01T13:13:13.000Z</time></trkpt><trkpt lat="-20.172675168807892" lon="57.496781971150014"><ele>81.9</ele><time>2026-10-01T13:13:14.000Z</time></trkpt><trkpt lat="-20.172678035474597" lon="57.49677533781657"><ele>81.9</ele><time>2026-10-01T13:13:15.000Z</time></trkpt><trkpt lat="-20.172682435474663" lon="57.49676963781657"><ele>81.9</ele><time>2026-10-01T13:13:16.000Z</time></trkpt><trkpt lat="-20.172686502141367" lon="57.496764071149904"><ele>81.9</ele><time>2026-10-01T13:13:17.000Z</time></trkpt><trkpt lat="-20.172692268808195" lon="57.49675777114997"><ele>81.9</ele><time>2026-10-01T13:13:18.000Z</time></trkpt><trkpt lat="-20.172697535475063" lon="57.496751737816716"><ele>82.5</ele><time>2026-10-01T13:13:19.000Z</time></trkpt><trkpt lat="-20.172702668808547" lon="57.496745837816704"><ele>82.5</ele><time>2026-10-01T13:13:20.000Z</time></trkpt><trkpt lat="-20.172707468808667" lon="57.496740737816666"><ele>82.5</ele><time>2026-10-01T13:13:21.000Z</time></trkpt><trkpt lat="-20.172712235475466" lon="57.49673567114998"><ele>82.5</ele><time>2026-10-01T13:13:22.000Z</time></trkpt><trkpt lat="-20.172715835475532" lon="57.49673113781654"><ele>82.5</ele><time>2026-10-01T13:13:23.000Z</time></trkpt><trkpt lat="-20.172720468808894" lon="57.49672647114979"><ele>83.7</ele><time>2026-10-01T13:13:24.000Z</time></trkpt><trkpt lat="-20.172725468808988" lon="57.4967229044831"><ele>83.7</ele><time>2026-10-01T13:13:25.000Z</time></trkpt><trkpt lat="-20.1727303688091" lon="57.496718304483025"><ele>83.7</ele><time>2026-10-01T13:13:26.000Z</time></trkpt><trkpt lat="-20.172734668809177" lon="57.496713204482866"><ele>83.7</ele><time>2026-10-01T13:13:27.000Z</time></trkpt><trkpt lat="-20.1727383688092" lon="57.496707337816034"><ele>83.7</ele><time>2026-10-01T13:13:28.000Z</time></trkpt><trkpt lat="-20.17274163547596" lon="57.49670023781589"><ele>85.0</ele><time>2026-10-01T13:13:29.000Z</time></trkpt><trkpt lat="-20.172744202142674" lon="57.4966919711491"><ele>85.0</ele><time>2026-10-01T13:13:30.000Z</time></trkpt><trkpt lat="-20.172747335476068" lon="57.49668447114901"><ele>85.0</ele><time>2026-10-01T13:13:31.000Z</time></trkpt><trkpt lat="-20.172750968809474" lon="57.496677404482305"><ele>85.0</ele><time>2026-10-01T13:13:32.000Z</time></trkpt><trkpt lat="-20.172755868809556" lon="57.49667117114899"><ele>85.0</ele><time>2026-10-01T13:13:33.000Z</time></trkpt><trkpt lat="-20.17276130214297" lon="57.496665271148984"><ele>85.6</ele><time>2026-10-01T13:13:34.000Z</time></trkpt><trkpt lat="-20.172767835476375" lon="57.49665950448226"><ele>85.6</ele><time>2026-10-01T13:13:35.000Z</time></trkpt><trkpt lat="-20.172774202143074" lon="57.49665323781551"><ele>85.6</ele><time>2026-10-01T13:13:36.000Z</time></trkpt><trkpt lat="-20.172780702143108" lon="57.49664703781546"><ele>85.6</ele><time>2026-10-01T13:13:37.000Z</time></trkpt><trkpt lat="-20.172786802143193" lon="57.49664120448206"><ele>85.6</ele><time>2026-10-01T13:13:38.000Z</time></trkpt><trkpt lat="-20.17279283547664" lon="57.4966357711487"><ele>86.7</ele><time>2026-10-01T13:13:39.000Z</time></trkpt><trkpt lat="-20.1727981021434" lon="57.496630471148684"><ele>86.7</ele><time>2026-10-01T13:13:40.000Z</time></trkpt><trkpt lat="-20.172803135476872" lon="57.496625804482036"><ele>86.7</ele><time>2026-10-01T13:13:41.000Z</time></trkpt><trkpt lat="-20.17280796881034" lon="57.49662087114869"><ele>86.7</ele><time>2026-10-01T13:13:42.000Z</time></trkpt><trkpt lat="-20.17281230214374" lon="57.49661527114872"><ele>86.7</ele><time>2026-10-01T13:13:43.000Z</time></trkpt><trkpt lat="-20.172815835477085" lon="57.496609904482014"><ele>87.9</ele><time>2026-10-01T13:13:44.000Z</time></trkpt><trkpt lat="-20.172819202143828" lon="57.49660493781535"><ele>87.9</ele><time>2026-10-01T13:13:45.000Z</time></trkpt><trkpt lat="-20.17282260214389" lon="57.49659987114872"><ele>87.9</ele><time>2026-10-01T13:13:46.000Z</time></trkpt><trkpt lat="-20.17282700214401" lon="57.49659523781539"><ele>87.9</ele><time>2026-10-01T13:13:47.000Z</time></trkpt><trkpt lat="-20.17283176881081" lon="57.49659113781537"><ele>87.9</ele><time>2026-10-01T13:13:48.000Z</time></trkpt><trkpt lat="-20.172835835477606" lon="57.496586371148645"><ele>88.5</ele><time>2026-10-01T13:13:49.000Z</time></trkpt><trkpt lat="-20.172839668811058" lon="57.496581471148616"><ele>88.5</ele><time>2026-10-01T13:13:50.000Z</time></trkpt><trkpt lat="-20.172844002144473" lon="57.496576637815224"><ele>88.5</ele><time>2026-10-01T13:13:51.000Z</time></trkpt><trkpt lat="-20.172847468811135" lon="57.49657230448186"><ele>88.5</ele><time>2026-10-01T13:13:52.000Z</time></trkpt><trkpt lat="-20.172850368811147" lon="57.496567137815134"><ele>88.5</ele><time>2026-10-01T13:13:53.000Z</time></trkpt><trkpt lat="-20.172854802144535" lon="57.496562937815156"><ele>89.7</ele><time>2026-10-01T13:13:54.000Z</time></trkpt><trkpt lat="-20.17285880214457" lon="57.49655860448182"><ele>89.7</ele><time>2026-10-01T13:13:55.000Z</time></trkpt><trkpt lat="-20.172862402144663" lon="57.4965540711485"><ele>89.7</ele><time>2026-10-01T13:13:56.000Z</time></trkpt><trkpt lat="-20.172865635478097" lon="57.49654863781516"><ele>89.7</ele><time>2026-10-01T13:13:57.000Z</time></trkpt><trkpt lat="-20.172868702144854" lon="57.4965443711485"><ele>89.7</ele><time>2026-10-01T13:13:58.000Z</time></trkpt><trkpt lat="-20.17287176881161" lon="57.49653923781517"><ele>91.0</ele><time>2026-10-01T13:13:59.000Z</time></trkpt><trkpt lat="-20.172875335478356" lon="57.49653440448181"><ele>91.0</ele><time>2026-10-01T13:14:00.000Z</time></trkpt><trkpt lat="-20.172878335478405" lon="57.49652923781504"><ele>91.0</ele><time>2026-10-01T13:14:01.000Z</time></trkpt><trkpt lat="-20.172882602145176" lon="57.496525204481614"><ele>91.0</ele><time>2026-10-01T13:14:02.000Z</time></trkpt><trkpt lat="-20.172887602145284" lon="57.49652150448154"><ele>91.0</ele><time>2026-10-01T13:14:03.000Z</time></trkpt><trkpt lat="-20.17289256881207" lon="57.496518671148145"><ele>91.6</ele><time>2026-10-01T13:14:04.000Z</time></trkpt><trkpt lat="-20.172897835478846" lon="57.49651650448143"><ele>91.6</ele><time>2026-10-01T13:14:05.000Z</time></trkpt><trkpt lat="-20.172904268812292" lon="57.496514771148085"><ele>91.6</ele><time>2026-10-01T13:14:06.000Z</time></trkpt><trkpt lat="-20.172909335479012" lon="57.49651233781473"><ele>91.6</ele><time>2026-10-01T13:14:07.000Z</time></trkpt><trkpt lat="-20.172913535479065" lon="57.49650977114802"><ele>91.6</ele><time>2026-10-01T13:14:08.000Z</time></trkpt><trkpt lat="-20.17291670214574" lon="57.496507237814605"><ele>92.7</ele><time>2026-10-01T13:14:09.000Z</time></trkpt><trkpt lat="-20.17291896881243" lon="57.49650457114785"><ele>92.7</ele><time>2026-10-01T13:14:10.000Z</time></trkpt><trkpt lat="-20.172920502145807" lon="57.496502737814446"><ele>92.7</ele><time>2026-10-01T13:14:11.000Z</time></trkpt><trkpt lat="-20.172921935479184" lon="57.49650167114773"><ele>92.7</ele><time>2026-10-01T13:14:12.000Z</time></trkpt><trkpt lat="-20.172923235479225" lon="57.49650057114769"><ele>92.7</ele><time>2026-10-01T13:14:13.000Z</time></trkpt><trkpt lat="-20.17292410214592" lon="57.49650007114768"><ele>93.7</ele><time>2026-10-01T13:14:14.000Z</time></trkpt><trkpt lat="-20.172924768812614" lon="57.49649993781435"><ele>93.7</ele><time>2026-10-01T13:14:15.000Z</time></trkpt><trkpt lat="-20.172925702145978" lon="57.49649977114768"><ele>93.7</ele><time>2026-10-01T13:14:16.000Z</time></trkpt><trkpt lat="-20.17292663547934" lon="57.496499604481016"><ele>93.7</ele><time>2026-10-01T13:14:17.000Z</time></trkpt><trkpt lat="-20.172927702146037" lon="57.496499137814354"><ele>93.7</ele><time>2026-10-01T13:14:18.000Z</time></trkpt><trkpt lat="-20.172928768812735" lon="57.496498671147684"><ele>94.1</ele><time>2026-10-01T13:14:19.000Z</time></trkpt><trkpt lat="-20.172929835479433" lon="57.49649820448102"><ele>94.1</ele><time>2026-10-01T13:14:20.000Z</time></trkpt><trkpt lat="-20.172930035479435" lon="57.496497937814354"><ele>94.1</ele><time>2026-10-01T13:14:21.000Z</time></trkpt><trkpt lat="-20.172930235479438" lon="57.49649767114769"><ele>94.1</ele><time>2026-10-01T13:14:22.000Z</time></trkpt><trkpt lat="-20.172930235479438" lon="57.49649767114768"><ele>94.1</ele><time>2026-10-01T13:14:23.000Z</time></trkpt><trkpt lat="-20.172930235479438" lon="57.49649767114768"><ele>94.6</ele><time>2026-10-01T13:14:24.000Z</time></trkpt><trkpt lat="-20.172930235479438" lon="57.49649767114768"><ele>94.6</ele><time>2026-10-01T13:14:25.000Z</time></trkpt><trkpt lat="-20.17293056881277" lon="57.49649647114764"><ele>94.6</ele><time>2026-10-01T13:14:26.000Z</time></trkpt><trkpt lat="-20.172930902146103" lon="57.496495271147595"><ele>94.6</ele><time>2026-10-01T13:14:27.000Z</time></trkpt><trkpt lat="-20.172931235479435" lon="57.49649407114755"><ele>94.6</ele><time>2026-10-01T13:14:28.000Z</time></trkpt><trkpt lat="-20.172931068812755" lon="57.496492937814175"><ele>94.7</ele><time>2026-10-01T13:14:29.000Z</time></trkpt><trkpt lat="-20.172930235479406" lon="57.496491604480795"><ele>94.7</ele><time>2026-10-01T13:14:30.000Z</time></trkpt><trkpt lat="-20.172929068812728" lon="57.496491471147465"><ele>94.7</ele><time>2026-10-01T13:14:31.000Z</time></trkpt><trkpt lat="-20.172927902146046" lon="57.496491337814135"><ele>94.7</ele><time>2026-10-01T13:14:32.000Z</time></trkpt><trkpt lat="-20.172926735479365" lon="57.4964912044808"><ele>94.7</ele><time>2026-10-01T13:14:33.000Z</time></trkpt><trkpt lat="-20.172926702146047" lon="57.496490971147466"><ele>94.6</ele><time>2026-10-01T13:14:34.000Z</time></trkpt><trkpt lat="-20.172926735479365" lon="57.49649027114744"><ele>94.6</ele><time>2026-10-01T13:14:35.000Z</time></trkpt><trkpt lat="-20.172928202145982" lon="57.49648847114734"><ele>94.6</ele><time>2026-10-01T13:14:36.000Z</time></trkpt><trkpt lat="-20.172930902145975" lon="57.49648503781384"><ele>94.6</ele><time>2026-10-01T13:14:37.000Z</time></trkpt><trkpt lat="-20.172934102145984" lon="57.49648057114706"><ele>94.6</ele><time>2026-10-01T13:14:38.000Z</time></trkpt><trkpt lat="-20.17293790214602" lon="57.4964755378136"><ele>94.5</ele><time>2026-10-01T13:14:39.000Z</time></trkpt><trkpt lat="-20.172943335479438" lon="57.496470404480156"><ele>94.5</ele><time>2026-10-01T13:14:40.000Z</time></trkpt><trkpt lat="-20.172947802146247" lon="57.49646550448011"><ele>94.5</ele><time>2026-10-01T13:14:41.000Z</time></trkpt><trkpt lat="-20.172951668813035" lon="57.49646090448007"><ele>94.5</ele><time>2026-10-01T13:14:42.000Z</time></trkpt><trkpt lat="-20.17295516881314" lon="57.49645600447999"><ele>94.5</ele><time>2026-10-01T13:14:43.000Z</time></trkpt><trkpt lat="-20.172958102146534" lon="57.49645100447989"><ele>94.6</ele><time>2026-10-01T13:14:44.000Z</time></trkpt><trkpt lat="-20.172961735479973" lon="57.496445404479815"><ele>94.6</ele><time>2026-10-01T13:14:45.000Z</time></trkpt><trkpt lat="-20.172965902146746" lon="57.49643940447974"><ele>94.6</ele><time>2026-10-01T13:14:46.000Z</time></trkpt><trkpt lat="-20.172970002146826" lon="57.496434104479704"><ele>94.6</ele><time>2026-10-01T13:14:47.000Z</time></trkpt><trkpt lat="-20.17297476881357" lon="57.496429104479674"><ele>94.6</ele><time>2026-10-01T13:14:48.000Z</time></trkpt><trkpt lat="-20.172980168813666" lon="57.49642330447962"><ele>94.9</ele><time>2026-10-01T13:14:49.000Z</time></trkpt><trkpt lat="-20.172984435480398" lon="57.496418037812916"><ele>94.9</ele><time>2026-10-01T13:14:50.000Z</time></trkpt><trkpt lat="-20.1729873021471" lon="57.49641287114615"><ele>94.9</ele><time>2026-10-01T13:14:51.000Z</time></trkpt><trkpt lat="-20.172990035480495" lon="57.496408737812736"><ele>94.9</ele><time>2026-10-01T13:14:52.000Z</time></trkpt><trkpt lat="-20.17299340214719" lon="57.496404704479325"><ele>94.9</ele><time>2026-10-01T13:14:53.000Z</time></trkpt><trkpt lat="-20.172996668813916" lon="57.49640217114595"><ele>95.9</ele><time>2026-10-01T13:14:54.000Z</time></trkpt><trkpt lat="-20.17299996881397" lon="57.49639980447921"><ele>95.9</ele><time>2026-10-01T13:14:55.000Z</time></trkpt><trkpt lat="-20.17300383548069" lon="57.49639760447923"><ele>95.9</ele><time>2026-10-01T13:14:56.000Z</time></trkpt><trkpt lat="-20.17300823548077" lon="57.49639463781257"><ele>95.9</ele><time>2026-10-01T13:14:57.000Z</time></trkpt><trkpt lat="-20.173012568814205" lon="57.496392037812555"><ele>95.9</ele><time>2026-10-01T13:14:58.000Z</time></trkpt><trkpt lat="-20.173016435480946" lon="57.49638883781252"><ele>97.4</ele><time>2026-10-01T13:14:59.000Z</time></trkpt><trkpt lat="-20.17302066881437" lon="57.49638557114584"><ele>97.4</ele><time>2026-10-01T13:15:00.000Z</time></trkpt><trkpt lat="-20.17302590214776" lon="57.49638273781246"><ele>97.4</ele><time>2026-10-01T13:15:01.000Z</time></trkpt><trkpt lat="-20.173031468814454" lon="57.49637987114577"><ele>97.4</ele><time>2026-10-01T13:15:02.000Z</time></trkpt><trkpt lat="-20.17303723548118" lon="57.49637603781237"><ele>97.4</ele><time>2026-10-01T13:15:03.000Z</time></trkpt><trkpt lat="-20.17304326881457" lon="57.49637160447894"><ele>98.1</ele><time>2026-10-01T13:15:04.000Z</time></trkpt><trkpt lat="-20.17304963548127" lon="57.496368004478846"><ele>98.1</ele><time>2026-10-01T13:15:05.000Z</time></trkpt><trkpt lat="-20.173055935481326" lon="57.49636443781209"><ele>98.1</ele><time>2026-10-01T13:15:06.000Z</time></trkpt><trkpt lat="-20.17306113548137" lon="57.49636027114533"><ele>98.1</ele><time>2026-10-01T13:15:07.000Z</time></trkpt><trkpt lat="-20.17306510214806" lon="57.496356804478616"><ele>98.1</ele><time>2026-10-01T13:15:08.000Z</time></trkpt><trkpt lat="-20.17306933548142" lon="57.4963537044786"><ele>99.5</ele><time>2026-10-01T13:15:09.000Z</time></trkpt><trkpt lat="-20.17307380214812" lon="57.496349971145264"><ele>99.5</ele><time>2026-10-01T13:15:10.000Z</time></trkpt><trkpt lat="-20.173077335481505" lon="57.496346304478585"><ele>99.5</ele><time>2026-10-01T13:15:11.000Z</time></trkpt><trkpt lat="-20.17308060214822" lon="57.49634240447858"><ele>99.5</ele><time>2026-10-01T13:15:12.000Z</time></trkpt><trkpt lat="-20.17308416881495" lon="57.496337737811885"><ele>99.5</ele><time>2026-10-01T13:15:13.000Z</time></trkpt><trkpt lat="-20.17308713548165" lon="57.496333237811825"><ele>100.8</ele><time>2026-10-01T13:15:14.000Z</time></trkpt><trkpt lat="-20.173089068815006" lon="57.496328371145104"><ele>100.8</ele><time>2026-10-01T13:15:15.000Z</time></trkpt><trkpt lat="-20.173090968815025" lon="57.49632283781172"><ele>100.8</ele><time>2026-10-01T13:15:16.000Z</time></trkpt><trkpt lat="-20.173093835481673" lon="57.4963188044783"><ele>100.8</ele><time>2026-10-01T13:15:17.000Z</time></trkpt><trkpt lat="-20.1730978688149" lon="57.496315171144964"><ele>100.8</ele><time>2026-10-01T13:15:18.000Z</time></trkpt><trkpt lat="-20.173102002148134" lon="57.496311771144995"><ele>101.3</ele><time>2026-10-01T13:15:19.000Z</time></trkpt><trkpt lat="-20.173106868814735" lon="57.496309304478345"><ele>101.3</ele><time>2026-10-01T13:15:20.000Z</time></trkpt><trkpt lat="-20.1731128688147" lon="57.49630697114505"><ele>101.3</ele><time>2026-10-01T13:15:21.000Z</time></trkpt><trkpt lat="-20.173118368814702" lon="57.49630377114509"><ele>101.3</ele><time>2026-10-01T13:15:22.000Z</time></trkpt><trkpt lat="-20.17312246881478" lon="57.49630053781177"><ele>101.3</ele><time>2026-10-01T13:15:23.000Z</time></trkpt><trkpt lat="-20.17312566881484" lon="57.49629650447846"><ele>102.1</ele><time>2026-10-01T13:15:24.000Z</time></trkpt><trkpt lat="-20.173127868814873" lon="57.49629187114514"><ele>102.1</ele><time>2026-10-01T13:15:25.000Z</time></trkpt><trkpt lat="-20.173129002148208" lon="57.49628797114514"><ele>102.1</ele><time>2026-10-01T13:15:26.000Z</time></trkpt><trkpt lat="-20.17312956881488" lon="57.49628457114515"><ele>102.1</ele><time>2026-10-01T13:15:27.000Z</time></trkpt><trkpt lat="-20.173130868814855" lon="57.49628130447845"><ele>102.1</ele><time>2026-10-01T13:15:28.000Z</time></trkpt><trkpt lat="-20.1731326354815" lon="57.49627860447841"><ele>103.0</ele><time>2026-10-01T13:15:29.000Z</time></trkpt><trkpt lat="-20.173133968814813" lon="57.49627570447835"><ele>103.0</ele><time>2026-10-01T13:15:30.000Z</time></trkpt><trkpt lat="-20.17313596881482" lon="57.49627300447829"><ele>103.0</ele><time>2026-10-01T13:15:31.000Z</time></trkpt><trkpt lat="-20.17313860214819" lon="57.496270104478256"><ele>103.0</ele><time>2026-10-01T13:15:32.000Z</time></trkpt><trkpt lat="-20.17314083548161" lon="57.49626753781156"><ele>103.0</ele><time>2026-10-01T13:15:33.000Z</time></trkpt><trkpt lat="-20.173143135481695" lon="57.49626400447819"><ele>103.4</ele><time>2026-10-01T13:15:34.000Z</time></trkpt><trkpt lat="-20.173145802148447" lon="57.49626047114482"><ele>103.4</ele><time>2026-10-01T13:15:35.000Z</time></trkpt><trkpt lat="-20.173147568815175" lon="57.496255971144805"><ele>103.4</ele><time>2026-10-01T13:15:36.000Z</time></trkpt><trkpt lat="-20.173149568815194" lon="57.496251671144776"><ele>103.4</ele><time>2026-10-01T13:15:37.000Z</time></trkpt><trkpt lat="-20.17315120214853" lon="57.496248037811405"><ele>103.4</ele><time>2026-10-01T13:15:38.000Z</time></trkpt><trkpt lat="-20.17315273548188" lon="57.49624533781139"><ele>104.4</ele><time>2026-10-01T13:15:39.000Z</time></trkpt><trkpt lat="-20.17315426881523" lon="57.496242704478064"><ele>104.4</ele><time>2026-10-01T13:15:40.000Z</time></trkpt><trkpt lat="-20.173156735481875" lon="57.49624023781138"><ele>104.4</ele><time>2026-10-01T13:15:41.000Z</time></trkpt><trkpt lat="-20.17315883548187" lon="57.49623647114463"><ele>104.4</ele><time>2026-10-01T13:15:42.000Z</time></trkpt><trkpt lat="-20.173161035481876" lon="57.49623187114453"><ele>104.4</ele><time>2026-10-01T13:15:43.000Z</time></trkpt><trkpt lat="-20.17316383548183" lon="57.496227337811106"><ele>105.6</ele><time>2026-10-01T13:15:44.000Z</time></trkpt><trkpt lat="-20.17316646881512" lon="57.49622243781098"><ele>105.6</ele><time>2026-10-01T13:15:45.000Z</time></trkpt><trkpt lat="-20.173168302148447" lon="57.49621770447751"><ele>105.6</ele><time>2026-10-01T13:15:46.000Z</time></trkpt><trkpt lat="-20.173170002148435" lon="57.49621327114414"><ele>105.6</ele><time>2026-10-01T13:15:47.000Z</time></trkpt><trkpt lat="-20.173171768815067" lon="57.49620960447747"><ele>105.6</ele><time>2026-10-01T13:15:48.000Z</time></trkpt><trkpt lat="-20.173173335481728" lon="57.49620627114414"><ele>106.1</ele><time>2026-10-01T13:15:49.000Z</time></trkpt><trkpt lat="-20.173175168815064" lon="57.49620330447751"><ele>106.1</ele><time>2026-10-01T13:15:50.000Z</time></trkpt><trkpt lat="-20.17317810214846" lon="57.4962004711442"><ele>106.1</ele><time>2026-10-01T13:15:51.000Z</time></trkpt><trkpt lat="-20.173181735481815" lon="57.49619783781084"><ele>106.1</ele><time>2026-10-01T13:15:52.000Z</time></trkpt><trkpt lat="-20.173185368815176" lon="57.496194837810776"><ele>106.1</ele><time>2026-10-01T13:15:53.000Z</time></trkpt><trkpt lat="-20.17318826881521" lon="57.496191437810715"><ele>107.0</ele><time>2026-10-01T13:15:54.000Z</time></trkpt><trkpt lat="-20.173190635481884" lon="57.496188071143955"><ele>107.0</ele><time>2026-10-01T13:15:55.000Z</time></trkpt><trkpt lat="-20.173192535481864" lon="57.496184271143896"><ele>107.0</ele><time>2026-10-01T13:15:56.000Z</time></trkpt><trkpt lat="-20.17319390214856" lon="57.49618093781051"><ele>107.0</ele><time>2026-10-01T13:15:57.000Z</time></trkpt><trkpt lat="-20.17319576881527" lon="57.4961777711438"><ele>107.0</ele><time>2026-10-01T13:15:58.000Z</time></trkpt><trkpt lat="-20.173198368815303" lon="57.49617420447703"><ele>107.9</ele><time>2026-10-01T13:15:59.000Z</time></trkpt><trkpt lat="-20.173202202148715" lon="57.49617007114358"><ele>107.9</ele><time>2026-10-01T13:16:00.000Z</time></trkpt><trkpt lat="-20.173205902148794" lon="57.49616700447681"><ele>107.9</ele><time>2026-10-01T13:16:01.000Z</time></trkpt><trkpt lat="-20.17320983548222" lon="57.496163737810036"><ele>107.9</ele><time>2026-10-01T13:16:02.000Z</time></trkpt><trkpt lat="-20.173213002148962" lon="57.49615977114327"><ele>107.9</ele><time>2026-10-01T13:16:03.000Z</time></trkpt><trkpt lat="-20.17321593548241" lon="57.496155871143245"><ele>108.3</ele><time>2026-10-01T13:16:04.000Z</time></trkpt><trkpt lat="-20.173218235482512" lon="57.49615287114324"><ele>108.3</ele><time>2026-10-01T13:16:05.000Z</time></trkpt><trkpt lat="-20.17322153548259" lon="57.49614960447656"><ele>108.3</ele><time>2026-10-01T13:16:06.000Z</time></trkpt><trkpt lat="-20.173224935482622" lon="57.49614657114321"><ele>108.3</ele><time>2026-10-01T13:16:07.000Z</time></trkpt><trkpt lat="-20.17322906881602" lon="57.49614420447656"><ele>108.3</ele><time>2026-10-01T13:16:08.000Z</time></trkpt><trkpt lat="-20.17323260214939" lon="57.496142337809864"><ele>109.2</ele><time>2026-10-01T13:16:09.000Z</time></trkpt><trkpt lat="-20.173235768816077" lon="57.49613963780988"><ele>109.2</ele><time>2026-10-01T13:16:10.000Z</time></trkpt><trkpt lat="-20.17323760214943" lon="57.49613667114322"><ele>109.2</ele><time>2026-10-01T13:16:11.000Z</time></trkpt><trkpt lat="-20.17323900214946" lon="57.496133804476564"><ele>109.2</ele><time>2026-10-01T13:16:12.000Z</time></trkpt><trkpt lat="-20.173240602149516" lon="57.496131171143226"><ele>109.2</ele><time>2026-10-01T13:16:13.000Z</time></trkpt><trkpt lat="-20.173243135482913" lon="57.496128471143265"><ele>110.1</ele><time>2026-10-01T13:16:14.000Z</time></trkpt><trkpt lat="-20.17324623548296" lon="57.49612633780994"><ele>110.1</ele><time>2026-10-01T13:16:15.000Z</time></trkpt><trkpt lat="-20.173250002149732" lon="57.49612360447659"><ele>110.1</ele><time>2026-10-01T13:16:16.000Z</time></trkpt><trkpt lat="-20.173254402149798" lon="57.496120571143216"><ele>110.1</ele><time>2026-10-01T13:16:17.000Z</time></trkpt><trkpt lat="-20.173258435483127" lon="57.49611700447648"><ele>110.1</ele><time>2026-10-01T13:16:18.000Z</time></trkpt><trkpt lat="-20.173261835483125" lon="57.49611343780972"><ele>110.5</ele><time>2026-10-01T13:16:19.000Z</time></trkpt><trkpt lat="-20.173265368816455" lon="57.496109337809614"><ele>110.5</ele><time>2026-10-01T13:16:20.000Z</time></trkpt><trkpt lat="-20.173268102149727" lon="57.4961057044762"><ele>110.5</ele><time>2026-10-01T13:16:21.000Z</time></trkpt><trkpt lat="-20.173269868816373" lon="57.496102271142796"><ele>110.5</ele><time>2026-10-01T13:16:22.000Z</time></trkpt><trkpt lat="-20.17327063548303" lon="57.49609957114277"><ele>110.5</ele><time>2026-10-01T13:16:23.000Z</time></trkpt><trkpt lat="-20.17327196881638" lon="57.49609680447607"><ele>111.5</ele><time>2026-10-01T13:16:24.000Z</time></trkpt><trkpt lat="-20.17327420214975" lon="57.496095271142714"><ele>111.5</ele><time>2026-10-01T13:16:25.000Z</time></trkpt><trkpt lat="-20.17327666881646" lon="57.496093671142695"><ele>111.5</ele><time>2026-10-01T13:16:26.000Z</time></trkpt><trkpt lat="-20.173280035483163" lon="57.49609143780939"><ele>111.5</ele><time>2026-10-01T13:16:27.000Z</time></trkpt><trkpt lat="-20.173283468816532" lon="57.49608917114274"><ele>111.5</ele><time>2026-10-01T13:16:28.000Z</time></trkpt><trkpt lat="-20.173286502149875" lon="57.496088137809465"><ele>112.5</ele><time>2026-10-01T13:16:29.000Z</time></trkpt><trkpt lat="-20.17328800214988" lon="57.49608747114284"><ele>112.5</ele><time>2026-10-01T13:16:30.000Z</time></trkpt><trkpt lat="-20.173289502149885" lon="57.49608753780957"><ele>112.5</ele><time>2026-10-01T13:16:31.000Z</time></trkpt><trkpt lat="-20.173290835483233" lon="57.49608757114296"><ele>112.5</ele><time>2026-10-01T13:16:32.000Z</time></trkpt><trkpt lat="-20.17329226881658" lon="57.49608760447635"><ele>112.5</ele><time>2026-10-01T13:16:33.000Z</time></trkpt><trkpt lat="-20.17329393548325" lon="57.49608700447639"><ele>112.9</ele><time>2026-10-01T13:16:34.000Z</time></trkpt><trkpt lat="-20.173296168816606" lon="57.496085704476435"><ele>112.9</ele><time>2026-10-01T13:16:35.000Z</time></trkpt><trkpt lat="-20.17329960214996" lon="57.49608397114313"><ele>112.9</ele><time>2026-10-01T13:16:36.000Z</time></trkpt><trkpt lat="-20.17330356881671" lon="57.49608240447647"><ele>112.9</ele><time>2026-10-01T13:16:37.000Z</time></trkpt><trkpt lat="-20.173308435483413" lon="57.496080037809804"><ele>112.9</ele><time>2026-10-01T13:16:38.000Z</time></trkpt><trkpt lat="-20.173313335483495" lon="57.49607633780981"><ele>113.7</ele><time>2026-10-01T13:16:39.000Z</time></trkpt><trkpt lat="-20.173318168816884" lon="57.49607130447647"><ele>113.7</ele><time>2026-10-01T13:16:40.000Z</time></trkpt><trkpt lat="-20.17332180215027" lon="57.496065671143164"><ele>113.7</ele><time>2026-10-01T13:16:41.000Z</time></trkpt><trkpt lat="-20.173324968816956" lon="57.496060137809835"><ele>113.7</ele><time>2026-10-01T13:16:42.000Z</time></trkpt><trkpt lat="-20.17332840215031" lon="57.496055571143174"><ele>113.7</ele><time>2026-10-01T13:16:43.000Z</time></trkpt><trkpt lat="-20.173333035483562" lon="57.49605173780985"><ele>114.3</ele><time>2026-10-01T13:16:44.000Z</time></trkpt><trkpt lat="-20.17333733548351" lon="57.49604817114317"><ele>114.3</ele><time>2026-10-01T13:16:45.000Z</time></trkpt><trkpt lat="-20.173341702150122" lon="57.49604393780976"><ele>114.3</ele><time>2026-10-01T13:16:46.000Z</time></trkpt><trkpt lat="-20.173345435483373" lon="57.49603937114299"><ele>114.3</ele><time>2026-10-01T13:16:47.000Z</time></trkpt><trkpt lat="-20.17334873548336" lon="57.49603353780958"><ele>114.3</ele><time>2026-10-01T13:16:48.000Z</time></trkpt><trkpt lat="-20.173350802150072" lon="57.49602703780947"><ele>114.7</ele><time>2026-10-01T13:16:49.000Z</time></trkpt><trkpt lat="-20.173353602150147" lon="57.49602107114269"><ele>114.7</ele><time>2026-10-01T13:16:50.000Z</time></trkpt><trkpt lat="-20.17335613548354" lon="57.49601667114264"><ele>114.7</ele><time>2026-10-01T13:16:51.000Z</time></trkpt><trkpt lat="-20.173359502150326" lon="57.49601297114261"><ele>114.7</ele><time>2026-10-01T13:16:52.000Z</time></trkpt><trkpt lat="-20.17336296881707" lon="57.49601020447589"><ele>114.7</ele><time>2026-10-01T13:16:53.000Z</time></trkpt><trkpt lat="-20.173366402150492" lon="57.49600823780918"><ele>115.6</ele><time>2026-10-01T13:16:54.000Z</time></trkpt><trkpt lat="-20.173369835483914" lon="57.49600733780917"><ele>115.6</ele><time>2026-10-01T13:16:55.000Z</time></trkpt><trkpt lat="-20.173373835484032" lon="57.496006271142484"><ele>115.6</ele><time>2026-10-01T13:16:56.000Z</time></trkpt><trkpt lat="-20.173377602150747" lon="57.496005271142465"><ele>115.6</ele><time>2026-10-01T13:16:57.000Z</time></trkpt><trkpt lat="-20.173381202150814" lon="57.49600357114243"><ele>115.6</ele><time>2026-10-01T13:16:58.000Z</time></trkpt><trkpt lat="-20.173384568817557" lon="57.496001004475715"><ele>116.8</ele><time>2026-10-01T13:16:59.000Z</time></trkpt><trkpt lat="-20.173386802150922" lon="57.495997004475655"><ele>116.8</ele><time>2026-10-01T13:17:00.000Z</time></trkpt><trkpt lat="-20.173388902150958" lon="57.49599287114228"><ele>116.8</ele><time>2026-10-01T13:17:01.000Z</time></trkpt><trkpt lat="-20.173390868817656" lon="57.495988637808885"><ele>116.8</ele><time>2026-10-01T13:17:02.000Z</time></trkpt><trkpt lat="-20.17339300215101" lon="57.49598357114213"><ele>116.8</ele><time>2026-10-01T13:17:03.000Z</time></trkpt><trkpt lat="-20.173395835484378" lon="57.49597903780873"><ele>117.4</ele><time>2026-10-01T13:17:04.000Z</time></trkpt><trkpt lat="-20.173399168817745" lon="57.49597500447534"><ele>117.4</ele><time>2026-10-01T13:17:05.000Z</time></trkpt><trkpt lat="-20.173402202151102" lon="57.4959711378086"><ele>117.4</ele><time>2026-10-01T13:17:06.000Z</time></trkpt><trkpt lat="-20.17340570215115" lon="57.4959670044752"><ele>117.4</ele><time>2026-10-01T13:17:07.000Z</time></trkpt><trkpt lat="-20.173409868817924" lon="57.4959644378085"><ele>117.4</ele><time>2026-10-01T13:17:08.000Z</time></trkpt><trkpt lat="-20.173414135484656" lon="57.4959618378085"><ele>118.5</ele><time>2026-10-01T13:17:09.000Z</time></trkpt><trkpt lat="-20.173418735484724" lon="57.4959591378085"><ele>118.5</ele><time>2026-10-01T13:17:10.000Z</time></trkpt><trkpt lat="-20.17342336881811" lon="57.49595597114181"><ele>118.5</ele><time>2026-10-01T13:17:11.000Z</time></trkpt><trkpt lat="-20.17342700215148" lon="57.495953237808486"><ele>118.5</ele><time>2026-10-01T13:17:12.000Z</time></trkpt><trkpt lat="-20.17342933548481" lon="57.49595013780847"><ele>118.5</ele><time>2026-10-01T13:17:13.000Z</time></trkpt><trkpt lat="-20.17343096881815" lon="57.49594757114178"><ele>119.5</ele><time>2026-10-01T13:17:14.000Z</time></trkpt><trkpt lat="-20.17343310215145" lon="57.49594557114174"><ele>119.5</ele><time>2026-10-01T13:17:15.000Z</time></trkpt><trkpt lat="-20.173436035484723" lon="57.49594337114168"><ele>119.5</ele><time>2026-10-01T13:17:16.000Z</time></trkpt><trkpt lat="-20.17343943548468" lon="57.49594140447495"><ele>119.5</ele><time>2026-10-01T13:17:17.000Z</time></trkpt><trkpt lat="-20.173442702151302" lon="57.495939004474884"><ele>119.5</ele><time>2026-10-01T13:17:18.000Z</time></trkpt><trkpt lat="-20.17344676881798" lon="57.49593613780813"><ele>120.0</ele><time>2026-10-01T13:17:19.000Z</time></trkpt><trkpt lat="-20.17344996881804" lon="57.49593277114138"><ele>120.0</ele><time>2026-10-01T13:17:20.000Z</time></trkpt><trkpt lat="-20.173452602151446" lon="57.49592950447467"><ele>120.0</ele><time>2026-10-01T13:17:21.000Z</time></trkpt><trkpt lat="-20.173454902151505" lon="57.49592553780794"><ele>120.0</ele><time>2026-10-01T13:17:22.000Z</time></trkpt><trkpt lat="-20.173457335484898" lon="57.495921704474576"><ele>120.0</ele><time>2026-10-01T13:17:23.000Z</time></trkpt><trkpt lat="-20.17345890215157" lon="57.49591817114125"><ele>121.0</ele><time>2026-10-01T13:17:24.000Z</time></trkpt><trkpt lat="-20.173459768818226" lon="57.49591467114127"><ele>121.0</ele><time>2026-10-01T13:17:25.000Z</time></trkpt><trkpt lat="-20.173460435484905" lon="57.49591073780796"><ele>121.0</ele><time>2026-10-01T13:17:26.000Z</time></trkpt><trkpt lat="-20.173461735484924" lon="57.495907037808"><ele>121.0</ele><time>2026-10-01T13:17:27.000Z</time></trkpt><trkpt lat="-20.17346360215162" lon="57.4959035044747"><ele>121.0</ele><time>2026-10-01T13:17:28.000Z</time></trkpt><trkpt lat="-20.17346486881832" lon="57.49589880447466"><ele>122.0</ele><time>2026-10-01T13:17:29.000Z</time></trkpt><trkpt lat="-20.173466435485018" lon="57.4958937378079"><ele>122.0</ele><time>2026-10-01T13:17:30.000Z</time></trkpt><trkpt lat="-20.173467768818366" lon="57.49589010447448"><ele>122.0</ele><time>2026-10-01T13:17:31.000Z</time></trkpt><trkpt lat="-20.17346846881838" lon="57.49588590447438"><ele>122.0</ele><time>2026-10-01T13:17:32.000Z</time></trkpt><trkpt lat="-20.173468768818395" lon="57.4958827378076"><ele>122.0</ele><time>2026-10-01T13:17:33.000Z</time></trkpt><trkpt lat="-20.173470002151745" lon="57.495880471140865"><ele>122.4</ele><time>2026-10-01T13:17:34.000Z</time></trkpt><trkpt lat="-20.17347166881843" lon="57.495879604474204"><ele>122.4</ele><time>2026-10-01T13:17:35.000Z</time></trkpt><trkpt lat="-20.173473135485114" lon="57.49587893780754"><ele>122.4</ele><time>2026-10-01T13:17:36.000Z</time></trkpt><trkpt lat="-20.173474435485133" lon="57.49587937114087"><ele>122.4</ele><time>2026-10-01T13:17:37.000Z</time></trkpt><trkpt lat="-20.17347610215183" lon="57.49587907114087"><ele>122.4</ele><time>2026-10-01T13:17:38.000Z</time></trkpt><trkpt lat="-20.173477102151857" lon="57.49587957114087"><ele>123.5</ele><time>2026-10-01T13:17:39.000Z</time></trkpt><trkpt lat="-20.17347910215189" lon="57.49588000447418"><ele>123.5</ele><time>2026-10-01T13:17:40.000Z</time></trkpt><trkpt lat="-20.173482168818616" lon="57.495879271140836"><ele>123.5</ele><time>2026-10-01T13:17:41.000Z</time></trkpt><trkpt lat="-20.17348650215204" lon="57.49587823780748"><ele>123.5</ele><time>2026-10-01T13:17:42.000Z</time></trkpt><trkpt lat="-20.1734909688188" lon="57.49587710447414"><ele>123.5</ele><time>2026-10-01T13:17:43.000Z</time></trkpt><trkpt lat="-20.17349620215224" lon="57.495875437807456"><ele>124.7</ele><time>2026-10-01T13:17:44.000Z</time></trkpt><trkpt lat="-20.17350056881904" lon="57.495873271140795"><ele>124.7</ele><time>2026-10-01T13:17:45.000Z</time></trkpt><trkpt lat="-20.17350356881913" lon="57.495871537807446"><ele>124.7</ele><time>2026-10-01T13:17:46.000Z</time></trkpt><trkpt lat="-20.17350600215251" lon="57.49586967114077"><ele>124.7</ele><time>2026-10-01T13:17:47.000Z</time></trkpt><trkpt lat="-20.17350816881922" lon="57.495867771140766"><ele>124.7</ele><time>2026-10-01T13:17:48.000Z</time></trkpt><trkpt lat="-20.17350990215259" lon="57.49586593780744"><ele>125.2</ele><time>2026-10-01T13:17:49.000Z</time></trkpt><trkpt lat="-20.17351200215258" lon="57.49586273780742"><ele>125.2</ele><time>2026-10-01T13:17:50.000Z</time></trkpt><trkpt lat="-20.173515168819243" lon="57.495859237807416"><ele>125.2</ele><time>2026-10-01T13:17:51.000Z</time></trkpt><trkpt lat="-20.173519035485896" lon="57.495855237807405"><ele>125.2</ele><time>2026-10-01T13:17:52.000Z</time></trkpt><trkpt lat="-20.173523402152508" lon="57.49585093780737"><ele>125.2</ele><time>2026-10-01T13:17:53.000Z</time></trkpt><trkpt lat="-20.173528035485816" lon="57.49584683780732"><ele>126.2</ele><time>2026-10-01T13:17:54.000Z</time></trkpt><trkpt lat="-20.173532002152466" lon="57.49584403780729"><ele>126.2</ele><time>2026-10-01T13:17:55.000Z</time></trkpt><trkpt lat="-20.173536468819186" lon="57.49584137114058"><ele>126.2</ele><time>2026-10-01T13:17:56.000Z</time></trkpt><trkpt lat="-20.17354000215262" lon="57.49583873780718"><ele>126.2</ele><time>2026-10-01T13:17:57.000Z</time></trkpt><trkpt lat="-20.173542168819402" lon="57.49583663780716"><ele>126.2</ele><time>2026-10-01T13:17:58.000Z</time></trkpt><trkpt lat="-20.17354393548615" lon="57.49583470447381"><ele>127.1</ele><time>2026-10-01T13:17:59.000Z</time></trkpt><trkpt lat="-20.173545535486234" lon="57.49583300447377"><ele>127.1</ele><time>2026-10-01T13:18:00.000Z</time></trkpt><trkpt lat="-20.173545935486263" lon="57.49583177114041"><ele>127.1</ele><time>2026-10-01T13:18:01.000Z</time></trkpt><trkpt lat="-20.17354590215293" lon="57.495830671140425"><ele>127.1</ele><time>2026-10-01T13:18:02.000Z</time></trkpt><trkpt lat="-20.173546135486266" lon="57.49582980447377"><ele>127.1</ele><time>2026-10-01T13:18:03.000Z</time></trkpt><trkpt lat="-20.17354686881959" lon="57.495828504473785"><ele>127.6</ele><time>2026-10-01T13:18:04.000Z</time></trkpt><trkpt lat="-20.173547768819578" lon="57.4958263044738"><ele>127.6</ele><time>2026-10-01T13:18:05.000Z</time></trkpt><trkpt lat="-20.173549068819568" lon="57.495823037807135"><ele>127.6</ele><time>2026-10-01T13:18:06.000Z</time></trkpt><trkpt lat="-20.173550102152877" lon="57.495820004473764"><ele>127.6</ele><time>2026-10-01T13:18:07.000Z</time></trkpt><trkpt lat="-20.173551335486184" lon="57.49581610447372"><ele>127.6</ele><time>2026-10-01T13:18:08.000Z</time></trkpt><trkpt lat="-20.173552835486213" lon="57.49581233780699"><ele>128.4</ele><time>2026-10-01T13:18:09.000Z</time></trkpt><trkpt lat="-20.173555068819542" lon="57.49580847114021"><ele>128.4</ele><time>2026-10-01T13:18:10.000Z</time></trkpt><trkpt lat="-20.17355770215287" lon="57.49580517114013"><ele>128.4</ele><time>2026-10-01T13:18:11.000Z</time></trkpt><trkpt lat="-20.17356143548624" lon="57.49580203780672"><ele>128.4</ele><time>2026-10-01T13:18:12.000Z</time></trkpt><trkpt lat="-20.173565868819573" lon="57.49579947113998"><ele>128.4</ele><time>2026-10-01T13:18:13.000Z</time></trkpt><trkpt lat="-20.173569102152847" lon="57.49579677113987"><ele>129.1</ele><time>2026-10-01T13:18:14.000Z</time></trkpt><trkpt lat="-20.17357133548616" lon="57.49579480447314"><ele>129.1</ele><time>2026-10-01T13:18:15.000Z</time></trkpt><trkpt lat="-20.17357293548614" lon="57.495792504473044"><ele>129.1</ele><time>2026-10-01T13:18:16.000Z</time></trkpt><trkpt lat="-20.173573902152768" lon="57.49579037113963"><ele>129.1</ele><time>2026-10-01T13:18:17.000Z</time></trkpt><trkpt lat="-20.1735740354861" lon="57.49578853780622"><ele>129.1</ele><time>2026-10-01T13:18:18.000Z</time></trkpt><trkpt lat="-20.17357440215278" lon="57.49578723780619"><ele>129.5</ele><time>2026-10-01T13:18:19.000Z</time></trkpt><trkpt lat="-20.173574868819465" lon="57.495786204472836"><ele>129.5</ele><time>2026-10-01T13:18:20.000Z</time></trkpt><trkpt lat="-20.173576068819436" lon="57.495785371139505"><ele>129.5</ele><time>2026-10-01T13:18:21.000Z</time></trkpt><trkpt lat="-20.173577902152765" lon="57.49578483780617"><ele>129.5</ele><time>2026-10-01T13:18:22.000Z</time></trkpt><trkpt lat="-20.173580435486105" lon="57.49578380447284"><ele>129.5</ele><time>2026-10-01T13:18:23.000Z</time></trkpt><trkpt lat="-20.173583635486114" lon="57.49578253780618"><ele>130.5</ele><time>2026-10-01T13:18:24.000Z</time></trkpt><trkpt lat="-20.173587235486124" lon="57.495780637806185"><ele>130.5</ele><time>2026-10-01T13:18:25.000Z</time></trkpt><trkpt lat="-20.17359000215284" lon="57.49577983780616"><ele>130.5</ele><time>2026-10-01T13:18:26.000Z</time></trkpt><trkpt lat="-20.17359186881952" lon="57.49577913780615"><ele>130.5</ele><time>2026-10-01T13:18:27.000Z</time></trkpt><trkpt lat="-20.17359353548618" lon="57.49577877113946"><ele>130.5</ele><time>2026-10-01T13:18:28.000Z</time></trkpt><trkpt lat="-20.17359443548617" lon="57.495778737806106"><ele>131.5</ele><time>2026-10-01T13:18:29.000Z</time></trkpt><trkpt lat="-20.173594935486157" lon="57.495779337806106"><ele>131.5</ele><time>2026-10-01T13:18:30.000Z</time></trkpt><trkpt lat="-20.17359536881948" lon="57.49577947113944"><ele>131.5</ele><time>2026-10-01T13:18:31.000Z</time></trkpt><trkpt lat="-20.173596068819485" lon="57.4957792378061"><ele>131.5</ele><time>2026-10-01T13:18:32.000Z</time></trkpt><trkpt lat="-20.17359620215283" lon="57.49577917113943"><ele>131.5</ele><time>2026-10-01T13:18:33.000Z</time></trkpt><trkpt lat="-20.173596802152858" lon="57.495779171139404"><ele>131.9</ele><time>2026-10-01T13:18:34.000Z</time></trkpt><trkpt lat="-20.173597668819554" lon="57.49577923780605"><ele>131.9</ele><time>2026-10-01T13:18:35.000Z</time></trkpt><trkpt lat="-20.173599235486236" lon="57.49577840447269"><ele>131.9</ele><time>2026-10-01T13:18:36.000Z</time></trkpt><trkpt lat="-20.173600902152906" lon="57.49577703780598"><ele>131.9</ele><time>2026-10-01T13:18:37.000Z</time></trkpt><trkpt lat="-20.173602468819578" lon="57.49577393780587"><ele>131.9</ele><time>2026-10-01T13:18:38.000Z</time></trkpt><trkpt lat="-20.17360436881956" lon="57.495770437805774"><ele>132.6</ele><time>2026-10-01T13:18:39.000Z</time></trkpt><trkpt lat="-20.17360643548622" lon="57.495766571139015"><ele>132.6</ele><time>2026-10-01T13:18:40.000Z</time></trkpt><trkpt lat="-20.17360866881959" lon="57.49576257113887"><ele>132.6</ele><time>2026-10-01T13:18:41.000Z</time></trkpt><trkpt lat="-20.17361173548625" lon="57.4957584378054"><ele>132.6</ele><time>2026-10-01T13:18:42.000Z</time></trkpt><trkpt lat="-20.17361576881961" lon="57.49575557113864"><ele>132.6</ele><time>2026-10-01T13:18:43.000Z</time></trkpt><trkpt lat="-20.173619568819667" lon="57.49575263780521"><ele>133.3</ele><time>2026-10-01T13:18:44.000Z</time></trkpt><trkpt lat="-20.17362350215304" lon="57.49574917113843"><ele>133.3</ele><time>2026-10-01T13:18:45.000Z</time></trkpt><trkpt lat="-20.173626402153044" lon="57.49574597113836"><ele>133.3</ele><time>2026-10-01T13:18:46.000Z</time></trkpt><trkpt lat="-20.173628502153104" lon="57.49574410447168"><ele>133.3</ele><time>2026-10-01T13:18:47.000Z</time></trkpt><trkpt lat="-20.17363036881982" lon="57.4957424044717"><ele>133.3</ele><time>2026-10-01T13:18:48.000Z</time></trkpt><trkpt lat="-20.17363210215317" lon="57.49574053780505"><ele>133.8</ele><time>2026-10-01T13:18:49.000Z</time></trkpt><trkpt lat="-20.17363383548652" lon="57.49573833780512"><ele>133.8</ele><time>2026-10-01T13:18:50.000Z</time></trkpt><trkpt lat="-20.173637168819837" lon="57.495736104471845"><ele>133.8</ele><time>2026-10-01T13:18:51.000Z</time></trkpt><trkpt lat="-20.17364146881981" lon="57.495731804471816"><ele>133.8</ele><time>2026-10-01T13:18:52.000Z</time></trkpt><trkpt lat="-20.173645468819768" lon="57.495726537805055"><ele>133.8</ele><time>2026-10-01T13:18:53.000Z</time></trkpt><trkpt lat="-20.173648968819727" lon="57.495720337804926"><ele>134.7</ele><time>2026-10-01T13:18:54.000Z</time></trkpt><trkpt lat="-20.173652368819724" lon="57.495715137804766"><ele>134.7</ele><time>2026-10-01T13:18:55.000Z</time></trkpt><trkpt lat="-20.17365490215308" lon="57.49571063780462"><ele>134.7</ele><time>2026-10-01T13:18:56.000Z</time></trkpt><trkpt lat="-20.173656368819763" lon="57.49570760447119"><ele>134.7</ele><time>2026-10-01T13:18:57.000Z</time></trkpt><trkpt lat="-20.173657502153112" lon="57.49570600447115"><ele>134.7</ele><time>2026-10-01T13:18:58.000Z</time></trkpt><trkpt lat="-20.17365880215313" lon="57.49570580447115"><ele>135.8</ele><time>2026-10-01T13:18:59.000Z</time></trkpt><trkpt lat="-20.173660035486453" lon="57.495703971137786"><ele>135.8</ele><time>2026-10-01T13:19:00.000Z</time></trkpt><trkpt lat="-20.173661168819816" lon="57.49570207113775"><ele>135.8</ele><time>2026-10-01T13:19:01.000Z</time></trkpt><trkpt lat="-20.173661868819845" lon="57.49569997113773"><ele>135.8</ele><time>2026-10-01T13:19:02.000Z</time></trkpt><trkpt lat="-20.173663002153223" lon="57.49569743780437"><ele>135.8</ele><time>2026-10-01T13:19:03.000Z</time></trkpt><trkpt lat="-20.173664835486584" lon="57.495694804471"><ele>136.3</ele><time>2026-10-01T13:19:04.000Z</time></trkpt><trkpt lat="-20.173666802153285" lon="57.49569370447098"><ele>136.3</ele><time>2026-10-01T13:19:05.000Z</time></trkpt><trkpt lat="-20.173667735486635" lon="57.49569347113762"><ele>136.3</ele><time>2026-10-01T13:19:06.000Z</time></trkpt><trkpt lat="-20.17366883548665" lon="57.49569353780426"><ele>136.3</ele><time>2026-10-01T13:19:07.000Z</time></trkpt><trkpt lat="-20.17366930215332" lon="57.4956940044709"><ele>136.3</ele><time>2026-10-01T13:19:08.000Z</time></trkpt><trkpt lat="-20.173668635486653" lon="57.49569497113754"><ele>137.3</ele><time>2026-10-01T13:19:09.000Z</time></trkpt><trkpt lat="-20.17366783548665" lon="57.49569583780419"><ele>137.3</ele><time>2026-10-01T13:19:10.000Z</time></trkpt><trkpt lat="-20.173667602153305" lon="57.49569600447087"><ele>137.3</ele><time>2026-10-01T13:19:11.000Z</time></trkpt><trkpt lat="-20.173667368819956" lon="57.495696171137546"><ele>137.3</ele><time>2026-10-01T13:19:12.000Z</time></trkpt><trkpt lat="-20.17366733548661" lon="57.49569620447089"><ele>137.3</ele><time>2026-10-01T13:19:13.000Z</time></trkpt><trkpt lat="-20.17366836881996" lon="57.49569463780423"><ele>138.2</ele><time>2026-10-01T13:19:14.000Z</time></trkpt><trkpt lat="-20.173669535486646" lon="57.49569277113754"><ele>138.2</ele><time>2026-10-01T13:19:15.000Z</time></trkpt><trkpt lat="-20.173671835486637" lon="57.495690637804174"><ele>138.2</ele><time>2026-10-01T13:19:16.000Z</time></trkpt><trkpt lat="-20.17367513548666" lon="57.495688437804134"><ele>138.2</ele><time>2026-10-01T13:19:17.000Z</time></trkpt><trkpt lat="-20.173678635486688" lon="57.495686304470766"><ele>138.2</ele><time>2026-10-01T13:19:18.000Z</time></trkpt><trkpt lat="-20.17368273548674" lon="57.49568450447073"><ele>138.6</ele><time>2026-10-01T13:19:19.000Z</time></trkpt><trkpt lat="-20.173687335486807" lon="57.49568270447071"><ele>138.6</ele><time>2026-10-01T13:19:20.000Z</time></trkpt><trkpt lat="-20.173691002153564" lon="57.49568053780401"><ele>138.6</ele><time>2026-10-01T13:19:21.000Z</time></trkpt><trkpt lat="-20.173694135486986" lon="57.495677704470644"><ele>138.6</ele><time>2026-10-01T13:19:22.000Z</time></trkpt><trkpt lat="-20.173697502153754" lon="57.49567497113726"><ele>138.6</ele><time>2026-10-01T13:19:23.000Z</time></trkpt><trkpt lat="-20.17369946882048" lon="57.49567297113723"><ele>139.3</ele><time>2026-10-01T13:19:24.000Z</time></trkpt><trkpt lat="-20.173700302153858" lon="57.49567127113717"><ele>139.3</ele><time>2026-10-01T13:19:25.000Z</time></trkpt><trkpt lat="-20.17370140215393" lon="57.4956697378038"><ele>139.3</ele><time>2026-10-01T13:19:26.000Z</time></trkpt><trkpt lat="-20.173702035487302" lon="57.49566893780379"><ele>139.3</ele><time>2026-10-01T13:19:27.000Z</time></trkpt><trkpt lat="-20.173702235487333" lon="57.49566797113711"><ele>139.3</ele><time>2026-10-01T13:19:28.000Z</time></trkpt><trkpt lat="-20.17370303548737" lon="57.49566610447042"><ele>140.0</ele><time>2026-10-01T13:19:29.000Z</time></trkpt><trkpt lat="-20.173704302154096" lon="57.49566367113707"><ele>140.0</ele><time>2026-10-01T13:19:30.000Z</time></trkpt><trkpt lat="-20.17370560215414" lon="57.495661571137056"><ele>140.0</ele><time>2026-10-01T13:19:31.000Z</time></trkpt><trkpt lat="-20.17370826882084" lon="57.49565820447032"><ele>140.0</ele><time>2026-10-01T13:19:32.000Z</time></trkpt><trkpt lat="-20.17371200215421" lon="57.49565473780358"><ele>140.0</ele><time>2026-10-01T13:19:33.000Z</time></trkpt><trkpt lat="-20.1737155688209" lon="57.495652471136836"><ele>140.3</ele><time>2026-10-01T13:19:34.000Z</time></trkpt><trkpt lat="-20.173718602154242" lon="57.49565073780343"><ele>140.3</ele><time>2026-10-01T13:19:35.000Z</time></trkpt><trkpt lat="-20.1737211688209" lon="57.49564863780337"><ele>140.3</ele><time>2026-10-01T13:19:36.000Z</time></trkpt><trkpt lat="-20.173722968820933" lon="57.49564690446999"><ele>140.3</ele><time>2026-10-01T13:19:37.000Z</time></trkpt><trkpt lat="-20.173724402154285" lon="57.49564540446994"><ele>140.3</ele><time>2026-10-01T13:19:38.000Z</time></trkpt><trkpt lat="-20.173726435487666" lon="57.495642871136525"><ele>140.9</ele><time>2026-10-01T13:19:39.000Z</time></trkpt><trkpt lat="-20.1737293354877" lon="57.49563990446978"><ele>140.9</ele><time>2026-10-01T13:19:40.000Z</time></trkpt><trkpt lat="-20.173732568821084" lon="57.49563663780303"><ele>140.9</ele><time>2026-10-01T13:19:41.000Z</time></trkpt><trkpt lat="-20.17373550215445" lon="57.49563463780297"><ele>140.9</ele><time>2026-10-01T13:19:42.000Z</time></trkpt><trkpt lat="-20.17373836882118" lon="57.49563220446957"><ele>140.9</ele><time>2026-10-01T13:19:43.000Z</time></trkpt><trkpt lat="-20.173740402154543" lon="57.49562983780286"><ele>141.6</ele><time>2026-10-01T13:19:44.000Z</time></trkpt><trkpt lat="-20.17374170215459" lon="57.49562810446948"><ele>141.6</ele><time>2026-10-01T13:19:45.000Z</time></trkpt><trkpt lat="-20.173742535487953" lon="57.49562700446944"><ele>141.6</ele><time>2026-10-01T13:19:46.000Z</time></trkpt><trkpt lat="-20.17374343548798" lon="57.495625571136074"><ele>141.6</ele><time>2026-10-01T13:19:47.000Z</time></trkpt><trkpt lat="-20.173744102154664" lon="57.49562393780271"><ele>141.6</ele><time>2026-10-01T13:19:48.000Z</time></trkpt><trkpt lat="-20.173744602154677" lon="57.49562280446937"><ele>141.9</ele><time>2026-10-01T13:19:49.000Z</time></trkpt><trkpt lat="-20.173745035488025" lon="57.495621704469364"><ele>141.9</ele><time>2026-10-01T13:19:50.000Z</time></trkpt><trkpt lat="-20.17374556882137" lon="57.49562077113602"><ele>141.9</ele><time>2026-10-01T13:19:51.000Z</time></trkpt><trkpt lat="-20.173745802154706" lon="57.49561980446934"><ele>141.9</ele><time>2026-10-01T13:19:52.000Z</time></trkpt><trkpt lat="-20.173745835488038" lon="57.49561870446934"><ele>141.9</ele><time>2026-10-01T13:19:53.000Z</time></trkpt><trkpt lat="-20.173746168821374" lon="57.495617637802674"><ele>142.6</ele><time>2026-10-01T13:19:54.000Z</time></trkpt><trkpt lat="-20.173746602154708" lon="57.49561673780268"><ele>142.6</ele><time>2026-10-01T13:19:55.000Z</time></trkpt><trkpt lat="-20.17374703548804" lon="57.495615837802674"><ele>142.6</ele><time>2026-10-01T13:19:56.000Z</time></trkpt><trkpt lat="-20.173747535488044" lon="57.495613804469386"><ele>142.6</ele><time>2026-10-01T13:19:57.000Z</time></trkpt><trkpt lat="-20.17374830215474" lon="57.495611604469424"><ele>142.6</ele><time>2026-10-01T13:19:58.000Z</time></trkpt><trkpt lat="-20.17374963548813" lon="57.49560933780278"><ele>143.2</ele><time>2026-10-01T13:19:59.000Z</time></trkpt><trkpt lat="-20.173751102154856" lon="57.49560687113613"><ele>143.2</ele><time>2026-10-01T13:20:00.000Z</time></trkpt><trkpt lat="-20.173752402154914" lon="57.49560400446948"><ele>143.2</ele><time>2026-10-01T13:20:01.000Z</time></trkpt><trkpt lat="-20.17375436882164" lon="57.49560230446944"><ele>143.2</ele><time>2026-10-01T13:20:02.000Z</time></trkpt><trkpt lat="-20.173756202155012" lon="57.49560090446943"><ele>143.2</ele><time>2026-10-01T13:20:03.000Z</time></trkpt><trkpt lat="-20.173758102155016" lon="57.495599904469415"><ele>143.4</ele><time>2026-10-01T13:20:04.000Z</time></trkpt><trkpt lat="-20.17376043548834" lon="57.495598471136056"><ele>143.4</ele><time>2026-10-01T13:20:05.000Z</time></trkpt><trkpt lat="-20.173763935488363" lon="57.495596871136044"><ele>143.4</ele><time>2026-10-01T13:20:06.000Z</time></trkpt><trkpt lat="-20.17376680215505" lon="57.495594804469384"><ele>143.4</ele><time>2026-10-01T13:20:07.000Z</time></trkpt><trkpt lat="-20.17376920215507" lon="57.495592904469376"><ele>143.4</ele><time>2026-10-01T13:20:08.000Z</time></trkpt><trkpt lat="-20.17377080215509" lon="57.49559067113603"><ele>143.9</ele><time>2026-10-01T13:20:09.000Z</time></trkpt><trkpt lat="-20.173771868821785" lon="57.49558927113604"><ele>143.9</ele><time>2026-10-01T13:20:10.000Z</time></trkpt><trkpt lat="-20.173771935488453" lon="57.495588671136055"><ele>143.9</ele><time>2026-10-01T13:20:11.000Z</time></trkpt><trkpt lat="-20.173771835488452" lon="57.49558850446939"><ele>143.9</ele><time>2026-10-01T13:20:12.000Z</time></trkpt><trkpt lat="-20.173771868821785" lon="57.495588671136055"><ele>143.9</ele><time>2026-10-01T13:20:13.000Z</time></trkpt><trkpt lat="-20.173772135488466" lon="57.4955891044694"><ele>144.6</ele><time>2026-10-01T13:20:14.000Z</time></trkpt><trkpt lat="-20.173772368821812" lon="57.49558933780274"><ele>144.6</ele><time>2026-10-01T13:20:15.000Z</time></trkpt><trkpt lat="-20.17377260215516" lon="57.49558933780274"><ele>144.6</ele><time>2026-10-01T13:20:16.000Z</time></trkpt><trkpt lat="-20.173772835488506" lon="57.49558933780274"><ele>144.6</ele><time>2026-10-01T13:20:17.000Z</time></trkpt><trkpt lat="-20.173773068821852" lon="57.49558933780274"><ele>144.6</ele><time>2026-10-01T13:20:18.000Z</time></trkpt><trkpt lat="-20.173773068821852" lon="57.49558933780274"><ele>144.9</ele><time>2026-10-01T13:20:19.000Z</time></trkpt><trkpt lat="-20.173773068821852" lon="57.49558933780274"><ele>144.9</ele><time>2026-10-01T13:20:20.000Z</time></trkpt><trkpt lat="-20.173773068821852" lon="57.49558933780274"><ele>144.9</ele><time>2026-10-01T13:20:21.000Z</time></trkpt><trkpt lat="-20.173773068821852" lon="57.49558933780274"><ele>144.9</ele><time>2026-10-01T13:20:22.000Z</time></trkpt><trkpt lat="-20.173773435488535" lon="57.49558937113608"><ele>144.9</ele><time>2026-10-01T13:20:23.000Z</time></trkpt><trkpt lat="-20.173773802155218" lon="57.49558940446941"><ele>145.4</ele><time>2026-10-01T13:20:24.000Z</time></trkpt><trkpt lat="-20.1737742688219" lon="57.49558963780275"><ele>145.4</ele><time>2026-10-01T13:20:25.000Z</time></trkpt><trkpt lat="-20.173774735488585" lon="57.4955898711361"><ele>145.4</ele><time>2026-10-01T13:20:26.000Z</time></trkpt><trkpt lat="-20.173775202155266" lon="57.49559010446944"><ele>145.4</ele><time>2026-10-01T13:20:27.000Z</time></trkpt><trkpt lat="-20.17377530215527" lon="57.49559030446945"><ele>145.4</ele><time>2026-10-01T13:20:28.000Z</time></trkpt><trkpt lat="-20.173775602155267" lon="57.49558993780276"><ele>145.6</ele><time>2026-10-01T13:20:29.000Z</time></trkpt><trkpt lat="-20.1737759354886" lon="57.49558903780273"><ele>145.6</ele><time>2026-10-01T13:20:30.000Z</time></trkpt><trkpt lat="-20.17377673548863" lon="57.49558720446937"><ele>145.6</ele><time>2026-10-01T13:20:31.000Z</time></trkpt><trkpt lat="-20.173778202155326" lon="57.49558457113602"><ele>145.6</ele><time>2026-10-01T13:20:32.000Z</time></trkpt><trkpt lat="-20.173779235488674" lon="57.49558133780268"><ele>145.6</ele><time>2026-10-01T13:20:33.000Z</time></trkpt><trkpt lat="-20.173780202155356" lon="57.49557827113604"><ele>145.7</ele><time>2026-10-01T13:20:34.000Z</time></trkpt><trkpt lat="-20.173781135488706" lon="57.495574837802714"><ele>145.7</ele><time>2026-10-01T13:20:35.000Z</time></trkpt><trkpt lat="-20.173782368822042" lon="57.49557213780272"><ele>145.7</ele><time>2026-10-01T13:20:36.000Z</time></trkpt><trkpt lat="-20.17378280215538" lon="57.49556983780271"><ele>145.7</ele><time>2026-10-01T13:20:37.000Z</time></trkpt><trkpt lat="-20.173784235488718" lon="57.49556773780269"><ele>145.7</ele><time>2026-10-01T13:20:38.000Z</time></trkpt><trkpt lat="-20.17378633548872" lon="57.49556530446934"><ele>145.7</ele><time>2026-10-01T13:20:39.000Z</time></trkpt><trkpt lat="-20.173789002155395" lon="57.49556320446934"><ele>145.7</ele><time>2026-10-01T13:20:40.000Z</time></trkpt><trkpt lat="-20.173791568822054" lon="57.495561237802676"><ele>145.7</ele><time>2026-10-01T13:20:41.000Z</time></trkpt><trkpt lat="-20.173795835488733" lon="57.495559671136014"><ele>145.7</ele><time>2026-10-01T13:20:42.000Z</time></trkpt><trkpt lat="-20.173800235488745" lon="57.495557704469356"><ele>145.7</ele><time>2026-10-01T13:20:43.000Z</time></trkpt><trkpt lat="-20.17380513548877" lon="57.495556204469345"><ele>145.9</ele><time>2026-10-01T13:20:44.000Z</time></trkpt><trkpt lat="-20.17380973548881" lon="57.49555417113602"><ele>145.9</ele><time>2026-10-01T13:20:45.000Z</time></trkpt><trkpt lat="-20.173813768822182" lon="57.49555093780265"><ele>145.9</ele><time>2026-10-01T13:20:46.000Z</time></trkpt><trkpt lat="-20.17381696882223" lon="57.49554733780261"><ele>145.9</ele><time>2026-10-01T13:20:47.000Z</time></trkpt><trkpt lat="-20.17382053548896" lon="57.49554350446927"><ele>145.9</ele><time>2026-10-01T13:20:48.000Z</time></trkpt><trkpt lat="-20.173822735489008" lon="57.49553940446926"><ele>146.1</ele><time>2026-10-01T13:20:49.000Z</time></trkpt><trkpt lat="-20.173825235489044" lon="57.49553533780257"><ele>146.1</ele><time>2026-10-01T13:20:50.000Z</time></trkpt><trkpt lat="-20.173827502155742" lon="57.49553277113593"><ele>146.1</ele><time>2026-10-01T13:20:51.000Z</time></trkpt><trkpt lat="-20.173828768822414" lon="57.495530337802606"><ele>146.1</ele><time>2026-10-01T13:20:52.000Z</time></trkpt><trkpt lat="-20.17382956882244" lon="57.49552787113597"><ele>146.1</ele><time>2026-10-01T13:20:53.000Z</time></trkpt><trkpt lat="-20.173830902155835" lon="57.49552560446932"><ele>146.9</ele><time>2026-10-01T13:20:54.000Z</time></trkpt><trkpt lat="-20.173832268822544" lon="57.495523437802625"><ele>146.9</ele><time>2026-10-01T13:20:55.000Z</time></trkpt><trkpt lat="-20.17383366882259" lon="57.495520937802596"><ele>146.9</ele><time>2026-10-01T13:20:56.000Z</time></trkpt><trkpt lat="-20.173834802155962" lon="57.49551717113589"><ele>146.9</ele><time>2026-10-01T13:20:57.000Z</time></trkpt><trkpt lat="-20.173836402155978" lon="57.49551450446914"><ele>146.9</ele><time>2026-10-01T13:20:58.000Z</time></trkpt><trkpt lat="-20.17383750215597" lon="57.49551187113572"><ele>148.1</ele><time>2026-10-01T13:20:59.000Z</time></trkpt><trkpt lat="-20.17383880215593" lon="57.49550947113564"><ele>148.1</ele><time>2026-10-01T13:21:00.000Z</time></trkpt><trkpt lat="-20.173840435489243" lon="57.495506671135594"><ele>148.1</ele><time>2026-10-01T13:21:01.000Z</time></trkpt><trkpt lat="-20.17384220215589" lon="57.495505804468905"><ele>148.1</ele><time>2026-10-01T13:21:02.000Z</time></trkpt><trkpt lat="-20.173844635489253" lon="57.49550470446887"><ele>148.1</ele><time>2026-10-01T13:21:03.000Z</time></trkpt><trkpt lat="-20.173848135489305" lon="57.495503037802166"><ele>148.6</ele><time>2026-10-01T13:21:04.000Z</time></trkpt><trkpt lat="-20.17385120215609" lon="57.495500604468745"><ele>148.6</ele><time>2026-10-01T13:21:05.000Z</time></trkpt><trkpt lat="-20.17385453548954" lon="57.4954971044686"><ele>148.6</ele><time>2026-10-01T13:21:06.000Z</time></trkpt><trkpt lat="-20.173857902156307" lon="57.49549167113507"><ele>148.6</ele><time>2026-10-01T13:21:07.000Z</time></trkpt><trkpt lat="-20.173860102156343" lon="57.49548543780149"><ele>148.6</ele><time>2026-10-01T13:21:08.000Z</time></trkpt><trkpt lat="-20.17386143548969" lon="57.495478871134594"><ele>149.6</ele><time>2026-10-01T13:21:09.000Z</time></trkpt><trkpt lat="-20.17386303548971" lon="57.49547350446776"><ele>149.6</ele><time>2026-10-01T13:21:10.000Z</time></trkpt><trkpt lat="-20.173863968823046" lon="57.49546967113429"><ele>149.6</ele><time>2026-10-01T13:21:11.000Z</time></trkpt><trkpt lat="-20.173865168823063" lon="57.49546733780086"><ele>149.6</ele><time>2026-10-01T13:21:12.000Z</time></trkpt><trkpt lat="-20.17386560215642" lon="57.49546593780084"><ele>149.6</ele><time>2026-10-01T13:21:13.000Z</time></trkpt><trkpt lat="-20.173865402156423" lon="57.495465771134164"><ele>150.4</ele><time>2026-10-01T13:21:14.000Z</time></trkpt><trkpt lat="-20.173864468823062" lon="57.495465704467485"><ele>150.4</ele><time>2026-10-01T13:21:15.000Z</time></trkpt><trkpt lat="-20.173863702156364" lon="57.49546567113415"><ele>150.4</ele><time>2026-10-01T13:21:16.000Z</time></trkpt><trkpt lat="-20.17386303548967" lon="57.49546563780082"><ele>150.4</ele><time>2026-10-01T13:21:17.000Z</time></trkpt><trkpt lat="-20.173863535489687" lon="57.49546487113414"><ele>150.4</ele><time>2026-10-01T13:21:18.000Z</time></trkpt><trkpt lat="-20.173865335489715" lon="57.4954632378008"><ele>150.9</ele><time>2026-10-01T13:21:19.000Z</time></trkpt><trkpt lat="-20.173867702156404" lon="57.49546087113409"><ele>150.9</ele><time>2026-10-01T13:21:20.000Z</time></trkpt><trkpt lat="-20.173870768823075" lon="57.49545877113407"><ele>150.9</ele><time>2026-10-01T13:21:21.000Z</time></trkpt><trkpt lat="-20.173874335489764" lon="57.49545607113403"><ele>150.9</ele><time>2026-10-01T13:21:22.000Z</time></trkpt><trkpt lat="-20.1738781354898" lon="57.49545370446733"><ele>150.9</ele><time>2026-10-01T13:21:23.000Z</time></trkpt><trkpt lat="-20.17388116882318" lon="57.49545183780064"><ele>151.8</ele><time>2026-10-01T13:21:24.000Z</time></trkpt><trkpt lat="-20.173883635489908" lon="57.495450704467295"><ele>151.8</ele><time>2026-10-01T13:21:25.000Z</time></trkpt><trkpt lat="-20.173885202156647" lon="57.49544923780061"><ele>151.8</ele><time>2026-10-01T13:21:26.000Z</time></trkpt><trkpt lat="-20.17388663549005" lon="57.49544857113394"><ele>151.8</ele><time>2026-10-01T13:21:27.000Z</time></trkpt><trkpt lat="-20.173886868823395" lon="57.495448371133946"><ele>151.8</ele><time>2026-10-01T13:21:28.000Z</time></trkpt><trkpt lat="-20.1738878688234" lon="57.495447304467305"><ele>152.6</ele><time>2026-10-01T13:21:29.000Z</time></trkpt><trkpt lat="-20.17388856882339" lon="57.49544547113396"><ele>152.6</ele><time>2026-10-01T13:21:30.000Z</time></trkpt><trkpt lat="-20.17388946882338" lon="57.49544370446729"><ele>152.6</ele><time>2026-10-01T13:21:31.000Z</time></trkpt><trkpt lat="-20.17389000215669" lon="57.495441737800604"><ele>152.6</ele><time>2026-10-01T13:21:32.000Z</time></trkpt><trkpt lat="-20.173891035490012" lon="57.49544010446724"><ele>152.6</ele><time>2026-10-01T13:21:33.000Z</time></trkpt><trkpt lat="-20.173891735490027" lon="57.49543920446719"><ele>153.0</ele><time>2026-10-01T13:21:34.000Z</time></trkpt><trkpt lat="-20.17389346882342" lon="57.49543830446718"><ele>153.0</ele><time>2026-10-01T13:21:35.000Z</time></trkpt><trkpt lat="-20.17389500215681" lon="57.49543700446715"><ele>153.0</ele><time>2026-10-01T13:21:36.000Z</time></trkpt><trkpt lat="-20.1738970021569" lon="57.49543603780046"><ele>153.0</ele><time>2026-10-01T13:21:37.000Z</time></trkpt><trkpt lat="-20.173898768823634" lon="57.495434471133784"><ele>153.0</ele><time>2026-10-01T13:21:38.000Z</time></trkpt><trkpt lat="-20.173900635490387" lon="57.49543350446711"><ele>153.8</ele><time>2026-10-01T13:21:39.000Z</time></trkpt><trkpt lat="-20.17390170215711" lon="57.49543387113374"><ele>153.8</ele><time>2026-10-01T13:21:40.000Z</time></trkpt><trkpt lat="-20.173903335490515" lon="57.49543470446706"><ele>153.8</ele><time>2026-10-01T13:21:41.000Z</time></trkpt><trkpt lat="-20.173905402157185" lon="57.49543493780036"><ele>153.8</ele><time>2026-10-01T13:21:42.000Z</time></trkpt><trkpt lat="-20.17390810215715" lon="57.495434637800294"><ele>153.8</ele><time>2026-10-01T13:21:43.000Z</time></trkpt><trkpt lat="-20.173909735490394" lon="57.495434237800225"><ele>154.4</ele><time>2026-10-01T13:21:44.000Z</time></trkpt><trkpt lat="-20.173911435490304" lon="57.495433271133514"><ele>154.4</ele><time>2026-10-01T13:21:45.000Z</time></trkpt><trkpt lat="-20.17391330215687" lon="57.49543210446679"><ele>154.4</ele><time>2026-10-01T13:21:46.000Z</time></trkpt><trkpt lat="-20.17391450215682" lon="57.495430671133434"><ele>154.4</ele><time>2026-10-01T13:21:47.000Z</time></trkpt><trkpt lat="-20.173915168823488" lon="57.49542977113343"><ele>154.4</ele><time>2026-10-01T13:21:48.000Z</time></trkpt><trkpt lat="-20.173916702156852" lon="57.49542757113339"><ele>154.7</ele><time>2026-10-01T13:21:49.000Z</time></trkpt><trkpt lat="-20.173918202156887" lon="57.495424971133346"><ele>154.7</ele><time>2026-10-01T13:21:50.000Z</time></trkpt><trkpt lat="-20.17391923549025" lon="57.49542257113329"><ele>154.7</ele><time>2026-10-01T13:21:51.000Z</time></trkpt><trkpt lat="-20.173920035490266" lon="57.495420704466575"><ele>154.7</ele><time>2026-10-01T13:21:52.000Z</time></trkpt><trkpt lat="-20.1739200688236" lon="57.495419071133185"><ele>154.7</ele><time>2026-10-01T13:21:53.000Z</time></trkpt><trkpt lat="-20.173920502156932" lon="57.49541697113317"><ele>155.2</ele><time>2026-10-01T13:21:54.000Z</time></trkpt><trkpt lat="-20.17392210215691" lon="57.49541420446644"><ele>155.2</ele><time>2026-10-01T13:21:55.000Z</time></trkpt><trkpt lat="-20.173924735490214" lon="57.49541150446638"><ele>155.2</ele><time>2026-10-01T13:21:56.000Z</time></trkpt><trkpt lat="-20.173928302156906" lon="57.49540837113297"><ele>155.2</ele><time>2026-10-01T13:21:57.000Z</time></trkpt><trkpt lat="-20.173932868823627" lon="57.49540503779955"><ele>155.2</ele><time>2026-10-01T13:21:58.000Z</time></trkpt><trkpt lat="-20.17393653549035" lon="57.49540230446614"><ele>155.6</ele><time>2026-10-01T13:21:59.000Z</time></trkpt><trkpt lat="-20.173940135490426" lon="57.495400637799456"><ele>155.6</ele><time>2026-10-01T13:22:00.000Z</time></trkpt><trkpt lat="-20.173943135490525" lon="57.49539797113279"><ele>155.6</ele><time>2026-10-01T13:22:01.000Z</time></trkpt><trkpt lat="-20.173946335490548" lon="57.4953949044661"><ele>155.6</ele><time>2026-10-01T13:22:02.000Z</time></trkpt><trkpt lat="-20.173949935490576" lon="57.49539097113275"><ele>155.6</ele><time>2026-10-01T13:22:03.000Z</time></trkpt><trkpt lat="-20.173954802157233" lon="57.49538720446601"><ele>155.9</ele><time>2026-10-01T13:22:04.000Z</time></trkpt><trkpt lat="-20.17395886882388" lon="57.495383237799274"><ele>155.9</ele><time>2026-10-01T13:22:05.000Z</time></trkpt><trkpt lat="-20.17396250215719" lon="57.49538077113251"><ele>155.9</ele><time>2026-10-01T13:22:06.000Z</time></trkpt><trkpt lat="-20.173965035490514" lon="57.49537897113244"><ele>155.9</ele><time>2026-10-01T13:22:07.000Z</time></trkpt><trkpt lat="-20.173966668823812" lon="57.49537793779903"><ele>155.9</ele><time>2026-10-01T13:22:08.000Z</time></trkpt><trkpt lat="-20.17396713549048" lon="57.49537787113233"><ele>156.3</ele><time>2026-10-01T13:22:09.000Z</time></trkpt><trkpt lat="-20.173967568823823" lon="57.49537767113229"><ele>156.3</ele><time>2026-10-01T13:22:10.000Z</time></trkpt><trkpt lat="-20.17396763549049" lon="57.49537633779894"><ele>156.3</ele><time>2026-10-01T13:22:11.000Z</time></trkpt><trkpt lat="-20.173967668823824" lon="57.49537517113227"><ele>156.3</ele><time>2026-10-01T13:22:12.000Z</time></trkpt><trkpt lat="-20.17396776882382" lon="57.49537347113228"><ele>156.3</ele><time>2026-10-01T13:22:13.000Z</time></trkpt><trkpt lat="-20.173968635490503" lon="57.49537137113231"><ele>157.0</ele><time>2026-10-01T13:22:14.000Z</time></trkpt><trkpt lat="-20.173969802157178" lon="57.49536873779899"><ele>157.0</ele><time>2026-10-01T13:22:15.000Z</time></trkpt><trkpt lat="-20.173972068823865" lon="57.495365771132334"><ele>157.0</ele><time>2026-10-01T13:22:16.000Z</time></trkpt><trkpt lat="-20.173975235490513" lon="57.495362904465686"><ele>157.0</ele><time>2026-10-01T13:22:17.000Z</time></trkpt><trkpt lat="-20.173978668823842" lon="57.49536023779899"><ele>157.0</ele><time>2026-10-01T13:22:18.000Z</time></trkpt><trkpt lat="-20.173981568823837" lon="57.49535710446558"><ele>157.4</ele><time>2026-10-01T13:22:19.000Z</time></trkpt><trkpt lat="-20.173984702157178" lon="57.495354137798834"><ele>157.4</ele><time>2026-10-01T13:22:20.000Z</time></trkpt><trkpt lat="-20.17398810215719" lon="57.49535170446543"><ele>157.4</ele><time>2026-10-01T13:22:21.000Z</time></trkpt><trkpt lat="-20.173991335490598" lon="57.49534860446531"><ele>157.4</ele><time>2026-10-01T13:22:22.000Z</time></trkpt><trkpt lat="-20.173994702157316" lon="57.49534530446523"><ele>157.4</ele><time>2026-10-01T13:22:23.000Z</time></trkpt><trkpt lat="-20.173999435490693" lon="57.495342671131844"><ele>158.5</ele><time>2026-10-01T13:22:24.000Z</time></trkpt><trkpt lat="-20.17400480215736" lon="57.49533977113182"><ele>158.5</ele><time>2026-10-01T13:22:25.000Z</time></trkpt><trkpt lat="-20.17400993549068" lon="57.49533693779845"><ele>158.5</ele><time>2026-10-01T13:22:26.000Z</time></trkpt><trkpt lat="-20.174013802157305" lon="57.495334737798444"><ele>158.5</ele><time>2026-10-01T13:22:27.000Z</time></trkpt><trkpt lat="-20.17401676882394" lon="57.49533357113178"><ele>158.5</ele><time>2026-10-01T13:22:28.000Z</time></trkpt><trkpt lat="-20.174017835490552" lon="57.495331137798374"><ele>159.7</ele><time>2026-10-01T13:22:29.000Z</time></trkpt><trkpt lat="-20.17401750215719" lon="57.49532967113164"><ele>159.7</ele><time>2026-10-01T13:22:30.000Z</time></trkpt><trkpt lat="-20.1740170354905" lon="57.49532873779826"><ele>159.7</ele><time>2026-10-01T13:22:31.000Z</time></trkpt><trkpt lat="-20.174017702157165" lon="57.49532777113154"><ele>159.7</ele><time>2026-10-01T13:22:32.000Z</time></trkpt><trkpt lat="-20.17401893549052" lon="57.4953263044648"><ele>159.7</ele><time>2026-10-01T13:22:33.000Z</time></trkpt><trkpt lat="-20.174020235490538" lon="57.49532637113147"><ele>160.4</ele><time>2026-10-01T13:22:34.000Z</time></trkpt><trkpt lat="-20.17402140215722" lon="57.495326637798144"><ele>160.4</ele><time>2026-10-01T13:22:35.000Z</time></trkpt><trkpt lat="-20.174023302157316" lon="57.4953266044648"><ele>160.4</ele><time>2026-10-01T13:22:36.000Z</time></trkpt><trkpt lat="-20.174024602157388" lon="57.495326537798135"><ele>160.4</ele><time>2026-10-01T13:22:37.000Z</time></trkpt><trkpt lat="-20.17402566882411" lon="57.49532723779813"><ele>160.4</ele><time>2026-10-01T13:22:38.000Z</time></trkpt><trkpt lat="-20.17402723549085" lon="57.49532863779815"><ele>161.6</ele><time>2026-10-01T13:22:39.000Z</time></trkpt><trkpt lat="-20.174029435490937" lon="57.49532957113149"><ele>161.6</ele><time>2026-10-01T13:22:40.000Z</time></trkpt><trkpt lat="-20.174030135490952" lon="57.49533060446485"><ele>161.6</ele><time>2026-10-01T13:22:41.000Z</time></trkpt><trkpt lat="-20.174031135490985" lon="57.49533113779819"><ele>161.6</ele><time>2026-10-01T13:22:42.000Z</time></trkpt><trkpt lat="-20.174032268824348" lon="57.49533130446488"><ele>161.6</ele><time>2026-10-01T13:22:43.000Z</time></trkpt><trkpt lat="-20.174033135491044" lon="57.49533070446488"><ele>162.2</ele><time>2026-10-01T13:22:44.000Z</time></trkpt><trkpt lat="-20.174033502157727" lon="57.49533037113154"><ele>162.2</ele><time>2026-10-01T13:22:45.000Z</time></trkpt><trkpt lat="-20.174033935491074" lon="57.49532993779819"><ele>162.2</ele><time>2026-10-01T13:22:46.000Z</time></trkpt><trkpt lat="-20.174034068824408" lon="57.49533000446486"><ele>162.2</ele><time>2026-10-01T13:22:47.000Z</time></trkpt><trkpt lat="-20.174034068824408" lon="57.49533000446486"><ele>162.2</ele><time>2026-10-01T13:22:48.000Z</time></trkpt><trkpt lat="-20.174034068824408" lon="57.49533000446486"><ele>162.3</ele><time>2026-10-01T13:22:49.000Z</time></trkpt><trkpt lat="-20.174033168824444" lon="57.495330404464845"><ele>162.3</ele><time>2026-10-01T13:22:50.000Z</time></trkpt><trkpt lat="-20.174032268824483" lon="57.495330804464835"><ele>162.3</ele><time>2026-10-01T13:22:51.000Z</time></trkpt><trkpt lat="-20.17403136882452" lon="57.49533120446482"><ele>162.3</ele><time>2026-10-01T13:22:52.000Z</time></trkpt><trkpt lat="-20.174030468824554" lon="57.49533160446481"><ele>162.3</ele><time>2026-10-01T13:22:53.000Z</time></trkpt><trkpt lat="-20.17402956882459" lon="57.4953320044648"><ele>162.3</ele><time>2026-10-01T13:22:54.000Z</time></trkpt><trkpt lat="-20.17402956882459" lon="57.4953320044648"><ele>162.3</ele><time>2026-10-01T13:22:55.000Z</time></trkpt><trkpt lat="-20.174029402157924" lon="57.49533227113146"><ele>162.3</ele><time>2026-10-01T13:22:56.000Z</time></trkpt><trkpt lat="-20.174029402157924" lon="57.49533260446479"><ele>162.3</ele><time>2026-10-01T13:22:57.000Z</time></trkpt><trkpt lat="-20.17402936882459" lon="57.49533247113144"><ele>162.3</ele><time>2026-10-01T13:22:58.000Z</time></trkpt><trkpt lat="-20.17402933549126" lon="57.49533260446475"><ele>162.3</ele><time>2026-10-01T13:22:59.000Z</time></trkpt><trkpt lat="-20.174029302157926" lon="57.49533273779806"><ele>162.3</ele><time>2026-10-01T13:23:00.000Z</time></trkpt><trkpt lat="-20.174029168824593" lon="57.4953323044647"><ele>162.3</ele><time>2026-10-01T13:23:01.000Z</time></trkpt><trkpt lat="-20.17402846882459" lon="57.49533223779798"><ele>162.3</ele><time>2026-10-01T13:23:02.000Z</time></trkpt><trkpt lat="-20.174027535491255" lon="57.49533307113131"><ele>162.3</ele><time>2026-10-01T13:23:03.000Z</time></trkpt><trkpt lat="-20.174026602157916" lon="57.49533363779798"><ele>162.4</ele><time>2026-10-01T13:23:04.000Z</time></trkpt><trkpt lat="-20.17402583549125" lon="57.495334137797975"><ele>162.4</ele><time>2026-10-01T13:23:05.000Z</time></trkpt><trkpt lat="-20.174025335491248" lon="57.495334937797985"><ele>162.4</ele><time>2026-10-01T13:23:06.000Z</time></trkpt><trkpt lat="-20.17402523549125" lon="57.49533517113135"><ele>162.4</ele><time>2026-10-01T13:23:07.000Z</time></trkpt><trkpt lat="-20.174025402157916" lon="57.49533497113136"><ele>162.4</ele><time>2026-10-01T13:23:08.000Z</time></trkpt><trkpt lat="-20.174025568824582" lon="57.495334771131375"><ele>162.3</ele><time>2026-10-01T13:23:09.000Z</time></trkpt><trkpt lat="-20.174025568824582" lon="57.49533463779805"><ele>162.3</ele><time>2026-10-01T13:23:10.000Z</time></trkpt><trkpt lat="-20.174025568824582" lon="57.495334504464736"><ele>162.3</ele><time>2026-10-01T13:23:11.000Z</time></trkpt><trkpt lat="-20.174025568824582" lon="57.495334504464736"><ele>162.3</ele><time>2026-10-01T13:23:12.000Z</time></trkpt><trkpt lat="-20.174025468824585" lon="57.49533360446471"><ele>162.3</ele><time>2026-10-01T13:23:13.000Z</time></trkpt><trkpt lat="-20.174025735491263" lon="57.49533250446469"><ele>162.2</ele><time>2026-10-01T13:23:14.000Z</time></trkpt><trkpt lat="-20.174026002157945" lon="57.49533140446467"><ele>162.2</ele><time>2026-10-01T13:23:15.000Z</time></trkpt><trkpt lat="-20.174026268824626" lon="57.495330137797986"><ele>162.2</ele><time>2026-10-01T13:23:16.000Z</time></trkpt><trkpt lat="-20.174026568824637" lon="57.495329804464646"><ele>162.2</ele><time>2026-10-01T13:23:17.000Z</time></trkpt><trkpt lat="-20.174026968824656" lon="57.49533037113132"><ele>162.2</ele><time>2026-10-01T13:23:18.000Z</time></trkpt><trkpt lat="-20.174027068824653" lon="57.49533127113133"><ele>162.2</ele><time>2026-10-01T13:23:19.000Z</time></trkpt><trkpt lat="-20.174027168824654" lon="57.49533217113134"><ele>162.2</ele><time>2026-10-01T13:23:20.000Z</time></trkpt><trkpt lat="-20.174027368824653" lon="57.49533297113136"><ele>162.2</ele><time>2026-10-01T13:23:21.000Z</time></trkpt><trkpt lat="-20.17402753549132" lon="57.49533283779804"><ele>162.2</ele><time>2026-10-01T13:23:22.000Z</time></trkpt><trkpt lat="-20.174027702157986" lon="57.495332704464715"><ele>162.2</ele><time>2026-10-01T13:23:23.000Z</time></trkpt><trkpt lat="-20.174027802157987" lon="57.49533243779806"><ele>162.1</ele><time>2026-10-01T13:23:24.000Z</time></trkpt><trkpt lat="-20.174027902157984" lon="57.49533217113141"><ele>162.1</ele><time>2026-10-01T13:23:25.000Z</time></trkpt><trkpt lat="-20.174027902157984" lon="57.49533217113141"><ele>162.1</ele><time>2026-10-01T13:23:26.000Z</time></trkpt><trkpt lat="-20.174027902157984" lon="57.49533217113141"><ele>162.1</ele><time>2026-10-01T13:23:27.000Z</time></trkpt><trkpt lat="-20.174027935491317" lon="57.49533193779806"><ele>162.1</ele><time>2026-10-01T13:23:28.000Z</time></trkpt><trkpt lat="-20.174027968824653" lon="57.49533170446472"><ele>162.1</ele><time>2026-10-01T13:23:29.000Z</time></trkpt><trkpt lat="-20.174028002157986" lon="57.49533147113137"><ele>162.1</ele><time>2026-10-01T13:23:30.000Z</time></trkpt><trkpt lat="-20.174028035491318" lon="57.49533123779803"><ele>162.1</ele><time>2026-10-01T13:23:31.000Z</time></trkpt><trkpt lat="-20.17402806882465" lon="57.49533100446469"><ele>162.1</ele><time>2026-10-01T13:23:32.000Z</time></trkpt><trkpt lat="-20.17402806882465" lon="57.49533100446469"><ele>162.1</ele><time>2026-10-01T13:23:33.000Z</time></trkpt><trkpt lat="-20.17402806882465" lon="57.49533100446469"><ele>162.0</ele><time>2026-10-01T13:23:34.000Z</time></trkpt><trkpt lat="-20.17402806882465" lon="57.49533100446469"><ele>162.0</ele><time>2026-10-01T13:23:35.000Z</time></trkpt><trkpt lat="-20.17402806882465" lon="57.49533100446469"><ele>162.0</ele><time>2026-10-01T13:23:36.000Z</time></trkpt><trkpt lat="-20.17402806882465" lon="57.49533100446469"><ele>162.0</ele><time>2026-10-01T13:23:37.000Z</time></trkpt><trkpt lat="-20.17402806882465" lon="57.49533100446469"><ele>162.0</ele><time>2026-10-01T13:23:38.000Z</time></trkpt><trkpt lat="-20.17402806882465" lon="57.49533100446469"><ele>162.0</ele><time>2026-10-01T13:23:39.000Z</time></trkpt><trkpt lat="-20.17402836882467" lon="57.49533040446467"><ele>162.0</ele><time>2026-10-01T13:23:40.000Z</time></trkpt><trkpt lat="-20.174028868824685" lon="57.495329804464646"><ele>162.0</ele><time>2026-10-01T13:23:41.000Z</time></trkpt><trkpt lat="-20.174029802158046" lon="57.495328304464635"><ele>162.0</ele><time>2026-10-01T13:23:42.000Z</time></trkpt><trkpt lat="-20.17403110215809" lon="57.49532640446462"><ele>162.0</ele><time>2026-10-01T13:23:43.000Z</time></trkpt><trkpt lat="-20.1740324688248" lon="57.49532457113126"><ele>162.0</ele><time>2026-10-01T13:23:44.000Z</time></trkpt><trkpt lat="-20.174033535491496" lon="57.495323337797934"><ele>162.0</ele><time>2026-10-01T13:23:45.000Z</time></trkpt><trkpt lat="-20.174034335491527" lon="57.49532203779794"><ele>162.0</ele><time>2026-10-01T13:23:46.000Z</time></trkpt><trkpt lat="-20.174034702158206" lon="57.49532163779793"><ele>162.0</ele><time>2026-10-01T13:23:47.000Z</time></trkpt><trkpt lat="-20.174034702158206" lon="57.49532163779793"><ele>162.0</ele><time>2026-10-01T13:23:48.000Z</time></trkpt><trkpt lat="-20.174034502158207" lon="57.49532153779793"><ele>162.0</ele><time>2026-10-01T13:23:49.000Z</time></trkpt><trkpt lat="-20.17403430215821" lon="57.49532143779793"><ele>162.0</ele><time>2026-10-01T13:23:50.000Z</time></trkpt><trkpt lat="-20.174034168824875" lon="57.4953214044646"><ele>162.0</ele><time>2026-10-01T13:23:51.000Z</time></trkpt><trkpt lat="-20.17403403549154" lon="57.49532137113126"><ele>162.0</ele><time>2026-10-01T13:23:52.000Z</time></trkpt><trkpt lat="-20.174033902158207" lon="57.49532133779793"><ele>162.0</ele><time>2026-10-01T13:23:53.000Z</time></trkpt><trkpt lat="-20.174033902158207" lon="57.49532133779793"><ele>162.1</ele><time>2026-10-01T13:23:54.000Z</time></trkpt><trkpt lat="-20.174033902158207" lon="57.49532133779793"><ele>162.1</ele><time>2026-10-01T13:23:55.000Z</time></trkpt><trkpt lat="-20.174033902158207" lon="57.49532133779793"><ele>162.1</ele><time>2026-10-01T13:23:56.000Z</time></trkpt><trkpt lat="-20.174033902158207" lon="57.49532133779793"><ele>162.1</ele><time>2026-10-01T13:23:57.000Z</time></trkpt><trkpt lat="-20.174033902158207" lon="57.49532133779793"><ele>162.1</ele><time>2026-10-01T13:23:58.000Z</time></trkpt><trkpt lat="-20.174033902158207" lon="57.49532133779793"><ele>162.3</ele><time>2026-10-01T13:23:59.000Z</time></trkpt><trkpt lat="-20.174034068824874" lon="57.49532167113127"><ele>162.3</ele><time>2026-10-01T13:24:00.000Z</time></trkpt><trkpt lat="-20.17403423549154" lon="57.49532200446462"><ele>162.3</ele><time>2026-10-01T13:24:01.000Z</time></trkpt><trkpt lat="-20.174034502158207" lon="57.49532230446463"><ele>162.3</ele><time>2026-10-01T13:24:02.000Z</time></trkpt><trkpt lat="-20.174034768824875" lon="57.49532260446464"><ele>162.3</ele><time>2026-10-01T13:24:03.000Z</time></trkpt><trkpt lat="-20.17403503549154" lon="57.49532290446465"><ele>162.4</ele><time>2026-10-01T13:24:04.000Z</time></trkpt><trkpt lat="-20.174035202158205" lon="57.49532280446465"><ele>162.4</ele><time>2026-10-01T13:24:05.000Z</time></trkpt><trkpt lat="-20.17403536882487" lon="57.49532270446465"><ele>162.4</ele><time>2026-10-01T13:24:06.000Z</time></trkpt><trkpt lat="-20.17403543549154" lon="57.49532263779798"><ele>162.4</ele><time>2026-10-01T13:24:07.000Z</time></trkpt><trkpt lat="-20.17403543549154" lon="57.49532260446465"><ele>162.4</ele><time>2026-10-01T13:24:08.000Z</time></trkpt><trkpt lat="-20.17403543549154" lon="57.49532257113132"><ele>162.5</ele><time>2026-10-01T13:24:09.000Z</time></trkpt><trkpt lat="-20.17403536882487" lon="57.49532260446465"><ele>162.5</ele><time>2026-10-01T13:24:10.000Z</time></trkpt><trkpt lat="-20.174035302158206" lon="57.49532263779798"><ele>162.5</ele><time>2026-10-01T13:24:11.000Z</time></trkpt><trkpt lat="-20.174035235491537" lon="57.49532267113132"><ele>162.5</ele><time>2026-10-01T13:24:12.000Z</time></trkpt><trkpt lat="-20.174035235491537" lon="57.49532267113132"><ele>162.5</ele><time>2026-10-01T13:24:13.000Z</time></trkpt><trkpt lat="-20.174035235491537" lon="57.49532267113132"><ele>162.5</ele><time>2026-10-01T13:24:14.000Z</time></trkpt><trkpt lat="-20.174035235491537" lon="57.49532267113132"><ele>162.5</ele><time>2026-10-01T13:24:15.000Z</time></trkpt><trkpt lat="-20.174035235491537" lon="57.49532267113132"><ele>162.5</ele><time>2026-10-01T13:24:16.000Z</time></trkpt><trkpt lat="-20.17403423549151" lon="57.495321471131334"><ele>162.5</ele><time>2026-10-01T13:24:17.000Z</time></trkpt><trkpt lat="-20.174032902158146" lon="57.49532010446468"><ele>162.5</ele><time>2026-10-01T13:24:18.000Z</time></trkpt><trkpt lat="-20.174031135491436" lon="57.49531913779803"><ele>162.5</ele><time>2026-10-01T13:24:19.000Z</time></trkpt><trkpt lat="-20.174029368824723" lon="57.49531817113137"><ele>162.5</ele><time>2026-10-01T13:24:20.000Z</time></trkpt><trkpt lat="-20.174027735491343" lon="57.49531800446473"><ele>162.5</ele><time>2026-10-01T13:24:21.000Z</time></trkpt><trkpt lat="-20.174027002157995" lon="57.49531970446473"><ele>162.5</ele><time>2026-10-01T13:24:22.000Z</time></trkpt><trkpt lat="-20.174026602157983" lon="57.495321571131385"><ele>162.5</ele><time>2026-10-01T13:24:23.000Z</time></trkpt><trkpt lat="-20.174026635491316" lon="57.49532303779804"><ele>162.5</ele><time>2026-10-01T13:24:24.000Z</time></trkpt><trkpt lat="-20.174026935491316" lon="57.495325071131404"><ele>162.5</ele><time>2026-10-01T13:24:25.000Z</time></trkpt><trkpt lat="-20.17402830215804" lon="57.495325804464755"><ele>162.5</ele><time>2026-10-01T13:24:26.000Z</time></trkpt><trkpt lat="-20.174029802158095" lon="57.495324837798094"><ele>162.5</ele><time>2026-10-01T13:24:27.000Z</time></trkpt><trkpt lat="-20.17403116882482" lon="57.49532470446479"><ele>162.5</ele><time>2026-10-01T13:24:28.000Z</time></trkpt><trkpt lat="-20.17403246882488" lon="57.4953244711315"><ele>162.5</ele><time>2026-10-01T13:24:29.000Z</time></trkpt><trkpt lat="-20.17403330215827" lon="57.49532233779812"><ele>162.5</ele><time>2026-10-01T13:24:30.000Z</time></trkpt><trkpt lat="-20.17403353549163" lon="57.49532077113141"><ele>162.5</ele><time>2026-10-01T13:24:31.000Z</time></trkpt><trkpt lat="-20.174034202158353" lon="57.495320504464736"><ele>162.5</ele><time>2026-10-01T13:24:32.000Z</time></trkpt><trkpt lat="-20.17403516882508" lon="57.495320237798026"><ele>162.5</ele><time>2026-10-01T13:24:33.000Z</time></trkpt><trkpt lat="-20.174036468825133" lon="57.495320437797986"><ele>162.6</ele><time>2026-10-01T13:24:34.000Z</time></trkpt><trkpt lat="-20.174037302158524" lon="57.495320904464606"><ele>162.6</ele><time>2026-10-01T13:24:35.000Z</time></trkpt><trkpt lat="-20.17403673549188" lon="57.4953185377978"><ele>162.6</ele><time>2026-10-01T13:24:36.000Z</time></trkpt><trkpt lat="-20.174036135491896" lon="57.49531523779765"><ele>162.6</ele><time>2026-10-01T13:24:37.000Z</time></trkpt><trkpt lat="-20.174035535491907" lon="57.49531073779749"><ele>162.6</ele><time>2026-10-01T13:24:38.000Z</time></trkpt><trkpt lat="-20.174035202158585" lon="57.49530590446399"><ele>163.3</ele><time>2026-10-01T13:24:39.000Z</time></trkpt><trkpt lat="-20.174036135491964" lon="57.49530140446385"><ele>163.3</ele><time>2026-10-01T13:24:40.000Z</time></trkpt><trkpt lat="-20.174037868825344" lon="57.495299671130475"><ele>163.3</ele><time>2026-10-01T13:24:41.000Z</time></trkpt><trkpt lat="-20.174039168825374" lon="57.49529860446378"><ele>163.3</ele><time>2026-10-01T13:24:42.000Z</time></trkpt><trkpt lat="-20.174040868825394" lon="57.49529737113039"><ele>163.3</ele><time>2026-10-01T13:24:43.000Z</time></trkpt><trkpt lat="-20.174042035492075" lon="57.495296171130335"><ele>164.3</ele><time>2026-10-01T13:24:44.000Z</time></trkpt><trkpt lat="-20.17404330215872" lon="57.495292904463646"><ele>164.3</ele><time>2026-10-01T13:24:45.000Z</time></trkpt><trkpt lat="-20.174044302158695" lon="57.49529080446358"><ele>164.3</ele><time>2026-10-01T13:24:46.000Z</time></trkpt><trkpt lat="-20.174044968825335" lon="57.49528857113019"><ele>164.3</ele><time>2026-10-01T13:24:47.000Z</time></trkpt><trkpt lat="-20.174045068825325" lon="57.495286871130155"><ele>164.3</ele><time>2026-10-01T13:24:48.000Z</time></trkpt><trkpt lat="-20.17404536882531" lon="57.49528503779679"><ele>164.9</ele><time>2026-10-01T13:24:49.000Z</time></trkpt><trkpt lat="-20.174045835492006" lon="57.495285071130084"><ele>164.9</ele><time>2026-10-01T13:24:50.000Z</time></trkpt><trkpt lat="-20.174046068825355" lon="57.495284504463406"><ele>164.9</ele><time>2026-10-01T13:24:51.000Z</time></trkpt><trkpt lat="-20.174046635492033" lon="57.49528407113006"><ele>164.9</ele><time>2026-10-01T13:24:52.000Z</time></trkpt><trkpt lat="-20.174047002158716" lon="57.49528400446339"><ele>164.9</ele><time>2026-10-01T13:24:53.000Z</time></trkpt><trkpt lat="-20.174047568825397" lon="57.495284571130036"><ele>166.1</ele><time>2026-10-01T13:24:54.000Z</time></trkpt><trkpt lat="-20.17404830215873" lon="57.49528617113002"><ele>166.1</ele><time>2026-10-01T13:24:55.000Z</time></trkpt><trkpt lat="-20.174052168825547" lon="57.49528720446334"><ele>166.1</ele><time>2026-10-01T13:24:56.000Z</time></trkpt><trkpt lat="-20.174057168825666" lon="57.495288404463324"><ele>166.1</ele><time>2026-10-01T13:24:57.000Z</time></trkpt><trkpt lat="-20.174062335492458" lon="57.495289471129965"><ele>166.1</ele><time>2026-10-01T13:24:58.000Z</time></trkpt><trkpt lat="-20.17406693549258" lon="57.495290171129966"><ele>167.0</ele><time>2026-10-01T13:24:59.000Z</time></trkpt><trkpt lat="-20.174070568826018" lon="57.49529093779664"><ele>167.0</ele><time>2026-10-01T13:25:00.000Z</time></trkpt><trkpt lat="-20.174071435492657" lon="57.49529210446332"><ele>167.0</ele><time>2026-10-01T13:25:01.000Z</time></trkpt><trkpt lat="-20.174070935492644" lon="57.49529337113"><ele>167.0</ele><time>2026-10-01T13:25:02.000Z</time></trkpt><trkpt lat="-20.17407046882596" lon="57.49529440446336"><ele>167.0</ele><time>2026-10-01T13:25:03.000Z</time></trkpt><trkpt lat="-20.174070168825946" lon="57.49529523779671"><ele>167.3</ele><time>2026-10-01T13:25:04.000Z</time></trkpt><trkpt lat="-20.174069702159265" lon="57.49529523779671"><ele>167.3</ele><time>2026-10-01T13:25:05.000Z</time></trkpt><trkpt lat="-20.17406936882592" lon="57.49529483779671"><ele>167.3</ele><time>2026-10-01T13:25:06.000Z</time></trkpt><trkpt lat="-20.17406900215925" lon="57.495294271130035"><ele>167.3</ele><time>2026-10-01T13:25:07.000Z</time></trkpt><trkpt lat="-20.17406863549258" lon="57.49529370446336"><ele>167.3</ele><time>2026-10-01T13:25:08.000Z</time></trkpt><trkpt lat="-20.174068268825913" lon="57.49529313779668"><ele>168.0</ele><time>2026-10-01T13:25:09.000Z</time></trkpt><trkpt lat="-20.17406833549258" lon="57.49529230446333"><ele>168.0</ele><time>2026-10-01T13:25:10.000Z</time></trkpt><trkpt lat="-20.174068402159246" lon="57.49529147112996"><ele>168.0</ele><time>2026-10-01T13:25:11.000Z</time></trkpt><trkpt lat="-20.174068502159237" lon="57.4952895711299"><ele>168.0</ele><time>2026-10-01T13:25:12.000Z</time></trkpt><trkpt lat="-20.174068602159224" lon="57.49528767112984"><ele>168.0</ele><time>2026-10-01T13:25:13.000Z</time></trkpt><trkpt lat="-20.17406836882588" lon="57.49528430446312"><ele>168.4</ele><time>2026-10-01T13:25:14.000Z</time></trkpt><trkpt lat="-20.174067735492528" lon="57.49528010446304"><ele>168.4</ele><time>2026-10-01T13:25:15.000Z</time></trkpt><trkpt lat="-20.17406750215918" lon="57.495275871129635"><ele>168.4</ele><time>2026-10-01T13:25:16.000Z</time></trkpt><trkpt lat="-20.174067535492515" lon="57.49527193779627"><ele>168.4</ele><time>2026-10-01T13:25:17.000Z</time></trkpt><trkpt lat="-20.17406716882585" lon="57.4952678044629"><ele>168.4</ele><time>2026-10-01T13:25:18.000Z</time></trkpt><trkpt lat="-20.174066868825847" lon="57.4952648377962"><ele>168.6</ele><time>2026-10-01T13:25:19.000Z</time></trkpt><trkpt lat="-20.174067002159195" lon="57.49526340446287"><ele>168.6</ele><time>2026-10-01T13:25:20.000Z</time></trkpt><trkpt lat="-20.17406650215919" lon="57.49526137112954"><ele>168.6</ele><time>2026-10-01T13:25:21.000Z</time></trkpt><trkpt lat="-20.17406566882584" lon="57.49525990446288"><ele>168.6</ele><time>2026-10-01T13:25:22.000Z</time></trkpt><trkpt lat="-20.17406523549249" lon="57.49525863779621"><ele>168.6</ele><time>2026-10-01T13:25:23.000Z</time></trkpt><trkpt lat="-20.174065602159146" lon="57.49525717112954"><ele>169.1</ele><time>2026-10-01T13:25:24.000Z</time></trkpt><trkpt lat="-20.174065935492454" lon="57.49525583779621"><ele>169.1</ele><time>2026-10-01T13:25:25.000Z</time></trkpt><trkpt lat="-20.174067168825776" lon="57.49525547112954"><ele>169.1</ele><time>2026-10-01T13:25:26.000Z</time></trkpt><trkpt lat="-20.174069068825794" lon="57.49525533779621"><ele>169.1</ele><time>2026-10-01T13:25:27.000Z</time></trkpt><trkpt lat="-20.17407180215914" lon="57.49525563779622"><ele>169.1</ele><time>2026-10-01T13:25:28.000Z</time></trkpt><trkpt lat="-20.17407400215915" lon="57.49525643779623"><ele>169.7</ele><time>2026-10-01T13:25:29.000Z</time></trkpt><trkpt lat="-20.174076168825835" lon="57.49525733779624"><ele>169.7</ele><time>2026-10-01T13:25:30.000Z</time></trkpt><trkpt lat="-20.174077668825852" lon="57.49525790446292"><ele>169.7</ele><time>2026-10-01T13:25:31.000Z</time></trkpt><trkpt lat="-20.174078668825853" lon="57.49525863779625"><ele>169.7</ele><time>2026-10-01T13:25:32.000Z</time></trkpt><trkpt lat="-20.174078602159188" lon="57.49525960446289"><ele>169.7</ele><time>2026-10-01T13:25:33.000Z</time></trkpt><trkpt lat="-20.17407853549252" lon="57.49526057112953"><ele>169.9</ele><time>2026-10-01T13:25:34.000Z</time></trkpt><trkpt lat="-20.17407853549252" lon="57.49526170446285"><ele>169.9</ele><time>2026-10-01T13:25:35.000Z</time></trkpt><trkpt lat="-20.174078268825852" lon="57.4952623711295"><ele>169.9</ele><time>2026-10-01T13:25:36.000Z</time></trkpt><trkpt lat="-20.174078135492515" lon="57.49526273779618"><ele>169.9</ele><time>2026-10-01T13:25:37.000Z</time></trkpt><trkpt lat="-20.17407823549253" lon="57.4952624377962"><ele>169.9</ele><time>2026-10-01T13:25:38.000Z</time></trkpt><trkpt lat="-20.174078335492545" lon="57.49526213779622"><ele>170.2</ele><time>2026-10-01T13:25:39.000Z</time></trkpt><trkpt lat="-20.174078068825875" lon="57.49526167112955"><ele>170.2</ele><time>2026-10-01T13:25:40.000Z</time></trkpt><trkpt lat="-20.17407746882585" lon="57.49526180446287"><ele>170.2</ele><time>2026-10-01T13:25:41.000Z</time></trkpt><trkpt lat="-20.174076702159155" lon="57.495261871129536"><ele>170.2</ele><time>2026-10-01T13:25:42.000Z</time></trkpt><trkpt lat="-20.17407593549246" lon="57.4952619377962"><ele>170.2</ele><time>2026-10-01T13:25:43.000Z</time></trkpt><trkpt lat="-20.174075135492433" lon="57.49526197112952"><ele>170.2</ele><time>2026-10-01T13:25:44.000Z</time></trkpt><trkpt lat="-20.174074568825752" lon="57.495261871129514"><ele>170.2</ele><time>2026-10-01T13:25:45.000Z</time></trkpt><trkpt lat="-20.1740746021591" lon="57.49526163779617"><ele>170.2</ele><time>2026-10-01T13:25:46.000Z</time></trkpt><trkpt lat="-20.17407480215911" lon="57.495261471129496"><ele>170.2</ele><time>2026-10-01T13:25:47.000Z</time></trkpt><trkpt lat="-20.174075002159128" lon="57.495261304462815"><ele>170.2</ele><time>2026-10-01T13:25:48.000Z</time></trkpt><trkpt lat="-20.174075235492477" lon="57.49526117112947"><ele>170.3</ele><time>2026-10-01T13:25:49.000Z</time></trkpt><trkpt lat="-20.174075235492477" lon="57.49526117112947"><ele>170.3</ele><time>2026-10-01T13:25:50.000Z</time></trkpt><trkpt lat="-20.174075235492477" lon="57.49526117112947"><ele>170.3</ele><time>2026-10-01T13:25:51.000Z</time></trkpt><trkpt lat="-20.174075235492477" lon="57.49526117112947"><ele>170.3</ele><time>2026-10-01T13:25:52.000Z</time></trkpt><trkpt lat="-20.174075235492477" lon="57.49526117112947"><ele>170.3</ele><time>2026-10-01T13:25:53.000Z</time></trkpt><trkpt lat="-20.174075402159144" lon="57.495261504462825"><ele>170.6</ele><time>2026-10-01T13:25:54.000Z</time></trkpt><trkpt lat="-20.174076135492463" lon="57.4952613711295"><ele>170.6</ele><time>2026-10-01T13:25:55.000Z</time></trkpt><trkpt lat="-20.174076868825786" lon="57.495261237796186"><ele>170.6</ele><time>2026-10-01T13:25:56.000Z</time></trkpt><trkpt lat="-20.174077602159105" lon="57.49526110446286"><ele>170.6</ele><time>2026-10-01T13:25:57.000Z</time></trkpt><trkpt lat="-20.174078335492425" lon="57.49526097112954"><ele>170.6</ele><time>2026-10-01T13:25:58.000Z</time></trkpt><trkpt lat="-20.174078902159078" lon="57.49526050446286"><ele>170.9</ele><time>2026-10-01T13:25:59.000Z</time></trkpt><trkpt lat="-20.174078902159078" lon="57.49526050446286"><ele>170.9</ele><time>2026-10-01T13:26:00.000Z</time></trkpt><trkpt lat="-20.174078902159078" lon="57.49526050446286"><ele>170.9</ele><time>2026-10-01T13:26:01.000Z</time></trkpt><trkpt lat="-20.174078902159078" lon="57.49526050446286"><ele>170.9</ele><time>2026-10-01T13:26:02.000Z</time></trkpt><trkpt lat="-20.174078902159078" lon="57.49526050446286"><ele>170.9</ele><time>2026-10-01T13:26:03.000Z</time></trkpt><trkpt lat="-20.17408000215907" lon="57.495261271129564"><ele>171.1</ele><time>2026-10-01T13:26:04.000Z</time></trkpt><trkpt lat="-20.174081668825714" lon="57.49526260446294"><ele>171.1</ele><time>2026-10-01T13:26:05.000Z</time></trkpt><trkpt lat="-20.17408370215904" lon="57.49526453779633"><ele>171.1</ele><time>2026-10-01T13:26:06.000Z</time></trkpt><trkpt lat="-20.174086402159034" lon="57.495266737796406"><ele>171.1</ele><time>2026-10-01T13:26:07.000Z</time></trkpt><trkpt lat="-20.174089102159027" lon="57.49526657112989"><ele>171.1</ele><time>2026-10-01T13:26:08.000Z</time></trkpt><trkpt lat="-20.174092035492368" lon="57.49526570446333"><ele>171.3</ele><time>2026-10-01T13:26:09.000Z</time></trkpt><trkpt lat="-20.174095368825764" lon="57.495263804463434"><ele>171.3</ele><time>2026-10-01T13:26:10.000Z</time></trkpt><trkpt lat="-20.174097602159115" lon="57.49526037113018"><ele>171.3</ele><time>2026-10-01T13:26:11.000Z</time></trkpt><trkpt lat="-20.17409923549247" lon="57.4952563377969"><ele>171.3</ele><time>2026-10-01T13:26:12.000Z</time></trkpt><trkpt lat="-20.174101202159157" lon="57.49525443779688"><ele>171.3</ele><time>2026-10-01T13:26:13.000Z</time></trkpt><trkpt lat="-20.174102768825893" lon="57.49525173779688"><ele>171.4</ele><time>2026-10-01T13:26:14.000Z</time></trkpt><trkpt lat="-20.17410450215923" lon="57.495248671130184"><ele>171.4</ele><time>2026-10-01T13:26:15.000Z</time></trkpt><trkpt lat="-20.17410696882593" lon="57.495246537796845"><ele>171.4</ele><time>2026-10-01T13:26:16.000Z</time></trkpt><trkpt lat="-20.174110302159356" lon="57.49524443779684"><ele>171.4</ele><time>2026-10-01T13:26:17.000Z</time></trkpt><trkpt lat="-20.174114135492765" lon="57.49524257113016"><ele>171.4</ele><time>2026-10-01T13:26:18.000Z</time></trkpt><trkpt lat="-20.17411740215947" lon="57.49524013779683"><ele>171.5</ele><time>2026-10-01T13:26:19.000Z</time></trkpt><trkpt lat="-20.174118868826195" lon="57.495238171130154"><ele>171.5</ele><time>2026-10-01T13:26:20.000Z</time></trkpt><trkpt lat="-20.17412023549292" lon="57.495235371130114"><ele>171.5</ele><time>2026-10-01T13:26:21.000Z</time></trkpt><trkpt lat="-20.174121302159605" lon="57.495231204463366"><ele>171.5</ele><time>2026-10-01T13:26:22.000Z</time></trkpt><trkpt lat="-20.174121435492964" lon="57.49522697112995"><ele>171.5</ele><time>2026-10-01T13:26:23.000Z</time></trkpt><trkpt lat="-20.17412180215967" lon="57.49522350446317"><ele>171.9</ele><time>2026-10-01T13:26:24.000Z</time></trkpt><trkpt lat="-20.174123702159743" lon="57.49521963779635"><ele>171.9</ele><time>2026-10-01T13:26:25.000Z</time></trkpt><trkpt lat="-20.174125602159815" lon="57.495215071129564"><ele>171.9</ele><time>2026-10-01T13:26:26.000Z</time></trkpt><trkpt lat="-20.174126902159873" lon="57.49521200446283"><ele>171.9</ele><time>2026-10-01T13:26:27.000Z</time></trkpt><trkpt lat="-20.174128302159932" lon="57.49520907112942"><ele>171.9</ele><time>2026-10-01T13:26:28.000Z</time></trkpt><trkpt lat="-20.174129235493293" lon="57.495206637796024"><ele>172.7</ele><time>2026-10-01T13:26:29.000Z</time></trkpt><trkpt lat="-20.17413030215999" lon="57.49520427112937"><ele>172.7</ele><time>2026-10-01T13:26:30.000Z</time></trkpt><trkpt lat="-20.174131868826688" lon="57.49520333779604"><ele>172.7</ele><time>2026-10-01T13:26:31.000Z</time></trkpt><trkpt lat="-20.174133435493385" lon="57.495202137796056"><ele>172.7</ele><time>2026-10-01T13:26:32.000Z</time></trkpt><trkpt lat="-20.174135435493433" lon="57.49520057112941"><ele>172.7</ele><time>2026-10-01T13:26:33.000Z</time></trkpt><trkpt lat="-20.174137668826827" lon="57.49519810446277"><ele>173.2</ele><time>2026-10-01T13:26:34.000Z</time></trkpt><trkpt lat="-20.17413916882686" lon="57.49519577112945"><ele>173.2</ele><time>2026-10-01T13:26:35.000Z</time></trkpt><trkpt lat="-20.17414020216022" lon="57.49519313779613"><ele>173.2</ele><time>2026-10-01T13:26:36.000Z</time></trkpt><trkpt lat="-20.17414103549358" lon="57.4951910044628"><ele>173.2</ele><time>2026-10-01T13:26:37.000Z</time></trkpt><trkpt lat="-20.17414150216026" lon="57.495188637796105"><ele>173.2</ele><time>2026-10-01T13:26:38.000Z</time></trkpt><trkpt lat="-20.174141735493595" lon="57.4951862044627"><ele>174.2</ele><time>2026-10-01T13:26:39.000Z</time></trkpt><trkpt lat="-20.174141835493593" lon="57.49518377112929"><ele>174.2</ele><time>2026-10-01T13:26:40.000Z</time></trkpt><trkpt lat="-20.174141835493593" lon="57.49518160446256"><ele>174.2</ele><time>2026-10-01T13:26:41.000Z</time></trkpt><trkpt lat="-20.174142402160264" lon="57.49517947112918"><ele>174.2</ele><time>2026-10-01T13:26:42.000Z</time></trkpt><trkpt lat="-20.17414240216025" lon="57.495177671129156"><ele>174.2</ele><time>2026-10-01T13:26:43.000Z</time></trkpt><trkpt lat="-20.174142168826904" lon="57.49517740446254"><ele>175.0</ele><time>2026-10-01T13:26:44.000Z</time></trkpt><trkpt lat="-20.174141802160225" lon="57.49517770446257"><ele>175.0</ele><time>2026-10-01T13:26:45.000Z</time></trkpt><trkpt lat="-20.174142335493574" lon="57.495177704462606"><ele>175.0</ele><time>2026-10-01T13:26:46.000Z</time></trkpt><trkpt lat="-20.174142302160256" lon="57.49517607112925"><ele>175.0</ele><time>2026-10-01T13:26:47.000Z</time></trkpt><trkpt lat="-20.17414316882695" lon="57.49517453779591"><ele>175.0</ele><time>2026-10-01T13:26:48.000Z</time></trkpt><trkpt lat="-20.17414450216033" lon="57.49517180446255"><ele>175.4</ele><time>2026-10-01T13:26:49.000Z</time></trkpt><trkpt lat="-20.174146102160375" lon="57.49516880446254"><ele>175.4</ele><time>2026-10-01T13:26:50.000Z</time></trkpt><trkpt lat="-20.174147568827088" lon="57.49516623779584"><ele>175.4</ele><time>2026-10-01T13:26:51.000Z</time></trkpt><trkpt lat="-20.174150302160452" lon="57.495164271129184"><ele>175.4</ele><time>2026-10-01T13:26:52.000Z</time></trkpt><trkpt lat="-20.174153035493823" lon="57.49516247112918"><ele>175.4</ele><time>2026-10-01T13:26:53.000Z</time></trkpt><trkpt lat="-20.17415540216051" lon="57.49516133779582"><ele>176.1</ele><time>2026-10-01T13:26:54.000Z</time></trkpt><trkpt lat="-20.17415750216053" lon="57.49516047112913"><ele>176.1</ele><time>2026-10-01T13:26:55.000Z</time></trkpt><trkpt lat="-20.174159868827214" lon="57.495159604462444"><ele>176.1</ele><time>2026-10-01T13:26:56.000Z</time></trkpt><trkpt lat="-20.174161868827277" lon="57.495158304462414"><ele>176.1</ele><time>2026-10-01T13:26:57.000Z</time></trkpt><trkpt lat="-20.17416410216068" lon="57.49515663779573"><ele>176.1</ele><time>2026-10-01T13:26:58.000Z</time></trkpt><trkpt lat="-20.174166002160753" lon="57.495154404462404"><ele>176.8</ele><time>2026-10-01T13:26:59.000Z</time></trkpt><trkpt lat="-20.174168568827493" lon="57.49515133779573"><ele>176.8</ele><time>2026-10-01T13:27:00.000Z</time></trkpt><trkpt lat="-20.174170702160886" lon="57.49514737112905"><ele>176.8</ele><time>2026-10-01T13:27:01.000Z</time></trkpt><trkpt lat="-20.174172502160918" lon="57.49514443779574"><ele>176.8</ele><time>2026-10-01T13:27:02.000Z</time></trkpt><trkpt lat="-20.174174402160965" lon="57.4951412711291"><ele>176.8</ele><time>2026-10-01T13:27:03.000Z</time></trkpt><trkpt lat="-20.174176768827678" lon="57.49513883779578"><ele>177.1</ele><time>2026-10-01T13:27:04.000Z</time></trkpt><trkpt lat="-20.174178702161072" lon="57.49513700446246"><ele>177.1</ele><time>2026-10-01T13:27:05.000Z</time></trkpt><trkpt lat="-20.174180368827784" lon="57.49513600446248"><ele>177.1</ele><time>2026-10-01T13:27:06.000Z</time></trkpt><trkpt lat="-20.17418180216116" lon="57.49513550446252"><ele>177.1</ele><time>2026-10-01T13:27:07.000Z</time></trkpt><trkpt lat="-20.174183468827884" lon="57.49513480446251"><ele>177.1</ele><time>2026-10-01T13:27:08.000Z</time></trkpt><trkpt lat="-20.17418550216129" lon="57.49513323779581"><ele>177.6</ele><time>2026-10-01T13:27:09.000Z</time></trkpt><trkpt lat="-20.174186935494667" lon="57.49513197112911"><ele>177.6</ele><time>2026-10-01T13:27:10.000Z</time></trkpt><trkpt lat="-20.174188768828035" lon="57.49513163779578"><ele>177.6</ele><time>2026-10-01T13:27:11.000Z</time></trkpt><trkpt lat="-20.17419250216143" lon="57.495129837795766"><ele>177.6</ele><time>2026-10-01T13:27:12.000Z</time></trkpt><trkpt lat="-20.174195935494787" lon="57.49512880446243"><ele>177.6</ele><time>2026-10-01T13:27:13.000Z</time></trkpt><trkpt lat="-20.174199602161487" lon="57.495128037795794"><ele>178.1</ele><time>2026-10-01T13:27:14.000Z</time></trkpt><trkpt lat="-20.17420343549487" lon="57.495127204462484"><ele>178.1</ele><time>2026-10-01T13:27:15.000Z</time></trkpt><trkpt lat="-20.17420666882827" lon="57.49512433779578"><ele>178.1</ele><time>2026-10-01T13:27:16.000Z</time></trkpt><trkpt lat="-20.174207835494965" lon="57.49512277112908"><ele>178.1</ele><time>2026-10-01T13:27:17.000Z</time></trkpt><trkpt lat="-20.17420850216166" lon="57.49512127112905"><ele>178.1</ele><time>2026-10-01T13:27:18.000Z</time></trkpt><trkpt lat="-20.174208435494997" lon="57.49512020446235"><ele>178.5</ele><time>2026-10-01T13:27:19.000Z</time></trkpt><trkpt lat="-20.17420876882833" lon="57.495119004462325"><ele>178.5</ele><time>2026-10-01T13:27:20.000Z</time></trkpt><trkpt lat="-20.174209568828346" lon="57.49511767112896"><ele>178.5</ele><time>2026-10-01T13:27:21.000Z</time></trkpt><trkpt lat="-20.17421056882836" lon="57.495116771128934"><ele>178.5</ele><time>2026-10-01T13:27:22.000Z</time></trkpt><trkpt lat="-20.174210902161697" lon="57.495115671128914"><ele>178.5</ele><time>2026-10-01T13:27:23.000Z</time></trkpt><trkpt lat="-20.174211168828364" lon="57.495114371128885"><ele>179.2</ele><time>2026-10-01T13:27:24.000Z</time></trkpt><trkpt lat="-20.174211268828365" lon="57.49511253779549"><ele>179.2</ele><time>2026-10-01T13:27:25.000Z</time></trkpt><trkpt lat="-20.174210768828353" lon="57.49511137112878"><ele>179.2</ele><time>2026-10-01T13:27:26.000Z</time></trkpt><trkpt lat="-20.17421000216167" lon="57.49510897112871"><ele>179.2</ele><time>2026-10-01T13:27:27.000Z</time></trkpt><trkpt lat="-20.174209368828322" lon="57.49510657112862"><ele>179.2</ele><time>2026-10-01T13:27:28.000Z</time></trkpt><trkpt lat="-20.174209068828308" lon="57.495103637795204"><ele>179.9</ele><time>2026-10-01T13:27:29.000Z</time></trkpt><trkpt lat="-20.17420946882832" lon="57.49510143779514"><ele>179.9</ele><time>2026-10-01T13:27:30.000Z</time></trkpt><trkpt lat="-20.17421086882832" lon="57.49509900446178"><ele>179.9</ele><time>2026-10-01T13:27:31.000Z</time></trkpt><trkpt lat="-20.174212635495007" lon="57.49509733779511"><ele>179.9</ele><time>2026-10-01T13:27:32.000Z</time></trkpt><trkpt lat="-20.174214768828374" lon="57.49509577112845"><ele>179.9</ele><time>2026-10-01T13:27:33.000Z</time></trkpt><trkpt lat="-20.174216635495075" lon="57.49509493779512"><ele>180.3</ele><time>2026-10-01T13:27:34.000Z</time></trkpt><trkpt lat="-20.174217968828412" lon="57.49509383779514"><ele>180.3</ele><time>2026-10-01T13:27:35.000Z</time></trkpt><trkpt lat="-20.17421846882843" lon="57.49509360446179"><ele>180.3</ele><time>2026-10-01T13:27:36.000Z</time></trkpt><trkpt lat="-20.17421850216176" lon="57.495093571128464"><ele>180.3</ele><time>2026-10-01T13:27:37.000Z</time></trkpt><trkpt lat="-20.174218535495093" lon="57.49509353779513"><ele>180.3</ele><time>2026-10-01T13:27:38.000Z</time></trkpt><trkpt lat="-20.17421856882843" lon="57.49509350446179"><ele>180.8</ele><time>2026-10-01T13:27:39.000Z</time></trkpt><trkpt lat="-20.174218402161763" lon="57.49509367112846"><ele>180.8</ele><time>2026-10-01T13:27:40.000Z</time></trkpt><trkpt lat="-20.174218235495097" lon="57.49509383779514"><ele>180.8</ele><time>2026-10-01T13:27:41.000Z</time></trkpt><trkpt lat="-20.17421883549512" lon="57.49509260446175"><ele>180.8</ele><time>2026-10-01T13:27:42.000Z</time></trkpt><trkpt lat="-20.174220168828512" lon="57.49508977112831"><ele>180.8</ele><time>2026-10-01T13:27:43.000Z</time></trkpt><trkpt lat="-20.17422183549524" lon="57.495086271128216"><ele>181.3</ele><time>2026-10-01T13:27:44.000Z</time></trkpt><trkpt lat="-20.17422456882863" lon="57.495082037794795"><ele>181.3</ele><time>2026-10-01T13:27:45.000Z</time></trkpt><trkpt lat="-20.17422760216204" lon="57.495077371128026"><ele>181.3</ele><time>2026-10-01T13:27:46.000Z</time></trkpt><trkpt lat="-20.17423026882877" lon="57.49507413779463"><ele>181.3</ele><time>2026-10-01T13:27:47.000Z</time></trkpt><trkpt lat="-20.17423316882884" lon="57.49507273779464"><ele>181.3</ele><time>2026-10-01T13:27:48.000Z</time></trkpt><trkpt lat="-20.174235635495585" lon="57.495072437794626"><ele>181.4</ele><time>2026-10-01T13:27:49.000Z</time></trkpt><trkpt lat="-20.17423710216232" lon="57.49507320446128"><ele>181.4</ele><time>2026-10-01T13:27:50.000Z</time></trkpt><trkpt lat="-20.174238268829043" lon="57.49507440446128"><ele>181.4</ele><time>2026-10-01T13:27:51.000Z</time></trkpt><trkpt lat="-20.17424020216245" lon="57.49507557112793"><ele>181.4</ele><time>2026-10-01T13:27:52.000Z</time></trkpt><trkpt lat="-20.174241402162494" lon="57.49507587112788"><ele>181.4</ele><time>2026-10-01T13:27:53.000Z</time></trkpt><trkpt lat="-20.174243135495885" lon="57.495074971127835"><ele>181.8</ele><time>2026-10-01T13:27:54.000Z</time></trkpt><trkpt lat="-20.17424536882927" lon="57.49507380446113"><ele>181.8</ele><time>2026-10-01T13:27:55.000Z</time></trkpt><trkpt lat="-20.17424770216265" lon="57.49507213779439"><ele>181.8</ele><time>2026-10-01T13:27:56.000Z</time></trkpt><trkpt lat="-20.174248868829334" lon="57.495070704461"><ele>181.8</ele><time>2026-10-01T13:27:57.000Z</time></trkpt><trkpt lat="-20.174250502162657" lon="57.49506987112763"><ele>181.8</ele><time>2026-10-01T13:27:58.000Z</time></trkpt><trkpt lat="-20.174251802162637" lon="57.49506953779428"><ele>182.2</ele><time>2026-10-01T13:27:59.000Z</time></trkpt><trkpt lat="-20.174253202162628" lon="57.49506913779426"><ele>182.2</ele><time>2026-10-01T13:28:00.000Z</time></trkpt><trkpt lat="-20.17425450216262" lon="57.49506923779427"><ele>182.2</ele><time>2026-10-01T13:28:01.000Z</time></trkpt><trkpt lat="-20.174256835495974" lon="57.49506827112759"><ele>182.2</ele><time>2026-10-01T13:28:02.000Z</time></trkpt><trkpt lat="-20.17425846882934" lon="57.49506667112755"><ele>182.2</ele><time>2026-10-01T13:28:03.000Z</time></trkpt><trkpt lat="-20.174260235496053" lon="57.49506490446083"><ele>182.4</ele><time>2026-10-01T13:28:04.000Z</time></trkpt><trkpt lat="-20.174261335496094" lon="57.49506313779411"><ele>182.4</ele><time>2026-10-01T13:28:05.000Z</time></trkpt><trkpt lat="-20.174262235496137" lon="57.495060871127386"><ele>182.4</ele><time>2026-10-01T13:28:06.000Z</time></trkpt><trkpt lat="-20.174261868829483" lon="57.49505907112733"><ele>182.4</ele><time>2026-10-01T13:28:07.000Z</time></trkpt><trkpt lat="-20.17426136882949" lon="57.49505560446072"><ele>182.4</ele><time>2026-10-01T13:28:08.000Z</time></trkpt><trkpt lat="-20.174261568829543" lon="57.495050671127466"><ele>182.8</ele><time>2026-10-01T13:28:09.000Z</time></trkpt><trkpt lat="-20.1742617688296" lon="57.495045737794214"><ele>182.8</ele><time>2026-10-01T13:28:10.000Z</time></trkpt><trkpt lat="-20.174262402163" lon="57.49503997112756"><ele>182.8</ele><time>2026-10-01T13:28:11.000Z</time></trkpt><trkpt lat="-20.174264002163056" lon="57.49503500446093"><ele>182.8</ele><time>2026-10-01T13:28:12.000Z</time></trkpt><trkpt lat="-20.174266502163128" lon="57.495031471127575"><ele>182.8</ele><time>2026-10-01T13:28:13.000Z</time></trkpt><trkpt lat="-20.17426893549651" lon="57.495029704460855"><ele>183.2</ele><time>2026-10-01T13:28:14.000Z</time></trkpt><trkpt lat="-20.17427156882989" lon="57.49502803779414"><ele>183.2</ele><time>2026-10-01T13:28:15.000Z</time></trkpt><trkpt lat="-20.174274902163315" lon="57.4950279711275"><ele>183.2</ele><time>2026-10-01T13:28:16.000Z</time></trkpt><trkpt lat="-20.174277968830097" lon="57.49502710446084"><ele>183.2</ele><time>2026-10-01T13:28:17.000Z</time></trkpt><trkpt lat="-20.174281302163546" lon="57.49502770446081"><ele>183.2</ele><time>2026-10-01T13:28:18.000Z</time></trkpt><trkpt lat="-20.17428383549697" lon="57.49502873779413"><ele>183.5</ele><time>2026-10-01T13:28:19.000Z</time></trkpt><trkpt lat="-20.17428616883039" lon="57.49502967112744"><ele>183.5</ele><time>2026-10-01T13:28:20.000Z</time></trkpt><trkpt lat="-20.174288068830435" lon="57.49503040446076"><ele>183.5</ele><time>2026-10-01T13:28:21.000Z</time></trkpt><trkpt lat="-20.174290702163816" lon="57.49503113779408"><ele>183.5</ele><time>2026-10-01T13:28:22.000Z</time></trkpt><trkpt lat="-20.17429223549718" lon="57.495030471127414"><ele>183.5</ele><time>2026-10-01T13:28:23.000Z</time></trkpt><trkpt lat="-20.174293968830547" lon="57.495029537794075"><ele>184.3</ele><time>2026-10-01T13:28:24.000Z</time></trkpt><trkpt lat="-20.17429580216391" lon="57.495028237794074"><ele>184.3</ele><time>2026-10-01T13:28:25.000Z</time></trkpt><trkpt lat="-20.17429733549726" lon="57.495026204460736"><ele>184.3</ele><time>2026-10-01T13:28:26.000Z</time></trkpt><trkpt lat="-20.17429730216393" lon="57.49502430446073"><ele>184.3</ele><time>2026-10-01T13:28:27.000Z</time></trkpt><trkpt lat="-20.174296835497245" lon="57.495022237794046"><ele>184.3</ele><time>2026-10-01T13:28:28.000Z</time></trkpt><trkpt lat="-20.174295768830564" lon="57.49501960446073"><ele>185.1</ele><time>2026-10-01T13:28:29.000Z</time></trkpt><trkpt lat="-20.174294868830547" lon="57.49501670446074"><ele>185.1</ele><time>2026-10-01T13:28:30.000Z</time></trkpt><trkpt lat="-20.174293568830528" lon="57.49501453779409"><ele>185.1</ele><time>2026-10-01T13:28:31.000Z</time></trkpt><trkpt lat="-20.174293802163877" lon="57.49501213779409"><ele>185.1</ele><time>2026-10-01T13:28:32.000Z</time></trkpt><trkpt lat="-20.174294702163905" lon="57.495010571127445"><ele>185.1</ele><time>2026-10-01T13:28:33.000Z</time></trkpt><trkpt lat="-20.174295635497252" lon="57.49500960446077"><ele>185.6</ele><time>2026-10-01T13:28:34.000Z</time></trkpt><trkpt lat="-20.174296302163935" lon="57.49500927112742"><ele>185.6</ele><time>2026-10-01T13:28:35.000Z</time></trkpt><trkpt lat="-20.17429763549731" lon="57.4950081377941"><ele>185.6</ele><time>2026-10-01T13:28:36.000Z</time></trkpt><trkpt lat="-20.17429810216399" lon="57.49500710446078"><ele>185.6</ele><time>2026-10-01T13:28:37.000Z</time></trkpt><trkpt lat="-20.174298068830673" lon="57.49500590446079"><ele>185.6</ele><time>2026-10-01T13:28:38.000Z</time></trkpt><trkpt lat="-20.17429786883067" lon="57.49500410446079"><ele>186.3</ele><time>2026-10-01T13:28:39.000Z</time></trkpt><trkpt lat="-20.17429793549734" lon="57.49500283779412"><ele>186.3</ele><time>2026-10-01T13:28:40.000Z</time></trkpt><trkpt lat="-20.1742972354973" lon="57.495002037794094"><ele>186.3</ele><time>2026-10-01T13:28:41.000Z</time></trkpt><trkpt lat="-20.174296802163923" lon="57.49500157112741"><ele>186.3</ele><time>2026-10-01T13:28:42.000Z</time></trkpt><trkpt lat="-20.17429736883055" lon="57.49499993779405"><ele>186.3</ele><time>2026-10-01T13:28:43.000Z</time></trkpt><trkpt lat="-20.17429886883057" lon="57.49499820446065"><ele>186.8</ele><time>2026-10-01T13:28:44.000Z</time></trkpt><trkpt lat="-20.174301035497308" lon="57.494995671127256"><ele>186.8</ele><time>2026-10-01T13:28:45.000Z</time></trkpt><trkpt lat="-20.174304735497437" lon="57.4949934711272"><ele>186.8</ele><time>2026-10-01T13:28:46.000Z</time></trkpt><trkpt lat="-20.17430823549757" lon="57.494992037793835"><ele>186.8</ele><time>2026-10-01T13:28:47.000Z</time></trkpt><trkpt lat="-20.174310468831003" lon="57.4949910711271"><ele>186.8</ele><time>2026-10-01T13:28:48.000Z</time></trkpt><trkpt lat="-20.17431283549777" lon="57.49498977112701"><ele>187.1</ele><time>2026-10-01T13:28:49.000Z</time></trkpt><trkpt lat="-20.174314335497815" lon="57.49498913779358"><ele>187.1</ele><time>2026-10-01T13:28:50.000Z</time></trkpt><trkpt lat="-20.174314435497813" lon="57.4949880377935"><ele>187.1</ele><time>2026-10-01T13:28:51.000Z</time></trkpt><trkpt lat="-20.174314102164466" lon="57.49498493779335"><ele>187.1</ele><time>2026-10-01T13:28:52.000Z</time></trkpt><trkpt lat="-20.1743149354978" lon="57.4949828044599"><ele>187.1</ele><time>2026-10-01T13:28:53.000Z</time></trkpt><trkpt lat="-20.17431546883112" lon="57.494982204459845"><ele>187.8</ele><time>2026-10-01T13:28:54.000Z</time></trkpt><trkpt lat="-20.17431673549778" lon="57.49498123779313"><ele>187.8</ele><time>2026-10-01T13:28:55.000Z</time></trkpt><trkpt lat="-20.174318168831103" lon="57.494979737793074"><ele>187.8</ele><time>2026-10-01T13:28:56.000Z</time></trkpt><trkpt lat="-20.174320235497778" lon="57.49497867112639"><ele>187.8</ele><time>2026-10-01T13:28:57.000Z</time></trkpt><trkpt lat="-20.17432196883114" lon="57.49497707112634"><ele>187.8</ele><time>2026-10-01T13:28:58.000Z</time></trkpt><trkpt lat="-20.174322935497795" lon="57.49497473779299"><ele>188.6</ele><time>2026-10-01T13:28:59.000Z</time></trkpt><trkpt lat="-20.174323402164465" lon="57.49497220445962"><ele>188.6</ele><time>2026-10-01T13:29:00.000Z</time></trkpt><trkpt lat="-20.174324268831135" lon="57.49497047112626"><ele>188.6</ele><time>2026-10-01T13:29:01.000Z</time></trkpt><trkpt lat="-20.174325435497792" lon="57.49496960445956"><ele>188.6</ele><time>2026-10-01T13:29:02.000Z</time></trkpt><trkpt lat="-20.17432680216445" lon="57.49496930445955"><ele>188.6</ele><time>2026-10-01T13:29:03.000Z</time></trkpt><trkpt lat="-20.1743286354978" lon="57.49496917112621"><ele>189.1</ele><time>2026-10-01T13:29:04.000Z</time></trkpt><trkpt lat="-20.17433016883114" lon="57.49496920445953"><ele>189.1</ele><time>2026-10-01T13:29:05.000Z</time></trkpt><trkpt lat="-20.174331268831143" lon="57.49496990445952"><ele>189.1</ele><time>2026-10-01T13:29:06.000Z</time></trkpt><trkpt lat="-20.174331668831154" lon="57.49497040445952"><ele>189.1</ele><time>2026-10-01T13:29:07.000Z</time></trkpt><trkpt lat="-20.174332368831184" lon="57.49496967112621"><ele>189.1</ele><time>2026-10-01T13:29:08.000Z</time></trkpt><trkpt lat="-20.174332835497868" lon="57.49496863779291"><ele>189.9</ele><time>2026-10-01T13:29:09.000Z</time></trkpt><trkpt lat="-20.17433273549789" lon="57.494968404459634"><ele>189.9</ele><time>2026-10-01T13:29:10.000Z</time></trkpt><trkpt lat="-20.174333235497908" lon="57.494967637793025"><ele>189.9</ele><time>2026-10-01T13:29:11.000Z</time></trkpt><trkpt lat="-20.174333768831257" lon="57.49496683779309"><ele>189.9</ele><time>2026-10-01T13:29:12.000Z</time></trkpt><trkpt lat="-20.17433406883126" lon="57.49496707112646"><ele>189.9</ele><time>2026-10-01T13:29:13.000Z</time></trkpt><trkpt lat="-20.174334468831272" lon="57.49496750445983"><ele>190.5</ele><time>2026-10-01T13:29:14.000Z</time></trkpt><trkpt lat="-20.174336335497905" lon="57.49496640445982"><ele>190.5</ele><time>2026-10-01T13:29:15.000Z</time></trkpt><trkpt lat="-20.174337835497884" lon="57.49496457112648"><ele>190.5</ele><time>2026-10-01T13:29:16.000Z</time></trkpt><trkpt lat="-20.174339002164512" lon="57.49496250445977"><ele>190.5</ele><time>2026-10-01T13:29:17.000Z</time></trkpt><trkpt lat="-20.17433933549779" lon="57.49495963779308"><ele>190.5</ele><time>2026-10-01T13:29:18.000Z</time></trkpt><trkpt lat="-20.174340435497754" lon="57.49495660445971"><ele>190.6</ele><time>2026-10-01T13:29:19.000Z</time></trkpt><trkpt lat="-20.174342535497747" lon="57.494954104459666"><ele>190.6</ele><time>2026-10-01T13:29:20.000Z</time></trkpt><trkpt lat="-20.174344902164435" lon="57.494952137792964"><ele>190.6</ele><time>2026-10-01T13:29:21.000Z</time></trkpt><trkpt lat="-20.17434813549779" lon="57.494951071126295"><ele>190.6</ele><time>2026-10-01T13:29:22.000Z</time></trkpt><trkpt lat="-20.174352835497793" lon="57.4949504044596"><ele>190.6</ele><time>2026-10-01T13:29:23.000Z</time></trkpt><trkpt lat="-20.174356902164444" lon="57.494950004459575"><ele>190.7</ele><time>2026-10-01T13:29:24.000Z</time></trkpt><trkpt lat="-20.174359168831106" lon="57.49494927112623"><ele>190.7</ele><time>2026-10-01T13:29:25.000Z</time></trkpt><trkpt lat="-20.174362302164404" lon="57.49494800445956"><ele>190.7</ele><time>2026-10-01T13:29:26.000Z</time></trkpt><trkpt lat="-20.174365002164386" lon="57.49494543779284"><ele>190.7</ele><time>2026-10-01T13:29:27.000Z</time></trkpt><trkpt lat="-20.17436676883106" lon="57.49494407112618"><ele>190.7</ele><time>2026-10-01T13:29:28.000Z</time></trkpt><trkpt lat="-20.1743684021644" lon="57.494942571126174"><ele>190.9</ele><time>2026-10-01T13:29:29.000Z</time></trkpt><trkpt lat="-20.17436950216439" lon="57.49494153779282"><ele>190.9</ele><time>2026-10-01T13:29:30.000Z</time></trkpt><trkpt lat="-20.174369302164376" lon="57.494940671126116"><ele>190.9</ele><time>2026-10-01T13:29:31.000Z</time></trkpt><trkpt lat="-20.174369602164376" lon="57.49494090445944"><ele>190.9</ele><time>2026-10-01T13:29:32.000Z</time></trkpt><trkpt lat="-20.174370068831056" lon="57.49493993779272"><ele>190.9</ele><time>2026-10-01T13:29:33.000Z</time></trkpt><trkpt lat="-20.17437076883107" lon="57.49493863779266"><ele>191.1</ele><time>2026-10-01T13:29:34.000Z</time></trkpt><trkpt lat="-20.174371868831102" lon="57.494937437792586"><ele>191.1</ele><time>2026-10-01T13:29:35.000Z</time></trkpt><trkpt lat="-20.1743728354978" lon="57.4949369044592"><ele>191.1</ele><time>2026-10-01T13:29:36.000Z</time></trkpt><trkpt lat="-20.17437326883115" lon="57.494935604459144"><ele>191.1</ele><time>2026-10-01T13:29:37.000Z</time></trkpt><trkpt lat="-20.174374068831177" lon="57.4949349711258"><ele>191.1</ele><time>2026-10-01T13:29:38.000Z</time></trkpt><trkpt lat="-20.174374768831207" lon="57.494934804459135"><ele>191.6</ele><time>2026-10-01T13:29:39.000Z</time></trkpt><trkpt lat="-20.17437550216457" lon="57.49493460445914"><ele>191.6</ele><time>2026-10-01T13:29:40.000Z</time></trkpt><trkpt lat="-20.174377102164613" lon="57.494933471125776"><ele>191.6</ele><time>2026-10-01T13:29:41.000Z</time></trkpt><trkpt lat="-20.17438036883137" lon="57.49493327112575"><ele>191.6</ele><time>2026-10-01T13:29:42.000Z</time></trkpt><trkpt lat="-20.17438306883143" lon="57.49493283779238"><ele>191.6</ele><time>2026-10-01T13:29:43.000Z</time></trkpt><trkpt lat="-20.174385735498156" lon="57.4949323711257"><ele>192.1</ele><time>2026-10-01T13:29:44.000Z</time></trkpt><trkpt lat="-20.174388835498235" lon="57.49493133779235"><ele>192.1</ele><time>2026-10-01T13:29:45.000Z</time></trkpt><trkpt lat="-20.17439170216496" lon="57.494931004459055"><ele>192.1</ele><time>2026-10-01T13:29:46.000Z</time></trkpt><trkpt lat="-20.17439370216494" lon="57.49492947112574"><ele>192.1</ele><time>2026-10-01T13:29:47.000Z</time></trkpt><trkpt lat="-20.17439603549827" lon="57.49492850445911"><ele>192.1</ele><time>2026-10-01T13:29:48.000Z</time></trkpt><trkpt lat="-20.174398635498278" lon="57.49492713779246"><ele>192.4</ele><time>2026-10-01T13:29:49.000Z</time></trkpt><trkpt lat="-20.174401402164968" lon="57.49492530445916"><ele>192.4</ele><time>2026-10-01T13:29:50.000Z</time></trkpt><trkpt lat="-20.174404302164987" lon="57.49492283779252"><ele>192.4</ele><time>2026-10-01T13:29:51.000Z</time></trkpt><trkpt lat="-20.174406768831737" lon="57.49492040445924"><ele>192.4</ele><time>2026-10-01T13:29:52.000Z</time></trkpt><trkpt lat="-20.174409202165172" lon="57.49491680445924"><ele>192.4</ele><time>2026-10-01T13:29:53.000Z</time></trkpt><trkpt lat="-20.17441196883191" lon="57.49491320445924"><ele>193.0</ele><time>2026-10-01T13:29:54.000Z</time></trkpt><trkpt lat="-20.174413668831928" lon="57.49491017112585"><ele>193.0</ele><time>2026-10-01T13:29:55.000Z</time></trkpt><trkpt lat="-20.174414968831947" lon="57.49490723779248"><ele>193.0</ele><time>2026-10-01T13:29:56.000Z</time></trkpt><trkpt lat="-20.1744159354986" lon="57.494904471125764"><ele>193.0</ele><time>2026-10-01T13:29:57.000Z</time></trkpt><trkpt lat="-20.174416802165247" lon="57.49490217112575"><ele>193.0</ele><time>2026-10-01T13:29:58.000Z</time></trkpt><trkpt lat="-20.174417635498568" lon="57.49490017112574"><ele>193.8</ele><time>2026-10-01T13:29:59.000Z</time></trkpt><trkpt lat="-20.17441920216525" lon="57.49489870445908"><ele>193.8</ele><time>2026-10-01T13:30:00.000Z</time></trkpt><trkpt lat="-20.17442050216527" lon="57.49489790445907"><ele>193.8</ele><time>2026-10-01T13:30:01.000Z</time></trkpt><trkpt lat="-20.174421702165283" lon="57.494896904459075"><ele>193.8</ele><time>2026-10-01T13:30:02.000Z</time></trkpt><trkpt lat="-20.17442216883194" lon="57.49489557112571"><ele>193.8</ele><time>2026-10-01T13:30:03.000Z</time></trkpt><trkpt lat="-20.17442210216526" lon="57.49489437112568"><ele>194.2</ele><time>2026-10-01T13:30:04.000Z</time></trkpt><trkpt lat="-20.174422335498566" lon="57.49489290445897"><ele>194.2</ele><time>2026-10-01T13:30:05.000Z</time></trkpt><trkpt lat="-20.17442350216526" lon="57.494890071125575"><ele>194.2</ele><time>2026-10-01T13:30:06.000Z</time></trkpt><trkpt lat="-20.174424902165292" lon="57.49488733779215"><ele>194.2</ele><time>2026-10-01T13:30:07.000Z</time></trkpt><trkpt lat="-20.174426435498656" lon="57.49488440445875"><ele>194.2</ele><time>2026-10-01T13:30:08.000Z</time></trkpt><trkpt lat="-20.174428202165366" lon="57.4948809044587"><ele>195.0</ele><time>2026-10-01T13:30:09.000Z</time></trkpt><trkpt lat="-20.174429402165426" lon="57.49487693779197"><ele>195.0</ele><time>2026-10-01T13:30:10.000Z</time></trkpt><trkpt lat="-20.174429568832092" lon="57.49487423779193"><ele>195.0</ele><time>2026-10-01T13:30:11.000Z</time></trkpt><trkpt lat="-20.174430202165457" lon="57.494871837791926"><ele>195.0</ele><time>2026-10-01T13:30:12.000Z</time></trkpt><trkpt lat="-20.174431702165514" lon="57.49487037112525"><ele>195.0</ele><time>2026-10-01T13:30:13.000Z</time></trkpt><trkpt lat="-20.17443343549892" lon="57.494868771125255"><ele>195.8</ele><time>2026-10-01T13:30:14.000Z</time></trkpt><trkpt lat="-20.174435968832324" lon="57.49486727112528"><ele>195.8</ele><time>2026-10-01T13:30:15.000Z</time></trkpt><trkpt lat="-20.17443970216572" lon="57.494864804458686"><ele>195.8</ele><time>2026-10-01T13:30:16.000Z</time></trkpt><trkpt lat="-20.174443335499106" lon="57.4948621377921"><ele>195.8</ele><time>2026-10-01T13:30:17.000Z</time></trkpt><trkpt lat="-20.174447535499198" lon="57.49485947112551"><ele>195.8</ele><time>2026-10-01T13:30:18.000Z</time></trkpt><trkpt lat="-20.174452202165988" lon="57.49485707112556"><ele>196.1</ele><time>2026-10-01T13:30:19.000Z</time></trkpt><trkpt lat="-20.174456468832773" lon="57.494854171125624"><ele>196.1</ele><time>2026-10-01T13:30:20.000Z</time></trkpt><trkpt lat="-20.174460135499583" lon="57.49485127112564"><ele>196.1</ele><time>2026-10-01T13:30:21.000Z</time></trkpt><trkpt lat="-20.174463835499715" lon="57.49484687112566"><ele>196.1</ele><time>2026-10-01T13:30:22.000Z</time></trkpt><trkpt lat="-20.17446696883314" lon="57.49484193779233"><ele>196.1</ele><time>2026-10-01T13:30:23.000Z</time></trkpt><trkpt lat="-20.174469268833175" lon="57.49483717112567"><ele>197.0</ele><time>2026-10-01T13:30:24.000Z</time></trkpt><trkpt lat="-20.174471502166544" lon="57.49483333779231"><ele>197.0</ele><time>2026-10-01T13:30:25.000Z</time></trkpt><trkpt lat="-20.17447353549991" lon="57.494830337792266"><ele>197.0</ele><time>2026-10-01T13:30:26.000Z</time></trkpt><trkpt lat="-20.17447476883327" lon="57.494829237792224"><ele>197.0</ele><time>2026-10-01T13:30:27.000Z</time></trkpt><trkpt lat="-20.174475335499956" lon="57.49482917112554"><ele>197.0</ele><time>2026-10-01T13:30:28.000Z</time></trkpt><trkpt lat="-20.174475802166633" lon="57.494829371125526"><ele>197.9</ele><time>2026-10-01T13:30:29.000Z</time></trkpt><trkpt lat="-20.17447593549998" lon="57.49482970445886"><ele>197.9</ele><time>2026-10-01T13:30:30.000Z</time></trkpt><trkpt lat="-20.17447576883331" lon="57.49483027112552"><ele>197.9</ele><time>2026-10-01T13:30:31.000Z</time></trkpt><trkpt lat="-20.174476835499966" lon="57.49482983779218"><ele>197.9</ele><time>2026-10-01T13:30:32.000Z</time></trkpt><trkpt lat="-20.174478802166654" lon="57.4948289711255"><ele>197.9</ele><time>2026-10-01T13:30:33.000Z</time></trkpt><trkpt lat="-20.17448183550001" lon="57.49482703779214"><ele>198.4</ele><time>2026-10-01T13:30:34.000Z</time></trkpt><trkpt lat="-20.174485102166713" lon="57.49482533779211"><ele>198.4</ele><time>2026-10-01T13:30:35.000Z</time></trkpt><trkpt lat="-20.17448840216675" lon="57.4948230711254"><ele>198.4</ele><time>2026-10-01T13:30:36.000Z</time></trkpt><trkpt lat="-20.17449043550013" lon="57.49482087112538"><ele>198.4</ele><time>2026-10-01T13:30:37.000Z</time></trkpt><trkpt lat="-20.17449146883348" lon="57.49481843779201"><ele>198.4</ele><time>2026-10-01T13:30:38.000Z</time></trkpt><trkpt lat="-20.174491302166825" lon="57.49481707112534"><ele>199.2</ele><time>2026-10-01T13:30:39.000Z</time></trkpt><trkpt lat="-20.174490735500157" lon="57.49481413779195"><ele>199.2</ele><time>2026-10-01T13:30:40.000Z</time></trkpt><trkpt lat="-20.174490035500153" lon="57.494810871125196"><ele>199.2</ele><time>2026-10-01T13:30:41.000Z</time></trkpt><trkpt lat="-20.174490702166874" lon="57.4948075711251"><ele>199.2</ele><time>2026-10-01T13:30:42.000Z</time></trkpt><trkpt lat="-20.174492702166987" lon="57.49480393779167"><ele>199.2</ele><time>2026-10-01T13:30:43.000Z</time></trkpt><trkpt lat="-20.174495568833798" lon="57.49479933779162"><ele>199.9</ele><time>2026-10-01T13:30:44.000Z</time></trkpt><trkpt lat="-20.17449986883397" lon="57.494795871124964"><ele>199.9</ele><time>2026-10-01T13:30:45.000Z</time></trkpt><trkpt lat="-20.17450456883416" lon="57.49479317112498"><ele>199.9</ele><time>2026-10-01T13:30:46.000Z</time></trkpt><trkpt lat="-20.174509168834277" lon="57.49479103779165"><ele>199.9</ele><time>2026-10-01T13:30:47.000Z</time></trkpt><trkpt lat="-20.174513368834344" lon="57.494789271125"><ele>199.9</ele><time>2026-10-01T13:30:48.000Z</time></trkpt><trkpt lat="-20.17451700216771" lon="57.494787671124946"><ele>200.2</ele><time>2026-10-01T13:30:49.000Z</time></trkpt><trkpt lat="-20.174519435501054" lon="57.494786137791564"><ele>200.2</ele><time>2026-10-01T13:30:50.000Z</time></trkpt><trkpt lat="-20.174521068834363" lon="57.49478300445818"><ele>200.2</ele><time>2026-10-01T13:30:51.000Z</time></trkpt><trkpt lat="-20.1745221021677" lon="57.494779504458165"><ele>200.2</ele><time>2026-10-01T13:30:52.000Z</time></trkpt><trkpt lat="-20.17452233550103" lon="57.494776237791484"><ele>200.2</ele><time>2026-10-01T13:30:53.000Z</time></trkpt><trkpt lat="-20.1745224021677" lon="57.494773771124834"><ele>201.2</ele><time>2026-10-01T13:30:54.000Z</time></trkpt><trkpt lat="-20.174522668834364" lon="57.49477133779152"><ele>201.2</ele><time>2026-10-01T13:30:55.000Z</time></trkpt><trkpt lat="-20.174523902167742" lon="57.49477090445822"><ele>201.2</ele><time>2026-10-01T13:30:56.000Z</time></trkpt><trkpt lat="-20.174525368834466" lon="57.49477143779158"><ele>201.2</ele><time>2026-10-01T13:30:57.000Z</time></trkpt><trkpt lat="-20.17452683550119" lon="57.49477180445827"><ele>201.2</ele><time>2026-10-01T13:30:58.000Z</time></trkpt><trkpt lat="-20.17452843550125" lon="57.49477137112493"><ele>202.4</ele><time>2026-10-01T13:30:59.000Z</time></trkpt><trkpt lat="-20.174529768834642" lon="57.4947710377916"><ele>202.4</ele><time>2026-10-01T13:31:00.000Z</time></trkpt><trkpt lat="-20.17453096883467" lon="57.49477030445824"><ele>202.4</ele><time>2026-10-01T13:31:01.000Z</time></trkpt><trkpt lat="-20.17453210216801" lon="57.49476887112487"><ele>202.4</ele><time>2026-10-01T13:31:02.000Z</time></trkpt><trkpt lat="-20.17453350216801" lon="57.49476667112483"><ele>202.4</ele><time>2026-10-01T13:31:03.000Z</time></trkpt><trkpt lat="-20.174534935501345" lon="57.494764271124744"><ele>202.9</ele><time>2026-10-01T13:31:04.000Z</time></trkpt><trkpt lat="-20.174536502168017" lon="57.494761837791316"><ele>202.9</ele><time>2026-10-01T13:31:05.000Z</time></trkpt><trkpt lat="-20.17453800216802" lon="57.49475910445788"><ele>202.9</ele><time>2026-10-01T13:31:06.000Z</time></trkpt><trkpt lat="-20.174539435501384" lon="57.49475663779113"><ele>202.9</ele><time>2026-10-01T13:31:07.000Z</time></trkpt><trkpt lat="-20.174540902168097" lon="57.494754337791036"><ele>202.9</ele><time>2026-10-01T13:31:08.000Z</time></trkpt><trkpt lat="-20.17454220216814" lon="57.49475303779102"><ele>203.7</ele><time>2026-10-01T13:31:09.000Z</time></trkpt><trkpt lat="-20.17454336883485" lon="57.494751771124335"><ele>203.7</ele><time>2026-10-01T13:31:10.000Z</time></trkpt><trkpt lat="-20.174544735501588" lon="57.49475047112431"><ele>203.7</ele><time>2026-10-01T13:31:11.000Z</time></trkpt><trkpt lat="-20.174545068834945" lon="57.494749337790964"><ele>203.7</ele><time>2026-10-01T13:31:12.000Z</time></trkpt><trkpt lat="-20.174545502168293" lon="57.49474873779094"><ele>203.7</ele><time>2026-10-01T13:31:13.000Z</time></trkpt><trkpt lat="-20.174546202168308" lon="57.49474783779091"><ele>204.4</ele><time>2026-10-01T13:31:14.000Z</time></trkpt><trkpt lat="-20.17454636883499" lon="57.494746571124196"><ele>204.4</ele><time>2026-10-01T13:31:15.000Z</time></trkpt><trkpt lat="-20.17454650216832" lon="57.49474507112414"><ele>204.4</ele><time>2026-10-01T13:31:16.000Z</time></trkpt><trkpt lat="-20.17454723550167" lon="57.49474377112409"><ele>204.4</ele><time>2026-10-01T13:31:17.000Z</time></trkpt><trkpt lat="-20.174547735501687" lon="57.49474250445737"><ele>204.4</ele><time>2026-10-01T13:31:18.000Z</time></trkpt><trkpt lat="-20.17454853550169" lon="57.494741771124"><ele>204.7</ele><time>2026-10-01T13:31:19.000Z</time></trkpt><trkpt lat="-20.17455036883504" lon="57.49474143779063"><ele>204.7</ele><time>2026-10-01T13:31:20.000Z</time></trkpt><trkpt lat="-20.174551768835045" lon="57.49474180445729"><ele>204.7</ele><time>2026-10-01T13:31:21.000Z</time></trkpt><trkpt lat="-20.17455300216838" lon="57.49474203779063"><ele>204.7</ele><time>2026-10-01T13:31:22.000Z</time></trkpt><trkpt lat="-20.17455406883505" lon="57.49474230445729"><ele>204.7</ele><time>2026-10-01T13:31:23.000Z</time></trkpt><trkpt lat="-20.174554568835067" lon="57.494742337790626"><ele>205.4</ele><time>2026-10-01T13:31:24.000Z</time></trkpt><trkpt lat="-20.174554568835067" lon="57.494742337790626"><ele>205.4</ele><time>2026-10-01T13:31:25.000Z</time></trkpt><trkpt lat="-20.174554568835067" lon="57.494742337790626"><ele>205.4</ele><time>2026-10-01T13:31:26.000Z</time></trkpt><trkpt lat="-20.174554568835067" lon="57.494742337790626"><ele>205.4</ele><time>2026-10-01T13:31:27.000Z</time></trkpt><trkpt lat="-20.174554368835064" lon="57.494741304457236"><ele>205.4</ele><time>2026-10-01T13:31:28.000Z</time></trkpt><trkpt lat="-20.17455483550173" lon="57.49474080445721"><ele>205.9</ele><time>2026-10-01T13:31:29.000Z</time></trkpt><trkpt lat="-20.17455580216841" lon="57.494739437790486"><ele>205.9</ele><time>2026-10-01T13:31:30.000Z</time></trkpt><trkpt lat="-20.174558302168457" lon="57.4947383044571"><ele>205.9</ele><time>2026-10-01T13:31:31.000Z</time></trkpt><trkpt lat="-20.174561368835157" lon="57.49473703779038"><ele>205.9</ele><time>2026-10-01T13:31:32.000Z</time></trkpt><trkpt lat="-20.174565235501888" lon="57.4947364711237"><ele>205.9</ele><time>2026-10-01T13:31:33.000Z</time></trkpt><trkpt lat="-20.174568635501952" lon="57.49473450445701"><ele>205.9</ele><time>2026-10-01T13:31:34.000Z</time></trkpt><trkpt lat="-20.174571902168683" lon="57.49473263779031"><ele>205.9</ele><time>2026-10-01T13:31:35.000Z</time></trkpt><trkpt lat="-20.174574802168678" lon="57.49472920445695"><ele>205.9</ele><time>2026-10-01T13:31:36.000Z</time></trkpt><trkpt lat="-20.174578302168648" lon="57.494726371123605"><ele>205.9</ele><time>2026-10-01T13:31:37.000Z</time></trkpt><trkpt lat="-20.174581035501923" lon="57.49472380445693"><ele>205.9</ele><time>2026-10-01T13:31:38.000Z</time></trkpt><trkpt lat="-20.17458316883519" lon="57.494722104456926"><ele>206.1</ele><time>2026-10-01T13:31:39.000Z</time></trkpt><trkpt lat="-20.174586035501775" lon="57.494720204456904"><ele>206.1</ele><time>2026-10-01T13:31:40.000Z</time></trkpt><trkpt lat="-20.174588335501756" lon="57.49471880445685"><ele>206.1</ele><time>2026-10-01T13:31:41.000Z</time></trkpt><trkpt lat="-20.174590102168455" lon="57.49471593779015"><ele>206.1</ele><time>2026-10-01T13:31:42.000Z</time></trkpt><trkpt lat="-20.17459273550181" lon="57.49471203779014"><ele>206.1</ele><time>2026-10-01T13:31:43.000Z</time></trkpt><trkpt lat="-20.174595868835166" lon="57.494708204456785"><ele>206.7</ele><time>2026-10-01T13:31:44.000Z</time></trkpt><trkpt lat="-20.174598635501894" lon="57.49470483779013"><ele>206.7</ele><time>2026-10-01T13:31:45.000Z</time></trkpt><trkpt lat="-20.174602035501973" lon="57.494702104456834"><ele>206.7</ele><time>2026-10-01T13:31:46.000Z</time></trkpt><trkpt lat="-20.1746052688354" lon="57.49469917112346"><ele>206.7</ele><time>2026-10-01T13:31:47.000Z</time></trkpt><trkpt lat="-20.174608535502195" lon="57.49469660445673"><ele>206.7</ele><time>2026-10-01T13:31:48.000Z</time></trkpt><trkpt lat="-20.174612635502378" lon="57.49469367112333"><ele>207.2</ele><time>2026-10-01T13:31:49.000Z</time></trkpt><trkpt lat="-20.17461596883587" lon="57.49469067112327"><ele>207.2</ele><time>2026-10-01T13:31:50.000Z</time></trkpt><trkpt lat="-20.174618135502648" lon="57.494687337789856"><ele>207.2</ele><time>2026-10-01T13:31:51.000Z</time></trkpt><trkpt lat="-20.17461946883605" lon="57.4946852044565"><ele>207.2</ele><time>2026-10-01T13:31:52.000Z</time></trkpt><trkpt lat="-20.174619835502746" lon="57.49468380445647"><ele>207.2</ele><time>2026-10-01T13:31:53.000Z</time></trkpt><trkpt lat="-20.174618835502702" lon="57.49468243778978"><ele>208.3</ele><time>2026-10-01T13:31:54.000Z</time></trkpt><trkpt lat="-20.174617735502657" lon="57.49468157112309"><ele>208.3</ele><time>2026-10-01T13:31:55.000Z</time></trkpt><trkpt lat="-20.174616568835948" lon="57.494681237789756"><ele>208.3</ele><time>2026-10-01T13:31:56.000Z</time></trkpt><trkpt lat="-20.174615768835917" lon="57.49468090445642"><ele>208.3</ele><time>2026-10-01T13:31:57.000Z</time></trkpt><trkpt lat="-20.17461496883589" lon="57.49468047112309"><ele>208.3</ele><time>2026-10-01T13:31:58.000Z</time></trkpt><trkpt lat="-20.17461503550256" lon="57.49468047112309"><ele>209.2</ele><time>2026-10-01T13:31:59.000Z</time></trkpt><trkpt lat="-20.174615235502557" lon="57.49468053778976"><ele>209.2</ele><time>2026-10-01T13:32:00.000Z</time></trkpt><trkpt lat="-20.17461646883591" lon="57.494680871123094"><ele>209.2</ele><time>2026-10-01T13:32:01.000Z</time></trkpt><trkpt lat="-20.17461830216929" lon="57.49468150445644"><ele>209.2</ele><time>2026-10-01T13:32:02.000Z</time></trkpt><trkpt lat="-20.17462033550268" lon="57.49468240445644"><ele>209.2</ele><time>2026-10-01T13:32:03.000Z</time></trkpt><trkpt lat="-20.174621835502727" lon="57.49468333778977"><ele>209.6</ele><time>2026-10-01T13:32:04.000Z</time></trkpt><trkpt lat="-20.17462333550277" lon="57.494684271123106"><ele>209.6</ele><time>2026-10-01T13:32:05.000Z</time></trkpt><trkpt lat="-20.174623802169464" lon="57.49468493778977"><ele>209.6</ele><time>2026-10-01T13:32:06.000Z</time></trkpt><trkpt lat="-20.17462366883613" lon="57.494685304456425"><ele>209.6</ele><time>2026-10-01T13:32:07.000Z</time></trkpt><trkpt lat="-20.174623568836132" lon="57.49468550445641"><ele>209.6</ele><time>2026-10-01T13:32:08.000Z</time></trkpt><trkpt lat="-20.174623568836132" lon="57.49468543778975"><ele>210.2</ele><time>2026-10-01T13:32:09.000Z</time></trkpt><trkpt lat="-20.17462376883613" lon="57.49468530445641"><ele>210.2</ele><time>2026-10-01T13:32:10.000Z</time></trkpt><trkpt lat="-20.174624168836132" lon="57.49468487112307"><ele>210.2</ele><time>2026-10-01T13:32:11.000Z</time></trkpt><trkpt lat="-20.174624568836133" lon="57.49468443778973"><ele>210.2</ele><time>2026-10-01T13:32:12.000Z</time></trkpt><trkpt lat="-20.174624968836135" lon="57.49468400445638"><ele>210.2</ele><time>2026-10-01T13:32:13.000Z</time></trkpt><trkpt lat="-20.17462536883614" lon="57.494683637789706"><ele>210.3</ele><time>2026-10-01T13:32:14.000Z</time></trkpt><trkpt lat="-20.17462556883614" lon="57.494683337789695"><ele>210.3</ele><time>2026-10-01T13:32:15.000Z</time></trkpt><trkpt lat="-20.17462556883614" lon="57.494683337789695"><ele>210.3</ele><time>2026-10-01T13:32:16.000Z</time></trkpt><trkpt lat="-20.17462556883614" lon="57.494683337789695"><ele>210.3</ele><time>2026-10-01T13:32:17.000Z</time></trkpt><trkpt lat="-20.17462556883614" lon="57.494683337789695"><ele>210.3</ele><time>2026-10-01T13:32:18.000Z</time></trkpt><trkpt lat="-20.17462556883614" lon="57.494683337789695"><ele>210.3</ele><time>2026-10-01T13:32:19.000Z</time></trkpt><trkpt lat="-20.17462556883614" lon="57.494683337789695"><ele>210.3</ele><time>2026-10-01T13:32:20.000Z</time></trkpt><trkpt lat="-20.17462556883614" lon="57.494683337789695"><ele>210.3</ele><time>2026-10-01T13:32:21.000Z</time></trkpt><trkpt lat="-20.17462556883614" lon="57.494683337789695"><ele>210.3</ele><time>2026-10-01T13:32:22.000Z</time></trkpt><trkpt lat="-20.17462556883614" lon="57.494683337789695"><ele>210.3</ele><time>2026-10-01T13:32:23.000Z</time></trkpt><trkpt lat="-20.17462556883614" lon="57.494683337789695"><ele>210.3</ele><time>2026-10-01T13:32:24.000Z</time></trkpt><trkpt lat="-20.17462556883614" lon="57.494683337789695"><ele>210.3</ele><time>2026-10-01T13:32:25.000Z</time></trkpt><trkpt lat="-20.17462556883614" lon="57.494683337789695"><ele>210.3</ele><time>2026-10-01T13:32:26.000Z</time></trkpt><trkpt lat="-20.17462556883614" lon="57.494683337789695"><ele>210.3</ele><time>2026-10-01T13:32:27.000Z</time></trkpt><trkpt lat="-20.17462556883614" lon="57.494683337789695"><ele>210.3</ele><time>2026-10-01T13:32:28.000Z</time></trkpt><trkpt lat="-20.17462556883614" lon="57.494683337789695"><ele>210.3</ele><time>2026-10-01T13:32:29.000Z</time></trkpt><trkpt lat="-20.17462556883614" lon="57.494683337789695"><ele>210.3</ele><time>2026-10-01T13:32:30.000Z</time></trkpt><trkpt lat="-20.17462556883614" lon="57.494683337789695"><ele>210.3</ele><time>2026-10-01T13:32:31.000Z</time></trkpt><trkpt lat="-20.174625568836156" lon="57.49468333778967"><ele>210.3</ele><time>2026-10-01T13:32:32.000Z</time></trkpt><trkpt lat="-20.174625568836156" lon="57.49468333778967"><ele>210.3</ele><time>2026-10-01T13:32:33.000Z</time></trkpt><trkpt lat="-20.174625568836156" lon="57.49468333778967"><ele>210.3</ele><time>2026-10-01T13:32:34.000Z</time></trkpt><trkpt lat="-20.174625568836156" lon="57.49468333778967"><ele>210.3</ele><time>2026-10-01T13:32:35.000Z</time></trkpt><trkpt lat="-20.174625459745247" lon="57.494683428698764"><ele>210.3</ele><time>2026-10-01T13:32:36.000Z</time></trkpt><trkpt lat="-20.17462545974525" lon="57.49468342869877"><ele>210.3</ele><time>2026-10-01T13:32:37.000Z</time></trkpt><trkpt lat="-20.17462545974525" lon="57.49468342869877"><ele>210.3</ele><time>2026-10-01T13:32:38.000Z</time></trkpt><trkpt lat="-20.17462545974525" lon="57.49468342869877"><ele>210.2</ele><time>2026-10-01T13:32:39.000Z</time></trkpt><trkpt lat="-20.174625096108883" lon="57.49468373172907"><ele>210.2</ele><time>2026-10-01T13:32:40.000Z</time></trkpt><trkpt lat="-20.174624768836157" lon="57.49468400445634"><ele>210.2</ele><time>2026-10-01T13:32:41.000Z</time></trkpt><trkpt lat="-20.174624302169487" lon="57.49468470445635"><ele>210.2</ele><time>2026-10-01T13:32:42.000Z</time></trkpt><trkpt lat="-20.174624335502834" lon="57.49468490445632"><ele>210.2</ele><time>2026-10-01T13:32:43.000Z</time></trkpt><trkpt lat="-20.174624368836177" lon="57.4946851044563"><ele>210.1</ele><time>2026-10-01T13:32:44.000Z</time></trkpt><trkpt lat="-20.174624802169525" lon="57.49468497112296"><ele>210.1</ele><time>2026-10-01T13:32:45.000Z</time></trkpt><trkpt lat="-20.174625235502873" lon="57.49468483778962"><ele>210.1</ele><time>2026-10-01T13:32:46.000Z</time></trkpt><trkpt lat="-20.17462573550289" lon="57.4946843377896"><ele>210.1</ele><time>2026-10-01T13:32:47.000Z</time></trkpt><trkpt lat="-20.17462573550289" lon="57.49468433778959"><ele>210.1</ele><time>2026-10-01T13:32:48.000Z</time></trkpt><trkpt lat="-20.17462573550289" lon="57.49468433778959"><ele>210.1</ele><time>2026-10-01T13:32:49.000Z</time></trkpt><trkpt lat="-20.17462573550289" lon="57.49468433778959"><ele>210.1</ele><time>2026-10-01T13:32:50.000Z</time></trkpt><trkpt lat="-20.17462573550289" lon="57.49468433778959"><ele>210.1</ele><time>2026-10-01T13:32:51.000Z</time></trkpt><trkpt lat="-20.174625835502887" lon="57.4946842377896"><ele>210.1</ele><time>2026-10-01T13:32:52.000Z</time></trkpt><trkpt lat="-20.17462593550289" lon="57.49468413778961"><ele>210.1</ele><time>2026-10-01T13:32:53.000Z</time></trkpt><trkpt lat="-20.17462603550289" lon="57.494684037789625"><ele>209.9</ele><time>2026-10-01T13:32:54.000Z</time></trkpt><trkpt lat="-20.174626135502887" lon="57.49468393778964"><ele>209.9</ele><time>2026-10-01T13:32:55.000Z</time></trkpt><trkpt lat="-20.17462623550289" lon="57.49468383778965"><ele>209.9</ele><time>2026-10-01T13:32:56.000Z</time></trkpt><trkpt lat="-20.17462623550289" lon="57.49468383778965"><ele>209.9</ele><time>2026-10-01T13:32:57.000Z</time></trkpt><trkpt lat="-20.174626935502875" lon="57.49468287112292"><ele>209.9</ele><time>2026-10-01T13:32:58.000Z</time></trkpt><trkpt lat="-20.174628035502863" lon="57.49468177112285"><ele>209.8</ele><time>2026-10-01T13:32:59.000Z</time></trkpt><trkpt lat="-20.174629902169535" lon="57.494679304456085"><ele>209.8</ele><time>2026-10-01T13:33:00.000Z</time></trkpt><trkpt lat="-20.174632302169538" lon="57.49467657112266"><ele>209.8</ele><time>2026-10-01T13:33:01.000Z</time></trkpt><trkpt lat="-20.174635835502855" lon="57.49467480445592"><ele>209.8</ele><time>2026-10-01T13:33:02.000Z</time></trkpt><trkpt lat="-20.174638368836167" lon="57.49467397112257"><ele>209.8</ele><time>2026-10-01T13:33:03.000Z</time></trkpt><trkpt lat="-20.174640368836148" lon="57.494672971122576"><ele>209.8</ele><time>2026-10-01T13:33:04.000Z</time></trkpt><trkpt lat="-20.174641168836096" lon="57.49467300445595"><ele>209.8</ele><time>2026-10-01T13:33:05.000Z</time></trkpt><trkpt lat="-20.174641002169363" lon="57.4946725377893"><ele>209.8</ele><time>2026-10-01T13:33:06.000Z</time></trkpt><trkpt lat="-20.174639868835985" lon="57.49467077112263"><ele>209.8</ele><time>2026-10-01T13:33:07.000Z</time></trkpt><trkpt lat="-20.17463920216929" lon="57.4946683377893"><ele>209.8</ele><time>2026-10-01T13:33:08.000Z</time></trkpt><trkpt lat="-20.17463860216926" lon="57.49466647112264"><ele>209.9</ele><time>2026-10-01T13:33:09.000Z</time></trkpt><trkpt lat="-20.17463850216925" lon="57.494664371122624"><ele>209.9</ele><time>2026-10-01T13:33:10.000Z</time></trkpt><trkpt lat="-20.174639568835946" lon="57.49466223778927"><ele>209.9</ele><time>2026-10-01T13:33:11.000Z</time></trkpt><trkpt lat="-20.174640502169307" lon="57.494659837789264"><ele>209.9</ele><time>2026-10-01T13:33:12.000Z</time></trkpt><trkpt lat="-20.17464070216935" lon="57.494657671122596"><ele>209.9</ele><time>2026-10-01T13:33:13.000Z</time></trkpt><trkpt lat="-20.174641502169393" lon="57.494653937789266"><ele>210.5</ele><time>2026-10-01T13:33:14.000Z</time></trkpt><trkpt lat="-20.174643068836094" lon="57.49464957112266"><ele>210.5</ele><time>2026-10-01T13:33:15.000Z</time></trkpt><trkpt lat="-20.17464440216944" lon="57.494645071122704"><ele>210.5</ele><time>2026-10-01T13:33:16.000Z</time></trkpt><trkpt lat="-20.17464630216949" lon="57.49464127112274"><ele>210.5</ele><time>2026-10-01T13:33:17.000Z</time></trkpt><trkpt lat="-20.174649635502885" lon="57.494638671122765"><ele>210.5</ele><time>2026-10-01T13:33:18.000Z</time></trkpt><trkpt lat="-20.174653335502907" lon="57.4946365044561"><ele>210.9</ele><time>2026-10-01T13:33:19.000Z</time></trkpt><trkpt lat="-20.174657402169665" lon="57.4946353044561"><ele>210.9</ele><time>2026-10-01T13:33:20.000Z</time></trkpt><trkpt lat="-20.174661635503078" lon="57.49463487112276"><ele>210.9</ele><time>2026-10-01T13:33:21.000Z</time></trkpt><trkpt lat="-20.174665235503124" lon="57.494634037789446"><ele>210.9</ele><time>2026-10-01T13:33:22.000Z</time></trkpt><trkpt lat="-20.174667935503145" lon="57.49463243778946"><ele>210.9</ele><time>2026-10-01T13:33:23.000Z</time></trkpt><trkpt lat="-20.17467043550319" lon="57.494631571122795"><ele>212.1</ele><time>2026-10-01T13:33:24.000Z</time></trkpt><trkpt lat="-20.17467193550318" lon="57.49463107112281"><ele>212.1</ele><time>2026-10-01T13:33:25.000Z</time></trkpt><trkpt lat="-20.174673102169837" lon="57.49463010445614"><ele>212.1</ele><time>2026-10-01T13:33:26.000Z</time></trkpt><trkpt lat="-20.174674302169826" lon="57.49462943778947"><ele>212.1</ele><time>2026-10-01T13:33:27.000Z</time></trkpt><trkpt lat="-20.174675535503148" lon="57.49462880445613"><ele>212.1</ele><time>2026-10-01T13:33:28.000Z</time></trkpt><trkpt lat="-20.174676068836483" lon="57.49462830445613"><ele>213.3</ele><time>2026-10-01T13:33:29.000Z</time></trkpt><trkpt lat="-20.174676268836485" lon="57.49462717112276"><ele>213.3</ele><time>2026-10-01T13:33:30.000Z</time></trkpt><trkpt lat="-20.174676135503155" lon="57.49462667112274"><ele>213.3</ele><time>2026-10-01T13:33:31.000Z</time></trkpt><trkpt lat="-20.17467600216982" lon="57.49462617112272"><ele>213.3</ele><time>2026-10-01T13:33:32.000Z</time></trkpt><trkpt lat="-20.17467620216982" lon="57.494625237789364"><ele>213.3</ele><time>2026-10-01T13:33:33.000Z</time></trkpt><trkpt lat="-20.17467703550317" lon="57.49462367112265"><ele>213.8</ele><time>2026-10-01T13:33:34.000Z</time></trkpt><trkpt lat="-20.17467893550324" lon="57.4946223377893"><ele>213.8</ele><time>2026-10-01T13:33:35.000Z</time></trkpt><trkpt lat="-20.17468110216998" lon="57.49462060445595"><ele>213.8</ele><time>2026-10-01T13:33:36.000Z</time></trkpt><trkpt lat="-20.17468386883675" lon="57.49461877112259"><ele>213.8</ele><time>2026-10-01T13:33:37.000Z</time></trkpt><trkpt lat="-20.174686602170198" lon="57.494617137789234"><ele>213.8</ele><time>2026-10-01T13:33:38.000Z</time></trkpt><trkpt lat="-20.1746889021703" lon="57.49461600445589"><ele>214.4</ele><time>2026-10-01T13:33:39.000Z</time></trkpt><trkpt lat="-20.174690302170344" lon="57.49461450445587"><ele>214.4</ele><time>2026-10-01T13:33:40.000Z</time></trkpt><trkpt lat="-20.17469143550372" lon="57.49461340445585"><ele>214.4</ele><time>2026-10-01T13:33:41.000Z</time></trkpt><trkpt lat="-20.17469133550372" lon="57.49461167112247"><ele>214.4</ele><time>2026-10-01T13:33:42.000Z</time></trkpt><trkpt lat="-20.17469093550371" lon="57.49461017112242"><ele>214.4</ele><time>2026-10-01T13:33:43.000Z</time></trkpt><trkpt lat="-20.17468996883701" lon="57.4946086044557"><ele>214.9</ele><time>2026-10-01T13:33:44.000Z</time></trkpt><trkpt lat="-20.174689268836996" lon="57.494607537789"><ele>214.9</ele><time>2026-10-01T13:33:45.000Z</time></trkpt><trkpt lat="-20.174688968836982" lon="57.4946067711223"><ele>214.9</ele><time>2026-10-01T13:33:46.000Z</time></trkpt><trkpt lat="-20.174689568836985" lon="57.49460680445562"><ele>214.9</ele><time>2026-10-01T13:33:47.000Z</time></trkpt><trkpt lat="-20.174690402170334" lon="57.494605971122255"><ele>214.9</ele><time>2026-10-01T13:33:48.000Z</time></trkpt><trkpt lat="-20.174691602170363" lon="57.494605337788904"><ele>215.2</ele><time>2026-10-01T13:33:49.000Z</time></trkpt><trkpt lat="-20.174693735503755" lon="57.49460423778887"><ele>215.2</ele><time>2026-10-01T13:33:50.000Z</time></trkpt><trkpt lat="-20.174695402170478" lon="57.49460253778882"><ele>215.2</ele><time>2026-10-01T13:33:51.000Z</time></trkpt><trkpt lat="-20.17469693550387" lon="57.49460037112209"><ele>215.2</ele><time>2026-10-01T13:33:52.000Z</time></trkpt><trkpt lat="-20.17469873550393" lon="57.494598104455314"><ele>215.2</ele><time>2026-10-01T13:33:53.000Z</time></trkpt><trkpt lat="-20.174701268837357" lon="57.49459543778854"><ele>216.0</ele><time>2026-10-01T13:33:54.000Z</time></trkpt><trkpt lat="-20.174703035504095" lon="57.49459263778842"><ele>216.0</ele><time>2026-10-01T13:33:55.000Z</time></trkpt><trkpt lat="-20.174705302170846" lon="57.4945886711216"><ele>216.0</ele><time>2026-10-01T13:33:56.000Z</time></trkpt><trkpt lat="-20.174708135504254" lon="57.49458467112144"><ele>216.0</ele><time>2026-10-01T13:33:57.000Z</time></trkpt><trkpt lat="-20.174711368837613" lon="57.49458127112134"><ele>216.0</ele><time>2026-10-01T13:33:58.000Z</time></trkpt><trkpt lat="-20.174713935504272" lon="57.49457763778789"><ele>216.7</ele><time>2026-10-01T13:33:59.000Z</time></trkpt><trkpt lat="-20.174716635504264" lon="57.4945734044545"><ele>216.7</ele><time>2026-10-01T13:34:00.000Z</time></trkpt><trkpt lat="-20.17471910217091" lon="57.4945696711212"><ele>216.7</ele><time>2026-10-01T13:34:01.000Z</time></trkpt><trkpt lat="-20.174721002170905" lon="57.49456613778791"><ele>216.7</ele><time>2026-10-01T13:34:02.000Z</time></trkpt><trkpt lat="-20.17472170217092" lon="57.49456280445462"><ele>216.7</ele><time>2026-10-01T13:34:03.000Z</time></trkpt><trkpt lat="-20.174722702170946" lon="57.494560104454685"><ele>217.1</ele><time>2026-10-01T13:34:04.000Z</time></trkpt><trkpt lat="-20.17472370217098" lon="57.49455910445471"><ele>217.1</ele><time>2026-10-01T13:34:05.000Z</time></trkpt><trkpt lat="-20.17472450217101" lon="57.49455907112137"><ele>217.1</ele><time>2026-10-01T13:34:06.000Z</time></trkpt><trkpt lat="-20.174725168837703" lon="57.494559271121375"><ele>217.1</ele><time>2026-10-01T13:34:07.000Z</time></trkpt><trkpt lat="-20.174726135504415" lon="57.49455963778804"><ele>217.1</ele><time>2026-10-01T13:34:08.000Z</time></trkpt><trkpt lat="-20.174727135504444" lon="57.49455963778803"><ele>218.2</ele><time>2026-10-01T13:34:09.000Z</time></trkpt><trkpt lat="-20.174728435504406" lon="57.49455907112135"><ele>218.2</ele><time>2026-10-01T13:34:10.000Z</time></trkpt><trkpt lat="-20.174730068837704" lon="57.49455877112134"><ele>218.2</ele><time>2026-10-01T13:34:11.000Z</time></trkpt><trkpt lat="-20.174732335504352" lon="57.494558237787984"><ele>218.2</ele><time>2026-10-01T13:34:12.000Z</time></trkpt><trkpt lat="-20.174735235504347" lon="57.494556704454645"><ele>218.2</ele><time>2026-10-01T13:34:13.000Z</time></trkpt><trkpt lat="-20.17473763550434" lon="57.49455523778797"><ele>219.3</ele><time>2026-10-01T13:34:14.000Z</time></trkpt><trkpt lat="-20.174738935504372" lon="57.4945538711213"><ele>219.3</ele><time>2026-10-01T13:34:15.000Z</time></trkpt><trkpt lat="-20.1747397355044" lon="57.49455227112129"><ele>219.3</ele><time>2026-10-01T13:34:16.000Z</time></trkpt><trkpt lat="-20.174741002171068" lon="57.494550304454606"><ele>219.3</ele><time>2026-10-01T13:34:17.000Z</time></trkpt><trkpt lat="-20.17474163550439" lon="57.49454933778791"><ele>219.3</ele><time>2026-10-01T13:34:18.000Z</time></trkpt><trkpt lat="-20.174742368837713" lon="57.49454830445453"><ele>219.9</ele><time>2026-10-01T13:34:19.000Z</time></trkpt><trkpt lat="-20.174743302171034" lon="57.494547371121165"><ele>219.9</ele><time>2026-10-01T13:34:20.000Z</time></trkpt><trkpt lat="-20.174745168837706" lon="57.494545404454435"><ele>219.9</ele><time>2026-10-01T13:34:21.000Z</time></trkpt><trkpt lat="-20.17474593550439" lon="57.494544037787726"><ele>219.9</ele><time>2026-10-01T13:34:22.000Z</time></trkpt><trkpt lat="-20.174747368837743" lon="57.494541071121034"><ele>219.9</ele><time>2026-10-01T13:34:23.000Z</time></trkpt><trkpt lat="-20.174749435504445" lon="57.49453810445434"><ele>220.7</ele><time>2026-10-01T13:34:24.000Z</time></trkpt><trkpt lat="-20.174753268837854" lon="57.49453450445433"><ele>220.7</ele><time>2026-10-01T13:34:25.000Z</time></trkpt><trkpt lat="-20.174756902171236" lon="57.49453180445433"><ele>220.7</ele><time>2026-10-01T13:34:26.000Z</time></trkpt><trkpt lat="-20.174760835504635" lon="57.494528371120985"><ele>220.7</ele><time>2026-10-01T13:34:27.000Z</time></trkpt><trkpt lat="-20.174764102171366" lon="57.49452463778759"><ele>220.7</ele><time>2026-10-01T13:34:28.000Z</time></trkpt><trkpt lat="-20.17476746883811" lon="57.494520937787534"><ele>221.4</ele><time>2026-10-01T13:34:29.000Z</time></trkpt><trkpt lat="-20.17476966883817" lon="57.49451687112084"><ele>221.4</ele><time>2026-10-01T13:34:30.000Z</time></trkpt><trkpt lat="-20.174771335504907" lon="57.49451263778745"><ele>221.4</ele><time>2026-10-01T13:34:31.000Z</time></trkpt><trkpt lat="-20.174773068838313" lon="57.4945083044541"><ele>221.4</ele><time>2026-10-01T13:34:32.000Z</time></trkpt><trkpt lat="-20.174775735505108" lon="57.49450450445406"><ele>221.4</ele><time>2026-10-01T13:34:33.000Z</time></trkpt><trkpt lat="-20.174778135505232" lon="57.49450067112068"><ele>221.9</ele><time>2026-10-01T13:34:34.000Z</time></trkpt><trkpt lat="-20.17477993550533" lon="57.49449783778728"><ele>221.9</ele><time>2026-10-01T13:34:35.000Z</time></trkpt><trkpt lat="-20.174782102172095" lon="57.49449520445389"><ele>221.9</ele><time>2026-10-01T13:34:36.000Z</time></trkpt><trkpt lat="-20.174784302172185" lon="57.494494104453864"><ele>221.9</ele><time>2026-10-01T13:34:37.000Z</time></trkpt><trkpt lat="-20.174785702172215" lon="57.49449547112049"><ele>221.9</ele><time>2026-10-01T13:34:38.000Z</time></trkpt><trkpt lat="-20.174786535505554" lon="57.494497237787144"><ele>222.7</ele><time>2026-10-01T13:34:39.000Z</time></trkpt><trkpt lat="-20.174787535505555" lon="57.49449840445375"><ele>222.7</ele><time>2026-10-01T13:34:40.000Z</time></trkpt><trkpt lat="-20.174788202172223" lon="57.49449863778706"><ele>222.7</ele><time>2026-10-01T13:34:41.000Z</time></trkpt><trkpt lat="-20.17478823550554" lon="57.49449877112032"><ele>222.7</ele><time>2026-10-01T13:34:42.000Z</time></trkpt><trkpt lat="-20.17478813550553" lon="57.49449780445364"><ele>222.7</ele><time>2026-10-01T13:34:43.000Z</time></trkpt><trkpt lat="-20.174788435505526" lon="57.494496071120274"><ele>223.4</ele><time>2026-10-01T13:34:44.000Z</time></trkpt><trkpt lat="-20.174787602172152" lon="57.49449607112028"><ele>223.4</ele><time>2026-10-01T13:34:45.000Z</time></trkpt><trkpt lat="-20.174786702172106" lon="57.49449707112026"><ele>223.4</ele><time>2026-10-01T13:34:46.000Z</time></trkpt><trkpt lat="-20.174786035505413" lon="57.494497471120255"><ele>223.4</ele><time>2026-10-01T13:34:47.000Z</time></trkpt><trkpt lat="-20.174785702172052" lon="57.494498237786914"><ele>223.4</ele><time>2026-10-01T13:34:48.000Z</time></trkpt><trkpt lat="-20.174785468838678" lon="57.49449980445358"><ele>223.7</ele><time>2026-10-01T13:34:49.000Z</time></trkpt><trkpt lat="-20.174786102172014" lon="57.49450030445358"><ele>223.7</ele><time>2026-10-01T13:34:50.000Z</time></trkpt><trkpt lat="-20.17478720217205" lon="57.494500837786916"><ele>223.7</ele><time>2026-10-01T13:34:51.000Z</time></trkpt><trkpt lat="-20.17478833550541" lon="57.49450127112025"><ele>223.7</ele><time>2026-10-01T13:34:52.000Z</time></trkpt><trkpt lat="-20.174789135505442" lon="57.49450133778693"><ele>223.7</ele><time>2026-10-01T13:34:53.000Z</time></trkpt><trkpt lat="-20.17479026883883" lon="57.494500737786936"><ele>224.3</ele><time>2026-10-01T13:34:54.000Z</time></trkpt><trkpt lat="-20.174792802172238" lon="57.49450090445365"><ele>224.3</ele><time>2026-10-01T13:34:55.000Z</time></trkpt><trkpt lat="-20.174795268838952" lon="57.494500837787015"><ele>224.3</ele><time>2026-10-01T13:34:56.000Z</time></trkpt><trkpt lat="-20.174797702172334" lon="57.49450087112039"><ele>224.3</ele><time>2026-10-01T13:34:57.000Z</time></trkpt><trkpt lat="-20.174799835505702" lon="57.49450047112042"><ele>224.3</ele><time>2026-10-01T13:34:58.000Z</time></trkpt><trkpt lat="-20.174801468839053" lon="57.494500204453765"><ele>224.7</ele><time>2026-10-01T13:34:59.000Z</time></trkpt><trkpt lat="-20.174801902172387" lon="57.49449880445373"><ele>224.7</ele><time>2026-10-01T13:35:00.000Z</time></trkpt><trkpt lat="-20.17480193550572" lon="57.49449760445369"><ele>224.7</ele><time>2026-10-01T13:35:01.000Z</time></trkpt><trkpt lat="-20.174801968839056" lon="57.49449640445367"><ele>224.7</ele><time>2026-10-01T13:35:02.000Z</time></trkpt><trkpt lat="-20.174802302172402" lon="57.49449563778698"><ele>224.7</ele><time>2026-10-01T13:35:03.000Z</time></trkpt><trkpt lat="-20.174801902172383" lon="57.49449543778697"><ele>225.0</ele><time>2026-10-01T13:35:04.000Z</time></trkpt><trkpt lat="-20.174800702172384" lon="57.494495137786956"><ele>225.0</ele><time>2026-10-01T13:35:05.000Z</time></trkpt><trkpt lat="-20.17479950217238" lon="57.494494837786945"><ele>225.0</ele><time>2026-10-01T13:35:06.000Z</time></trkpt><trkpt lat="-20.174798102172378" lon="57.4944936044536"><ele>225.0</ele><time>2026-10-01T13:35:07.000Z</time></trkpt><trkpt lat="-20.174796502172374" lon="57.494492304453594"><ele>225.0</ele><time>2026-10-01T13:35:08.000Z</time></trkpt><trkpt lat="-20.174795435505718" lon="57.49449140445358"><ele>225.4</ele><time>2026-10-01T13:35:09.000Z</time></trkpt><trkpt lat="-20.174794935505716" lon="57.494491704453594"><ele>225.4</ele><time>2026-10-01T13:35:10.000Z</time></trkpt><trkpt lat="-20.174795202172398" lon="57.49449167112026"><ele>225.4</ele><time>2026-10-01T13:35:11.000Z</time></trkpt><trkpt lat="-20.174795668839078" lon="57.49449257112026"><ele>225.4</ele><time>2026-10-01T13:35:12.000Z</time></trkpt><trkpt lat="-20.17479613550576" lon="57.49449373778693"><ele>225.4</ele><time>2026-10-01T13:35:13.000Z</time></trkpt><trkpt lat="-20.174796568839106" lon="57.49449417112028"><ele>225.8</ele><time>2026-10-01T13:35:14.000Z</time></trkpt><trkpt lat="-20.17479750217247" lon="57.49449280445359"><ele>225.8</ele><time>2026-10-01T13:35:15.000Z</time></trkpt><trkpt lat="-20.174797368839133" lon="57.49449107112023"><ele>225.8</ele><time>2026-10-01T13:35:16.000Z</time></trkpt><trkpt lat="-20.174797668839147" lon="57.49448813778683"><ele>225.8</ele><time>2026-10-01T13:35:17.000Z</time></trkpt><trkpt lat="-20.174799635505888" lon="57.494483904453396"><ele>225.8</ele><time>2026-10-01T13:35:18.000Z</time></trkpt><trkpt lat="-20.17480170217263" lon="57.49448020445328"><ele>225.9</ele><time>2026-10-01T13:35:19.000Z</time></trkpt><trkpt lat="-20.174803502172686" lon="57.49447743778653"><ele>225.9</ele><time>2026-10-01T13:35:20.000Z</time></trkpt><trkpt lat="-20.174805735506094" lon="57.4944751711198"><ele>225.9</ele><time>2026-10-01T13:35:21.000Z</time></trkpt><trkpt lat="-20.17480770217282" lon="57.49447397111976"><ele>225.9</ele><time>2026-10-01T13:35:22.000Z</time></trkpt><trkpt lat="-20.174808402172822" lon="57.49447380445307"><ele>225.9</ele><time>2026-10-01T13:35:23.000Z</time></trkpt><trkpt lat="-20.174809002172825" lon="57.494473337786395"><ele>226.1</ele><time>2026-10-01T13:35:24.000Z</time></trkpt><trkpt lat="-20.174809502172828" lon="57.49447293778637"><ele>226.1</ele><time>2026-10-01T13:35:25.000Z</time></trkpt><trkpt lat="-20.17481046883952" lon="57.49447270445303"><ele>226.1</ele><time>2026-10-01T13:35:26.000Z</time></trkpt><trkpt lat="-20.17481126883955" lon="57.494472604453016"><ele>226.1</ele><time>2026-10-01T13:35:27.000Z</time></trkpt><trkpt lat="-20.174812402172915" lon="57.49447223778636"><ele>226.1</ele><time>2026-10-01T13:35:28.000Z</time></trkpt><trkpt lat="-20.17481423550627" lon="57.4944713711197"><ele>226.5</ele><time>2026-10-01T13:35:29.000Z</time></trkpt><trkpt lat="-20.17481660217296" lon="57.49447027111969"><ele>226.5</ele><time>2026-10-01T13:35:30.000Z</time></trkpt><trkpt lat="-20.17481946883961" lon="57.49446840445298"><ele>226.5</ele><time>2026-10-01T13:35:31.000Z</time></trkpt><trkpt lat="-20.17482283550627" lon="57.49446697111963"><ele>226.5</ele><time>2026-10-01T13:35:32.000Z</time></trkpt><trkpt lat="-20.174826768839587" lon="57.494465737786264"><ele>226.5</ele><time>2026-10-01T13:35:33.000Z</time></trkpt><trkpt lat="-20.17483176883963" lon="57.49446427111957"><ele>226.9</ele><time>2026-10-01T13:35:34.000Z</time></trkpt><trkpt lat="-20.174836068839667" lon="57.494463204452884"><ele>226.9</ele><time>2026-10-01T13:35:35.000Z</time></trkpt><trkpt lat="-20.174839235506383" lon="57.494462904452895"><ele>226.9</ele><time>2026-10-01T13:35:36.000Z</time></trkpt><trkpt lat="-20.174841568839746" lon="57.49446217111955"><ele>226.9</ele><time>2026-10-01T13:35:37.000Z</time></trkpt><trkpt lat="-20.17484250217311" lon="57.49446100445285"><ele>226.9</ele><time>2026-10-01T13:35:38.000Z</time></trkpt><trkpt lat="-20.17484170217309" lon="57.49446053778617"><ele>227.7</ele><time>2026-10-01T13:35:39.000Z</time></trkpt><trkpt lat="-20.174841068839743" lon="57.49445990445281"><ele>227.7</ele><time>2026-10-01T13:35:40.000Z</time></trkpt><trkpt lat="-20.174840568839727" lon="57.4944597044528"><ele>227.7</ele><time>2026-10-01T13:35:41.000Z</time></trkpt><trkpt lat="-20.174840335506378" lon="57.4944597044528"><ele>227.7</ele><time>2026-10-01T13:35:42.000Z</time></trkpt><trkpt lat="-20.174840402173043" lon="57.494460271119486"><ele>227.7</ele><time>2026-10-01T13:35:43.000Z</time></trkpt><trkpt lat="-20.174840435506376" lon="57.494460871119486"><ele>228.5</ele><time>2026-10-01T13:35:44.000Z</time></trkpt><trkpt lat="-20.174840535506377" lon="57.49446180445282"><ele>228.5</ele><time>2026-10-01T13:35:45.000Z</time></trkpt><trkpt lat="-20.174840535506377" lon="57.494462337786146"><ele>228.5</ele><time>2026-10-01T13:35:46.000Z</time></trkpt><trkpt lat="-20.17484060217304" lon="57.49446267111948"><ele>228.5</ele><time>2026-10-01T13:35:47.000Z</time></trkpt><trkpt lat="-20.17484066883971" lon="57.49446300445281"><ele>228.5</ele><time>2026-10-01T13:35:48.000Z</time></trkpt><trkpt lat="-20.174840735506375" lon="57.494463337786144"><ele>228.9</ele><time>2026-10-01T13:35:49.000Z</time></trkpt><trkpt lat="-20.174840735506375" lon="57.494463337786144"><ele>228.9</ele><time>2026-10-01T13:35:50.000Z</time></trkpt><trkpt lat="-20.174842135506356" lon="57.494462537786134"><ele>228.9</ele><time>2026-10-01T13:35:51.000Z</time></trkpt><trkpt lat="-20.17484376883968" lon="57.49446193778613"><ele>228.9</ele><time>2026-10-01T13:35:52.000Z</time></trkpt><trkpt lat="-20.174845668839673" lon="57.494461104452775"><ele>228.9</ele><time>2026-10-01T13:35:53.000Z</time></trkpt><trkpt lat="-20.174847902173003" lon="57.49445983778609"><ele>229.3</ele><time>2026-10-01T13:35:54.000Z</time></trkpt><trkpt lat="-20.174850268839663" lon="57.49445760445276"><ele>229.3</ele><time>2026-10-01T13:35:55.000Z</time></trkpt><trkpt lat="-20.174850502172983" lon="57.494456304452775"><ele>229.3</ele><time>2026-10-01T13:35:56.000Z</time></trkpt><trkpt lat="-20.17485050217296" lon="57.494454804452786"><ele>229.3</ele><time>2026-10-01T13:35:57.000Z</time></trkpt><trkpt lat="-20.174849868839583" lon="57.494453604452815"><ele>229.3</ele><time>2026-10-01T13:35:58.000Z</time></trkpt><trkpt lat="-20.174848168839514" lon="57.49445293778617"><ele>229.8</ele><time>2026-10-01T13:35:59.000Z</time></trkpt><trkpt lat="-20.174846768839455" lon="57.494453004452836"><ele>229.8</ele><time>2026-10-01T13:36:00.000Z</time></trkpt><trkpt lat="-20.17484610217276" lon="57.49445293778617"><ele>229.8</ele><time>2026-10-01T13:36:01.000Z</time></trkpt><trkpt lat="-20.17484583550607" lon="57.494451571119534"><ele>229.8</ele><time>2026-10-01T13:36:02.000Z</time></trkpt><trkpt lat="-20.17484650217271" lon="57.49444920445287"><ele>229.8</ele><time>2026-10-01T13:36:03.000Z</time></trkpt><trkpt lat="-20.17484853550606" lon="57.49444620445288"><ele>230.1</ele><time>2026-10-01T13:36:04.000Z</time></trkpt><trkpt lat="-20.17485036883941" lon="57.49444307111954"><ele>230.1</ele><time>2026-10-01T13:36:05.000Z</time></trkpt><trkpt lat="-20.1748520355061" lon="57.494439071119515"><ele>230.1</ele><time>2026-10-01T13:36:06.000Z</time></trkpt><trkpt lat="-20.17485330217278" lon="57.49443637111947"><ele>230.1</ele><time>2026-10-01T13:36:07.000Z</time></trkpt><trkpt lat="-20.174853435506158" lon="57.494434671119436"><ele>230.1</ele><time>2026-10-01T13:36:08.000Z</time></trkpt><trkpt lat="-20.17485300217285" lon="57.49443217111934"><ele>230.9</ele><time>2026-10-01T13:36:09.000Z</time></trkpt><trkpt lat="-20.17485286883953" lon="57.49442963778593"><ele>230.9</ele><time>2026-10-01T13:36:10.000Z</time></trkpt><trkpt lat="-20.17485290217288" lon="57.49442797111918"><ele>230.9</ele><time>2026-10-01T13:36:11.000Z</time></trkpt><trkpt lat="-20.174853002172892" lon="57.49442667111909"><ele>230.9</ele><time>2026-10-01T13:36:12.000Z</time></trkpt><trkpt lat="-20.174853602172895" lon="57.494424237785644"><ele>230.9</ele><time>2026-10-01T13:36:13.000Z</time></trkpt><trkpt lat="-20.17485490217291" lon="57.49442270445225"><ele>231.6</ele><time>2026-10-01T13:36:14.000Z</time></trkpt><trkpt lat="-20.174855935506258" lon="57.49442050445214"><ele>231.6</ele><time>2026-10-01T13:36:15.000Z</time></trkpt><trkpt lat="-20.174856968839606" lon="57.494418304452026"><ele>231.6</ele><time>2026-10-01T13:36:16.000Z</time></trkpt><trkpt lat="-20.174857802172955" lon="57.494415237785276"><ele>231.6</ele><time>2026-10-01T13:36:17.000Z</time></trkpt><trkpt lat="-20.174858968839636" lon="57.494412937785214"><ele>231.6</ele><time>2026-10-01T13:36:18.000Z</time></trkpt><trkpt lat="-20.17485970217297" lon="57.49441050445181"><ele>232.0</ele><time>2026-10-01T13:36:19.000Z</time></trkpt><trkpt lat="-20.17486100217296" lon="57.49440880445178"><ele>232.0</ele><time>2026-10-01T13:36:20.000Z</time></trkpt><trkpt lat="-20.1748629355063" lon="57.49440573778505"><ele>232.0</ele><time>2026-10-01T13:36:21.000Z</time></trkpt><trkpt lat="-20.174865435506323" lon="57.49440283778498"><ele>232.0</ele><time>2026-10-01T13:36:22.000Z</time></trkpt><trkpt lat="-20.174868268839703" lon="57.49439920445161"><ele>232.0</ele><time>2026-10-01T13:36:23.000Z</time></trkpt><trkpt lat="-20.17487136883978" lon="57.49439533778491"><ele>233.0</ele><time>2026-10-01T13:36:24.000Z</time></trkpt><trkpt lat="-20.1748739021732" lon="57.49439180445156"><ele>233.0</ele><time>2026-10-01T13:36:25.000Z</time></trkpt><trkpt lat="-20.174876435506622" lon="57.49438880445159"><ele>233.0</ele><time>2026-10-01T13:36:26.000Z</time></trkpt><trkpt lat="-20.174879335506695" lon="57.49438610445162"><ele>233.0</ele><time>2026-10-01T13:36:27.000Z</time></trkpt><trkpt lat="-20.17488236884011" lon="57.49438463778497"><ele>233.0</ele><time>2026-10-01T13:36:28.000Z</time></trkpt><trkpt lat="-20.174885502173474" lon="57.49438423778501"><ele>233.9</ele><time>2026-10-01T13:36:29.000Z</time></trkpt><trkpt lat="-20.17488836884018" lon="57.494383671118385"><ele>233.9</ele><time>2026-10-01T13:36:30.000Z</time></trkpt><trkpt lat="-20.17489060217353" lon="57.494383937785074"><ele>233.9</ele><time>2026-10-01T13:36:31.000Z</time></trkpt><trkpt lat="-20.17489273550687" lon="57.49438407111842"><ele>233.9</ele><time>2026-10-01T13:36:32.000Z</time></trkpt><trkpt lat="-20.174895102173558" lon="57.49438253778508"><ele>233.9</ele><time>2026-10-01T13:36:33.000Z</time></trkpt><trkpt lat="-20.1748970021736" lon="57.494379804451725"><ele>234.4</ele><time>2026-10-01T13:36:34.000Z</time></trkpt><trkpt lat="-20.174899368840343" lon="57.49437690445169"><ele>234.4</ele><time>2026-10-01T13:36:35.000Z</time></trkpt><trkpt lat="-20.174902902173713" lon="57.49437420445165"><ele>234.4</ele><time>2026-10-01T13:36:36.000Z</time></trkpt><trkpt lat="-20.174905302173748" lon="57.494370704451626"><ele>234.4</ele><time>2026-10-01T13:36:37.000Z</time></trkpt><trkpt lat="-20.174907068840405" lon="57.494368337784955"><ele>234.4</ele><time>2026-10-01T13:36:38.000Z</time></trkpt><trkpt lat="-20.174908335507048" lon="57.49436633778497"><ele>235.5</ele><time>2026-10-01T13:36:39.000Z</time></trkpt><trkpt lat="-20.174909035506996" lon="57.494365037784995"><ele>235.5</ele><time>2026-10-01T13:36:40.000Z</time></trkpt><trkpt lat="-20.174909235506984" lon="57.4943624711183"><ele>235.5</ele><time>2026-10-01T13:36:41.000Z</time></trkpt><trkpt lat="-20.174910402173655" lon="57.49436050445159"><ele>235.5</ele><time>2026-10-01T13:36:42.000Z</time></trkpt><trkpt lat="-20.174911268840322" lon="57.49435887111821"><ele>235.5</ele><time>2026-10-01T13:36:43.000Z</time></trkpt><trkpt lat="-20.17491343550701" lon="57.49435797111814"><ele>236.5</ele><time>2026-10-01T13:36:44.000Z</time></trkpt><trkpt lat="-20.174916068840375" lon="57.49435587111806"><ele>236.5</ele><time>2026-10-01T13:36:45.000Z</time></trkpt><trkpt lat="-20.17491820217374" lon="57.49435427111799"><ele>236.5</ele><time>2026-10-01T13:36:46.000Z</time></trkpt><trkpt lat="-20.17492050217376" lon="57.49435230445126"><ele>236.5</ele><time>2026-10-01T13:36:47.000Z</time></trkpt><trkpt lat="-20.174923402173796" lon="57.49434940445117"><ele>236.5</ele><time>2026-10-01T13:36:48.000Z</time></trkpt><trkpt lat="-20.174924802173784" lon="57.49434567111772"><ele>237.0</ele><time>2026-10-01T13:36:49.000Z</time></trkpt><trkpt lat="-20.174926435507125" lon="57.49434150445094"><ele>237.0</ele><time>2026-10-01T13:36:50.000Z</time></trkpt><trkpt lat="-20.17492820217381" lon="57.49433840445084"><ele>237.0</ele><time>2026-10-01T13:36:51.000Z</time></trkpt><trkpt lat="-20.174929702173856" lon="57.49433590445076"><ele>237.0</ele><time>2026-10-01T13:36:52.000Z</time></trkpt><trkpt lat="-20.17493126884054" lon="57.494333704450675"><ele>237.0</ele><time>2026-10-01T13:36:53.000Z</time></trkpt><trkpt lat="-20.17493456884062" lon="57.49433170445059"><ele>237.9</ele><time>2026-10-01T13:36:54.000Z</time></trkpt><trkpt lat="-20.174937902174015" lon="57.494329837783866"><ele>237.9</ele><time>2026-10-01T13:36:55.000Z</time></trkpt><trkpt lat="-20.17494120217406" lon="57.49432633778383"><ele>237.9</ele><time>2026-10-01T13:36:56.000Z</time></trkpt><trkpt lat="-20.174944502174114" lon="57.494321937783766"><ele>237.9</ele><time>2026-10-01T13:36:57.000Z</time></trkpt><trkpt lat="-20.174946702174175" lon="57.49431850445039"><ele>237.9</ele><time>2026-10-01T13:36:58.000Z</time></trkpt><trkpt lat="-20.174947802174202" lon="57.494315837783724"><ele>238.9</ele><time>2026-10-01T13:36:59.000Z</time></trkpt><trkpt lat="-20.174948268840883" lon="57.494313937783694"><ele>238.9</ele><time>2026-10-01T13:37:00.000Z</time></trkpt><trkpt lat="-20.174948602174233" lon="57.49431307111699"><ele>238.9</ele><time>2026-10-01T13:37:01.000Z</time></trkpt><trkpt lat="-20.17494893550758" lon="57.49431323778366"><ele>238.9</ele><time>2026-10-01T13:37:02.000Z</time></trkpt><trkpt lat="-20.174950535507623" lon="57.49431277111701"><ele>238.9</ele><time>2026-10-01T13:37:03.000Z</time></trkpt><trkpt lat="-20.174951968841" lon="57.49431200445034"><ele>239.5</ele><time>2026-10-01T13:37:04.000Z</time></trkpt><trkpt lat="-20.17495413550774" lon="57.49431110445035"><ele>239.5</ele><time>2026-10-01T13:37:05.000Z</time></trkpt><trkpt lat="-20.174956402174494" lon="57.494310271117016"><ele>239.5</ele><time>2026-10-01T13:37:06.000Z</time></trkpt><trkpt lat="-20.174958635507902" lon="57.494308671117025"><ele>239.5</ele><time>2026-10-01T13:37:07.000Z</time></trkpt><trkpt lat="-20.17495993550795" lon="57.49430727111703"><ele>239.5</ele><time>2026-10-01T13:37:08.000Z</time></trkpt><trkpt lat="-20.174960868841314" lon="57.49430590445037"><ele>240.5</ele><time>2026-10-01T13:37:09.000Z</time></trkpt><trkpt lat="-20.174960302174632" lon="57.49430413778373"><ele>240.5</ele><time>2026-10-01T13:37:10.000Z</time></trkpt><trkpt lat="-20.17495963550794" lon="57.49430190445041"><ele>240.5</ele><time>2026-10-01T13:37:11.000Z</time></trkpt><trkpt lat="-20.174958135507893" lon="57.494300071117074"><ele>240.5</ele><time>2026-10-01T13:37:12.000Z</time></trkpt><trkpt lat="-20.174956635507847" lon="57.4942984044504"><ele>240.5</ele><time>2026-10-01T13:37:13.000Z</time></trkpt><trkpt lat="-20.17495603550782" lon="57.49429570445038"><ele>241.2</ele><time>2026-10-01T13:37:14.000Z</time></trkpt><trkpt lat="-20.17495636884114" lon="57.49429383778369"><ele>241.2</ele><time>2026-10-01T13:37:15.000Z</time></trkpt><trkpt lat="-20.174957202174475" lon="57.494291171117005"><ele>241.2</ele><time>2026-10-01T13:37:16.000Z</time></trkpt><trkpt lat="-20.17495966884122" lon="57.49428833778368"><ele>241.2</ele><time>2026-10-01T13:37:17.000Z</time></trkpt><trkpt lat="-20.174962902174617" lon="57.49428460445036"><ele>241.2</ele><time>2026-10-01T13:37:18.000Z</time></trkpt><trkpt lat="-20.174965602174677" lon="57.49428187111704"><ele>241.5</ele><time>2026-10-01T13:37:19.000Z</time></trkpt><trkpt lat="-20.17496766884138" lon="57.49427900445039"><ele>241.5</ele><time>2026-10-01T13:37:20.000Z</time></trkpt><trkpt lat="-20.17496910217473" lon="57.49427743778374"><ele>241.5</ele><time>2026-10-01T13:37:21.000Z</time></trkpt><trkpt lat="-20.174969068841357" lon="57.49427570445042"><ele>241.5</ele><time>2026-10-01T13:37:22.000Z</time></trkpt><trkpt lat="-20.174967735507966" lon="57.49427460445044"><ele>241.5</ele><time>2026-10-01T13:37:23.000Z</time></trkpt><trkpt lat="-20.174965668841214" lon="57.494273337783774"><ele>242.2</ele><time>2026-10-01T13:37:24.000Z</time></trkpt><trkpt lat="-20.17496380217449" lon="57.4942716711171"><ele>242.2</ele><time>2026-10-01T13:37:25.000Z</time></trkpt><trkpt lat="-20.174961002174374" lon="57.49427043778377"><ele>242.2</ele><time>2026-10-01T13:37:26.000Z</time></trkpt><trkpt lat="-20.174958735507595" lon="57.49426960445044"><ele>242.2</ele><time>2026-10-01T13:37:27.000Z</time></trkpt><trkpt lat="-20.174956802174176" lon="57.4942680044504"><ele>242.2</ele><time>2026-10-01T13:37:28.000Z</time></trkpt><trkpt lat="-20.17495560217412" lon="57.494265471117025"><ele>242.9</ele><time>2026-10-01T13:37:29.000Z</time></trkpt><trkpt lat="-20.174953868840728" lon="57.494262671117"><ele>242.9</ele><time>2026-10-01T13:37:30.000Z</time></trkpt><trkpt lat="-20.174952968840728" lon="57.494259804450316"><ele>242.9</ele><time>2026-10-01T13:37:31.000Z</time></trkpt><trkpt lat="-20.17495086884067" lon="57.494257571116954"><ele>242.9</ele><time>2026-10-01T13:37:32.000Z</time></trkpt><trkpt lat="-20.17494993550724" lon="57.49425650445032"><ele>242.9</ele><time>2026-10-01T13:37:33.000Z</time></trkpt><trkpt lat="-20.174949702173798" lon="57.494257671117055"><ele>243.2</ele><time>2026-10-01T13:37:34.000Z</time></trkpt><trkpt lat="-20.174951868840367" lon="57.4942605711171"><ele>243.2</ele><time>2026-10-01T13:37:35.000Z</time></trkpt><trkpt lat="-20.174956035506927" lon="57.49426367111713"><ele>243.2</ele><time>2026-10-01T13:37:36.000Z</time></trkpt><trkpt lat="-20.17496200217357" lon="57.494266637783824"><ele>243.2</ele><time>2026-10-01T13:37:37.000Z</time></trkpt><trkpt lat="-20.174967868840255" lon="57.49426980445052"><ele>243.2</ele><time>2026-10-01T13:37:38.000Z</time></trkpt><trkpt lat="-20.17497370217362" lon="57.49427227111719"><ele>243.6</ele><time>2026-10-01T13:37:39.000Z</time></trkpt><trkpt lat="-20.174977735506978" lon="57.49427320445051"><ele>243.6</ele><time>2026-10-01T13:37:40.000Z</time></trkpt><trkpt lat="-20.174979935507007" lon="57.494272804450475"><ele>243.6</ele><time>2026-10-01T13:37:41.000Z</time></trkpt><trkpt lat="-20.174981702173692" lon="57.494271404450444"><ele>243.6</ele><time>2026-10-01T13:37:42.000Z</time></trkpt><trkpt lat="-20.17498190217369" lon="57.49427080445038"><ele>243.6</ele><time>2026-10-01T13:37:43.000Z</time></trkpt><trkpt lat="-20.17498110217369" lon="57.494270004450314"><ele>244.0</ele><time>2026-10-01T13:37:44.000Z</time></trkpt><trkpt lat="-20.174980402173688" lon="57.49426990445028"><ele>244.0</ele><time>2026-10-01T13:37:45.000Z</time></trkpt><trkpt lat="-20.174979668840354" lon="57.494270771116945"><ele>244.0</ele><time>2026-10-01T13:37:46.000Z</time></trkpt><trkpt lat="-20.174978835507005" lon="57.49427250445027"><ele>244.0</ele><time>2026-10-01T13:37:47.000Z</time></trkpt><trkpt lat="-20.17497876884034" lon="57.494273037783614"><ele>244.0</ele><time>2026-10-01T13:37:48.000Z</time></trkpt><trkpt lat="-20.174979035507008" lon="57.494273337783625"><ele>244.1</ele><time>2026-10-01T13:37:49.000Z</time></trkpt><trkpt lat="-20.174979402173676" lon="57.4942736044503"><ele>244.1</ele><time>2026-10-01T13:37:50.000Z</time></trkpt><trkpt lat="-20.174979735507012" lon="57.49427367111697"><ele>244.1</ele><time>2026-10-01T13:37:51.000Z</time></trkpt><trkpt lat="-20.174980035507026" lon="57.49427410445031"><ele>244.1</ele><time>2026-10-01T13:37:52.000Z</time></trkpt><trkpt lat="-20.174980335507037" lon="57.49427453778365"><ele>244.1</ele><time>2026-10-01T13:37:53.000Z</time></trkpt><trkpt lat="-20.174981102173746" lon="57.49427533778368"><ele>244.1</ele><time>2026-10-01T13:37:54.000Z</time></trkpt><trkpt lat="-20.174981868840455" lon="57.4942761377837"><ele>244.1</ele><time>2026-10-01T13:37:55.000Z</time></trkpt><trkpt lat="-20.17498263550716" lon="57.49427693778372"><ele>244.1</ele><time>2026-10-01T13:37:56.000Z</time></trkpt><trkpt lat="-20.174983102173854" lon="57.49427730445039"><ele>244.1</ele><time>2026-10-01T13:37:57.000Z</time></trkpt><trkpt lat="-20.17498356884055" lon="57.494277671117075"><ele>244.1</ele><time>2026-10-01T13:37:58.000Z</time></trkpt><trkpt lat="-20.174984435507245" lon="57.494275971117055"><ele>243.9</ele><time>2026-10-01T13:37:59.000Z</time></trkpt><trkpt lat="-20.17498570217394" lon="57.49427437111704"><ele>243.9</ele><time>2026-10-01T13:38:00.000Z</time></trkpt><trkpt lat="-20.17498696884064" lon="57.49427277111702"><ele>243.9</ele><time>2026-10-01T13:38:01.000Z</time></trkpt><trkpt lat="-20.174988235507335" lon="57.494271171117"><ele>243.9</ele><time>2026-10-01T13:38:02.000Z</time></trkpt><trkpt lat="-20.17498953550737" lon="57.49426977111699"><ele>243.9</ele><time>2026-10-01T13:38:03.000Z</time></trkpt><trkpt lat="-20.174989735507356" lon="57.49427080445032"><ele>243.9</ele><time>2026-10-01T13:38:04.000Z</time></trkpt><trkpt lat="-20.17498963550734" lon="57.49427180445033"><ele>243.9</ele><time>2026-10-01T13:38:05.000Z</time></trkpt><trkpt lat="-20.17498953550733" lon="57.494272804450326"><ele>243.9</ele><time>2026-10-01T13:38:06.000Z</time></trkpt><trkpt lat="-20.174989435507314" lon="57.49427380445032"><ele>243.9</ele><time>2026-10-01T13:38:07.000Z</time></trkpt><trkpt lat="-20.17498920217397" lon="57.49427477111699"><ele>243.9</ele><time>2026-10-01T13:38:08.000Z</time></trkpt><trkpt lat="-20.17498920217397" lon="57.49427500445033"><ele>243.9</ele><time>2026-10-01T13:38:09.000Z</time></trkpt><trkpt lat="-20.174989102173967" lon="57.49427517111701"><ele>243.9</ele><time>2026-10-01T13:38:10.000Z</time></trkpt><trkpt lat="-20.174989002173966" lon="57.49427533778369"><ele>243.9</ele><time>2026-10-01T13:38:11.000Z</time></trkpt><trkpt lat="-20.17498890217397" lon="57.494275504450364"><ele>243.9</ele><time>2026-10-01T13:38:12.000Z</time></trkpt><trkpt lat="-20.17498890217397" lon="57.494275504450364"><ele>243.9</ele><time>2026-10-01T13:38:13.000Z</time></trkpt><trkpt lat="-20.17498890217397" lon="57.494275504450364"><ele>243.9</ele><time>2026-10-01T13:38:14.000Z</time></trkpt><trkpt lat="-20.17498890217397" lon="57.494275504450364"><ele>243.9</ele><time>2026-10-01T13:38:15.000Z</time></trkpt><trkpt lat="-20.17498890217397" lon="57.494275504450364"><ele>243.9</ele><time>2026-10-01T13:38:16.000Z</time></trkpt><trkpt lat="-20.174989568840637" lon="57.49427400445031"><ele>243.9</ele><time>2026-10-01T13:38:17.000Z</time></trkpt><trkpt lat="-20.174990335507303" lon="57.494272537783594"><ele>243.9</ele><time>2026-10-01T13:38:18.000Z</time></trkpt><trkpt lat="-20.17499110217397" lon="57.49427107111687"><ele>243.8</ele><time>2026-10-01T13:38:19.000Z</time></trkpt><trkpt lat="-20.17499150217396" lon="57.4942704377835"><ele>243.8</ele><time>2026-10-01T13:38:20.000Z</time></trkpt><trkpt lat="-20.174991268840596" lon="57.49426997111679"><ele>243.8</ele><time>2026-10-01T13:38:21.000Z</time></trkpt><trkpt lat="-20.174990035507232" lon="57.49427140445016"><ele>243.8</ele><time>2026-10-01T13:38:22.000Z</time></trkpt><trkpt lat="-20.17498870217387" lon="57.49427280445019"><ele>243.8</ele><time>2026-10-01T13:38:23.000Z</time></trkpt><trkpt lat="-20.174986702173836" lon="57.494274671116884"><ele>243.8</ele><time>2026-10-01T13:38:24.000Z</time></trkpt><trkpt lat="-20.17498490217382" lon="57.494275571116894"><ele>243.8</ele><time>2026-10-01T13:38:25.000Z</time></trkpt><trkpt lat="-20.174983735507148" lon="57.494276304450224"><ele>243.8</ele><time>2026-10-01T13:38:26.000Z</time></trkpt><trkpt lat="-20.174982902173817" lon="57.49427663778355"><ele>243.8</ele><time>2026-10-01T13:38:27.000Z</time></trkpt><trkpt lat="-20.174982102173814" lon="57.49427713778355"><ele>243.8</ele><time>2026-10-01T13:38:28.000Z</time></trkpt><trkpt lat="-20.17498196884048" lon="57.49427717111688"><ele>243.7</ele><time>2026-10-01T13:38:29.000Z</time></trkpt><trkpt lat="-20.174982002173813" lon="57.494277337783544"><ele>243.7</ele><time>2026-10-01T13:38:30.000Z</time></trkpt><trkpt lat="-20.17498203550715" lon="57.494277504450224"><ele>243.7</ele><time>2026-10-01T13:38:31.000Z</time></trkpt><trkpt lat="-20.17498206884048" lon="57.494277671116905"><ele>243.7</ele><time>2026-10-01T13:38:32.000Z</time></trkpt><trkpt lat="-20.17498206884048" lon="57.494277671116905"><ele>243.7</ele><time>2026-10-01T13:38:33.000Z</time></trkpt><trkpt lat="-20.174982002173813" lon="57.49427850445026"><ele>243.7</ele><time>2026-10-01T13:38:34.000Z</time></trkpt><trkpt lat="-20.174981935507148" lon="57.494279504450276"><ele>243.7</ele><time>2026-10-01T13:38:35.000Z</time></trkpt><trkpt lat="-20.174981802173814" lon="57.49428013778363"><ele>243.7</ele><time>2026-10-01T13:38:36.000Z</time></trkpt><trkpt lat="-20.17498166884048" lon="57.49428077111698"><ele>243.7</ele><time>2026-10-01T13:38:37.000Z</time></trkpt><trkpt lat="-20.17498173550715" lon="57.49428133778366"><ele>243.7</ele><time>2026-10-01T13:38:38.000Z</time></trkpt><trkpt lat="-20.174981868840483" lon="57.49428107111699"><ele>243.7</ele><time>2026-10-01T13:38:39.000Z</time></trkpt><trkpt lat="-20.174982002173813" lon="57.49428063778364"><ele>243.7</ele><time>2026-10-01T13:38:40.000Z</time></trkpt><trkpt lat="-20.174982202173815" lon="57.49428057111696"><ele>243.7</ele><time>2026-10-01T13:38:41.000Z</time></trkpt><trkpt lat="-20.174982402173814" lon="57.49428050445029"><ele>243.7</ele><time>2026-10-01T13:38:42.000Z</time></trkpt><trkpt lat="-20.174982402173814" lon="57.49428050445029"><ele>243.7</ele><time>2026-10-01T13:38:43.000Z</time></trkpt><trkpt lat="-20.174982402173814" lon="57.49428050445029"><ele>243.8</ele><time>2026-10-01T13:38:44.000Z</time></trkpt><trkpt lat="-20.174982402173814" lon="57.49428050445029"><ele>243.8</ele><time>2026-10-01T13:38:45.000Z</time></trkpt><trkpt lat="-20.174982302173813" lon="57.49428107111697"><ele>243.8</ele><time>2026-10-01T13:38:46.000Z</time></trkpt><trkpt lat="-20.174982202173815" lon="57.49428163778366"><ele>243.8</ele><time>2026-10-01T13:38:47.000Z</time></trkpt><trkpt lat="-20.174982302173813" lon="57.49428193778368"><ele>243.8</ele><time>2026-10-01T13:38:48.000Z</time></trkpt><trkpt lat="-20.174982502173815" lon="57.49428237111704"><ele>243.8</ele><time>2026-10-01T13:38:49.000Z</time></trkpt><trkpt lat="-20.17498273550715" lon="57.4942825044504"><ele>243.8</ele><time>2026-10-01T13:38:50.000Z</time></trkpt><trkpt lat="-20.174983068840486" lon="57.494282071117084"><ele>243.8</ele><time>2026-10-01T13:38:51.000Z</time></trkpt><trkpt lat="-20.174983402173822" lon="57.494281637783764"><ele>243.8</ele><time>2026-10-01T13:38:52.000Z</time></trkpt><trkpt lat="-20.17498353550716" lon="57.494281471117105"><ele>243.8</ele><time>2026-10-01T13:38:53.000Z</time></trkpt><trkpt lat="-20.174983568840492" lon="57.49428117111712"><ele>243.7</ele><time>2026-10-01T13:38:54.000Z</time></trkpt><trkpt lat="-20.174984402173813" lon="57.49427920445049"><ele>243.7</ele><time>2026-10-01T13:38:55.000Z</time></trkpt><trkpt lat="-20.1749849021738" lon="57.494277304450534"><ele>243.7</ele><time>2026-10-01T13:38:56.000Z</time></trkpt><trkpt lat="-20.17498520217379" lon="57.49427540445057"><ele>243.7</ele><time>2026-10-01T13:38:57.000Z</time></trkpt><trkpt lat="-20.17498563550711" lon="57.49427430445062"><ele>243.7</ele><time>2026-10-01T13:38:58.000Z</time></trkpt><trkpt lat="-20.17498586884043" lon="57.494273471117346"><ele>243.6</ele><time>2026-10-01T13:38:59.000Z</time></trkpt><trkpt lat="-20.17498510217376" lon="57.4942748044507"><ele>243.6</ele><time>2026-10-01T13:39:00.000Z</time></trkpt><trkpt lat="-20.174984602173758" lon="57.49427603778405"><ele>243.6</ele><time>2026-10-01T13:39:01.000Z</time></trkpt><trkpt lat="-20.17498430217376" lon="57.494277271117404"><ele>243.6</ele><time>2026-10-01T13:39:02.000Z</time></trkpt><trkpt lat="-20.17498386884042" lon="57.494277704450745"><ele>243.6</ele><time>2026-10-01T13:39:03.000Z</time></trkpt><trkpt lat="-20.174983635507086" lon="57.49427787111741"><ele>243.6</ele><time>2026-10-01T13:39:04.000Z</time></trkpt><trkpt lat="-20.174983568840418" lon="57.49427783778408"><ele>243.6</ele><time>2026-10-01T13:39:05.000Z</time></trkpt><trkpt lat="-20.17498396884042" lon="57.494277571117415"><ele>243.6</ele><time>2026-10-01T13:39:06.000Z</time></trkpt><trkpt lat="-20.17498443550709" lon="57.494276837784085"><ele>243.6</ele><time>2026-10-01T13:39:07.000Z</time></trkpt><trkpt lat="-20.174984968840423" lon="57.49427607111742"><ele>243.6</ele><time>2026-10-01T13:39:08.000Z</time></trkpt><trkpt lat="-20.174985735507104" lon="57.49427550445076"><ele>243.5</ele><time>2026-10-01T13:39:09.000Z</time></trkpt><trkpt lat="-20.17498626884044" lon="57.49427440445076"><ele>243.5</ele><time>2026-10-01T13:39:10.000Z</time></trkpt><trkpt lat="-20.174987535507082" lon="57.4942726711174"><ele>243.5</ele><time>2026-10-01T13:39:11.000Z</time></trkpt><trkpt lat="-20.174989002173724" lon="57.494271071117375"><ele>243.5</ele><time>2026-10-01T13:39:12.000Z</time></trkpt><trkpt lat="-20.174990435507038" lon="57.49426927111733"><ele>243.5</ele><time>2026-10-01T13:39:13.000Z</time></trkpt><trkpt lat="-20.174991568840333" lon="57.49426673778396"><ele>243.5</ele><time>2026-10-01T13:39:14.000Z</time></trkpt><trkpt lat="-20.174992168840298" lon="57.49426413778392"><ele>243.5</ele><time>2026-10-01T13:39:15.000Z</time></trkpt><trkpt lat="-20.174991068840296" lon="57.494260704450525"><ele>243.5</ele><time>2026-10-01T13:39:16.000Z</time></trkpt><trkpt lat="-20.1749891021736" lon="57.494256537783784"><ele>243.5</ele><time>2026-10-01T13:39:17.000Z</time></trkpt><trkpt lat="-20.174985635506843" lon="57.49425187111702"><ele>243.5</ele><time>2026-10-01T13:39:18.000Z</time></trkpt><trkpt lat="-20.174981035506697" lon="57.494247004450266"><ele>243.6</ele><time>2026-10-01T13:39:19.000Z</time></trkpt><trkpt lat="-20.174976468839873" lon="57.494242371116854"><ele>243.6</ele><time>2026-10-01T13:39:20.000Z</time></trkpt><trkpt lat="-20.17497173550634" lon="57.49423913778348"><ele>243.6</ele><time>2026-10-01T13:39:21.000Z</time></trkpt><trkpt lat="-20.174967668839496" lon="57.49423520445009"><ele>243.6</ele><time>2026-10-01T13:39:22.000Z</time></trkpt><trkpt lat="-20.174964202172685" lon="57.49423147111672"><ele>243.6</ele><time>2026-10-01T13:39:23.000Z</time></trkpt><trkpt lat="-20.17496086883926" lon="57.49422777111668"><ele>243.8</ele><time>2026-10-01T13:39:24.000Z</time></trkpt><trkpt lat="-20.174957335505812" lon="57.49422407111664"><ele>243.8</ele><time>2026-10-01T13:39:25.000Z</time></trkpt><trkpt lat="-20.174953835505736" lon="57.494220071116615"><ele>243.8</ele><time>2026-10-01T13:39:26.000Z</time></trkpt><trkpt lat="-20.174949402172295" lon="57.49421700444999"><ele>243.8</ele><time>2026-10-01T13:39:27.000Z</time></trkpt><trkpt lat="-20.174945235505525" lon="57.49421333778339"><ele>243.8</ele><time>2026-10-01T13:39:28.000Z</time></trkpt><trkpt lat="-20.174941768838742" lon="57.49421017111678"><ele>244.3</ele><time>2026-10-01T13:39:29.000Z</time></trkpt><trkpt lat="-20.17493806883872" lon="57.494206071116785"><ele>244.3</ele><time>2026-10-01T13:39:30.000Z</time></trkpt><trkpt lat="-20.174934435505335" lon="57.49420227111678"><ele>244.3</ele><time>2026-10-01T13:39:31.000Z</time></trkpt><trkpt lat="-20.17493150217198" lon="57.494198704450085"><ele>244.3</ele><time>2026-10-01T13:39:32.000Z</time></trkpt><trkpt lat="-20.17492763550529" lon="57.49419497111671"><ele>244.3</ele><time>2026-10-01T13:39:33.000Z</time></trkpt><trkpt lat="-20.174923635505266" lon="57.494190737783356"><ele>244.7</ele><time>2026-10-01T13:39:34.000Z</time></trkpt><trkpt lat="-20.174920235505216" lon="57.49418647111666"><ele>244.7</ele><time>2026-10-01T13:39:35.000Z</time></trkpt><trkpt lat="-20.174916035505216" lon="57.49418213778332"><ele>244.7</ele><time>2026-10-01T13:39:36.000Z</time></trkpt><trkpt lat="-20.174911402171855" lon="57.49417820444997"><ele>244.7</ele><time>2026-10-01T13:39:37.000Z</time></trkpt><trkpt lat="-20.17490726883851" lon="57.494175071116594"><ele>244.7</ele><time>2026-10-01T13:39:38.000Z</time></trkpt><trkpt lat="-20.174902502171868" lon="57.49417177111651"><ele>245.4</ele><time>2026-10-01T13:39:39.000Z</time></trkpt><trkpt lat="-20.174897368838494" lon="57.49416913778316"><ele>245.4</ele><time>2026-10-01T13:39:40.000Z</time></trkpt><trkpt lat="-20.17489290217173" lon="57.49416590444978"><ele>245.4</ele><time>2026-10-01T13:39:41.000Z</time></trkpt><trkpt lat="-20.174888402171653" lon="57.49416220444973"><ele>245.4</ele><time>2026-10-01T13:39:42.000Z</time></trkpt><trkpt lat="-20.174884535504923" lon="57.49415690444967"><ele>245.4</ele><time>2026-10-01T13:39:43.000Z</time></trkpt><trkpt lat="-20.17488136883815" lon="57.49415017111617"><ele>245.9</ele><time>2026-10-01T13:39:44.000Z</time></trkpt><trkpt lat="-20.174878602171436" lon="57.4941435044493"><ele>245.9</ele><time>2026-10-01T13:39:45.000Z</time></trkpt><trkpt lat="-20.17487610217139" lon="57.49413643778242"><ele>245.9</ele><time>2026-10-01T13:39:46.000Z</time></trkpt><trkpt lat="-20.174873235504656" lon="57.49412883778219"><ele>245.9</ele><time>2026-10-01T13:39:47.000Z</time></trkpt><trkpt lat="-20.17486956883787" lon="57.49412283778198"><ele>245.9</ele><time>2026-10-01T13:39:48.000Z</time></trkpt><trkpt lat="-20.174865368837725" lon="57.494118271115234"><ele>246.0</ele><time>2026-10-01T13:39:49.000Z</time></trkpt><trkpt lat="-20.17486016883755" lon="57.49411333778185"><ele>246.0</ele><time>2026-10-01T13:39:50.000Z</time></trkpt><trkpt lat="-20.174854202170692" lon="57.49410933778181"><ele>246.0</ele><time>2026-10-01T13:39:51.000Z</time></trkpt><trkpt lat="-20.174848135503876" lon="57.49410553778184"><ele>246.0</ele><time>2026-10-01T13:39:52.000Z</time></trkpt><trkpt lat="-20.17484200217042" lon="57.494101537781866"><ele>246.0</ele><time>2026-10-01T13:39:53.000Z</time></trkpt><trkpt lat="-20.17483623550364" lon="57.49409833778187"><ele>246.1</ele><time>2026-10-01T13:39:54.000Z</time></trkpt><trkpt lat="-20.174830702170212" lon="57.49409517111521"><ele>246.1</ele><time>2026-10-01T13:39:55.000Z</time></trkpt><trkpt lat="-20.17482553550352" lon="57.494091504448555"><ele>246.1</ele><time>2026-10-01T13:39:56.000Z</time></trkpt><trkpt lat="-20.174820035503515" lon="57.49408877111519"><ele>246.1</ele><time>2026-10-01T13:39:57.000Z</time></trkpt><trkpt lat="-20.17481470217022" lon="57.49408593778181"><ele>246.1</ele><time>2026-10-01T13:39:58.000Z</time></trkpt><trkpt lat="-20.174808835503644" lon="57.49408253778175"><ele>246.2</ele><time>2026-10-01T13:39:59.000Z</time></trkpt><trkpt lat="-20.174803268837053" lon="57.494079937781706"><ele>246.2</ele><time>2026-10-01T13:40:00.000Z</time></trkpt><trkpt lat="-20.174797835503743" lon="57.49407747111498"><ele>246.2</ele><time>2026-10-01T13:40:01.000Z</time></trkpt><trkpt lat="-20.174793102170366" lon="57.49407360444822"><ele>246.2</ele><time>2026-10-01T13:40:02.000Z</time></trkpt><trkpt lat="-20.174788435503633" lon="57.49406960444816"><ele>246.2</ele><time>2026-10-01T13:40:03.000Z</time></trkpt><trkpt lat="-20.17478363550351" lon="57.49406520444806"><ele>246.4</ele><time>2026-10-01T13:40:04.000Z</time></trkpt><trkpt lat="-20.174778802170067" lon="57.49406047111461"><ele>246.4</ele><time>2026-10-01T13:40:05.000Z</time></trkpt><trkpt lat="-20.174773768836598" lon="57.49405520444789"><ele>246.4</ele><time>2026-10-01T13:40:06.000Z</time></trkpt><trkpt lat="-20.174768135503154" lon="57.49405023778123"><ele>246.4</ele><time>2026-10-01T13:40:07.000Z</time></trkpt><trkpt lat="-20.17476180216967" lon="57.49404517111454"><ele>246.4</ele><time>2026-10-01T13:40:08.000Z</time></trkpt><trkpt lat="-20.1747553355029" lon="57.49404067111459"><ele>246.8</ele><time>2026-10-01T13:40:09.000Z</time></trkpt><trkpt lat="-20.174749035502792" lon="57.49403497111469"><ele>246.8</ele><time>2026-10-01T13:40:10.000Z</time></trkpt><trkpt lat="-20.17474296883603" lon="57.49402887111474"><ele>246.8</ele><time>2026-10-01T13:40:11.000Z</time></trkpt><trkpt lat="-20.17473713550261" lon="57.49402240444808"><ele>246.8</ele><time>2026-10-01T13:40:12.000Z</time></trkpt><trkpt lat="-20.174732535502567" lon="57.49401553778144"><ele>246.8</ele><time>2026-10-01T13:40:13.000Z</time></trkpt><trkpt lat="-20.17472810216913" lon="57.49400787111483"><ele>247.2</ele><time>2026-10-01T13:40:14.000Z</time></trkpt><trkpt lat="-20.174723202169048" lon="57.49400017111488"><ele>247.2</ele><time>2026-10-01T13:40:15.000Z</time></trkpt><trkpt lat="-20.1747178688357" lon="57.49399307111488"><ele>247.2</ele><time>2026-10-01T13:40:16.000Z</time></trkpt><trkpt lat="-20.174712168835615" lon="57.49398650444823"><ele>247.2</ele><time>2026-10-01T13:40:17.000Z</time></trkpt><trkpt lat="-20.17470536883554" lon="57.4939799377816"><ele>247.2</ele><time>2026-10-01T13:40:18.000Z</time></trkpt><trkpt lat="-20.174698735502172" lon="57.4939722377816"><ele>247.5</ele><time>2026-10-01T13:40:19.000Z</time></trkpt><trkpt lat="-20.17469210216881" lon="57.49396487111487"><ele>247.5</ele><time>2026-10-01T13:40:20.000Z</time></trkpt><trkpt lat="-20.174685435502017" lon="57.4939584377815"><ele>247.5</ele><time>2026-10-01T13:40:21.000Z</time></trkpt><trkpt lat="-20.174679102168636" lon="57.493952504448124"><ele>247.5</ele><time>2026-10-01T13:40:22.000Z</time></trkpt><trkpt lat="-20.1746734688353" lon="57.49394647111467"><ele>247.5</ele><time>2026-10-01T13:40:23.000Z</time></trkpt><trkpt lat="-20.17466766883526" lon="57.493941737781235"><ele>247.9</ele><time>2026-10-01T13:40:24.000Z</time></trkpt><trkpt lat="-20.174661635501867" lon="57.493937671114494"><ele>247.9</ele><time>2026-10-01T13:40:25.000Z</time></trkpt><trkpt lat="-20.17465590216857" lon="57.49393270444775"><ele>247.9</ele><time>2026-10-01T13:40:26.000Z</time></trkpt><trkpt lat="-20.17465046883526" lon="57.493926904447676"><ele>247.9</ele><time>2026-10-01T13:40:27.000Z</time></trkpt><trkpt lat="-20.174644768835286" lon="57.49392127111433"><ele>247.9</ele><time>2026-10-01T13:40:28.000Z</time></trkpt><trkpt lat="-20.17463956883532" lon="57.49391503778101"><ele>248.4</ele><time>2026-10-01T13:40:29.000Z</time></trkpt><trkpt lat="-20.174635302168692" lon="57.49390793778099"><ele>248.4</ele><time>2026-10-01T13:40:30.000Z</time></trkpt><trkpt lat="-20.17463123550204" lon="57.49390057111433"><ele>248.4</ele><time>2026-10-01T13:40:31.000Z</time></trkpt><trkpt lat="-20.174626968835362" lon="57.49389373778102"><ele>248.4</ele><time>2026-10-01T13:40:32.000Z</time></trkpt><trkpt lat="-20.174622735502" lon="57.493887571114364"><ele>248.4</ele><time>2026-10-01T13:40:33.000Z</time></trkpt><trkpt lat="-20.174617735501954" lon="57.493882604447684"><ele>248.6</ele><time>2026-10-01T13:40:34.000Z</time></trkpt><trkpt lat="-20.174612702168595" lon="57.49387857111435"><ele>248.6</ele><time>2026-10-01T13:40:35.000Z</time></trkpt><trkpt lat="-20.174607502168524" lon="57.49387590444769"><ele>248.6</ele><time>2026-10-01T13:40:36.000Z</time></trkpt><trkpt lat="-20.17460316883514" lon="57.49387247111429"><ele>248.6</ele><time>2026-10-01T13:40:37.000Z</time></trkpt><trkpt lat="-20.174599768835062" lon="57.49386863778092"><ele>248.6</ele><time>2026-10-01T13:40:38.000Z</time></trkpt><trkpt lat="-20.174597268835004" lon="57.49386447111421"><ele>249.1</ele><time>2026-10-01T13:40:39.000Z</time></trkpt><trkpt lat="-20.17459466883493" lon="57.49386063778081"><ele>249.1</ele><time>2026-10-01T13:40:40.000Z</time></trkpt><trkpt lat="-20.174591935501525" lon="57.493856271114076"><ele>249.1</ele><time>2026-10-01T13:40:41.000Z</time></trkpt><trkpt lat="-20.174588302168114" lon="57.49385250444736"><ele>249.1</ele><time>2026-10-01T13:40:42.000Z</time></trkpt><trkpt lat="-20.17458433550137" lon="57.49384900444727"><ele>249.1</ele><time>2026-10-01T13:40:43.000Z</time></trkpt><trkpt lat="-20.174579902167984" lon="57.49384543778051"><ele>249.5</ele><time>2026-10-01T13:40:44.000Z</time></trkpt><trkpt lat="-20.174575402167957" lon="57.493841371113774"><ele>249.5</ele><time>2026-10-01T13:40:45.000Z</time></trkpt><trkpt lat="-20.174571102167956" lon="57.49383677111372"><ele>249.5</ele><time>2026-10-01T13:40:46.000Z</time></trkpt><trkpt lat="-20.17456700216793" lon="57.49383257111366"><ele>249.5</ele><time>2026-10-01T13:40:47.000Z</time></trkpt><trkpt lat="-20.17456230216793" lon="57.493828737780305"><ele>249.5</ele><time>2026-10-01T13:40:48.000Z</time></trkpt><trkpt lat="-20.17455730216794" lon="57.49382517111358"><ele>249.6</ele><time>2026-10-01T13:40:49.000Z</time></trkpt><trkpt lat="-20.1745519021679" lon="57.493821804446824"><ele>249.6</ele><time>2026-10-01T13:40:50.000Z</time></trkpt><trkpt lat="-20.174546702167827" lon="57.49381810444676"><ele>249.6</ele><time>2026-10-01T13:40:51.000Z</time></trkpt><trkpt lat="-20.17454270216779" lon="57.493813671113365"><ele>249.6</ele><time>2026-10-01T13:40:52.000Z</time></trkpt><trkpt lat="-20.174539568834398" lon="57.49380873778"><ele>249.6</ele><time>2026-10-01T13:40:53.000Z</time></trkpt><trkpt lat="-20.17453696883434" lon="57.49380290444664"><ele>249.9</ele><time>2026-10-01T13:40:54.000Z</time></trkpt><trkpt lat="-20.174534902167665" lon="57.49379683777995"><ele>249.9</ele><time>2026-10-01T13:40:55.000Z</time></trkpt><trkpt lat="-20.174532535501054" lon="57.493790971113256"><ele>249.9</ele><time>2026-10-01T13:40:56.000Z</time></trkpt><trkpt lat="-20.174528835501086" lon="57.493785137779845"><ele>249.9</ele><time>2026-10-01T13:40:57.000Z</time></trkpt><trkpt lat="-20.174524668834415" lon="57.493779137779754"><ele>249.9</ele><time>2026-10-01T13:40:58.000Z</time></trkpt><trkpt lat="-20.174520268834403" lon="57.49377383777967"><ele>250.3</ele><time>2026-10-01T13:40:59.000Z</time></trkpt><trkpt lat="-20.174515668834417" lon="57.49376813777961"><ele>250.3</ele><time>2026-10-01T13:41:00.000Z</time></trkpt><trkpt lat="-20.174510668834376" lon="57.49376257111287"><ele>250.3</ele><time>2026-10-01T13:41:01.000Z</time></trkpt><trkpt lat="-20.174505935501003" lon="57.49375707111284"><ele>250.3</ele><time>2026-10-01T13:41:02.000Z</time></trkpt><trkpt lat="-20.17450113550099" lon="57.49375210444613"><ele>250.3</ele><time>2026-10-01T13:41:03.000Z</time></trkpt><trkpt lat="-20.17449596883435" lon="57.49374677111282"><ele>250.5</ele><time>2026-10-01T13:41:04.000Z</time></trkpt><trkpt lat="-20.174490235500947" lon="57.49374137111276"><ele>250.5</ele><time>2026-10-01T13:41:05.000Z</time></trkpt><trkpt lat="-20.17448476883421" lon="57.49373617111273"><ele>250.5</ele><time>2026-10-01T13:41:06.000Z</time></trkpt><trkpt lat="-20.174479068834124" lon="57.493731004446104"><ele>250.5</ele><time>2026-10-01T13:41:07.000Z</time></trkpt><trkpt lat="-20.174472935500663" lon="57.49372473777949"><ele>250.5</ele><time>2026-10-01T13:41:08.000Z</time></trkpt><trkpt lat="-20.174466768833774" lon="57.49371913777951"><ele>251.0</ele><time>2026-10-01T13:41:09.000Z</time></trkpt><trkpt lat="-20.174461135500223" lon="57.49371373777958"><ele>251.0</ele><time>2026-10-01T13:41:10.000Z</time></trkpt><trkpt lat="-20.174455568833313" lon="57.49370760444636"><ele>251.0</ele><time>2026-10-01T13:41:11.000Z</time></trkpt><trkpt lat="-20.174449335499787" lon="57.49370107111308"><ele>251.0</ele><time>2026-10-01T13:41:12.000Z</time></trkpt><trkpt lat="-20.174443068832943" lon="57.49369467111311"><ele>251.0</ele><time>2026-10-01T13:41:13.000Z</time></trkpt><trkpt lat="-20.17443766883279" lon="57.493687471113105"><ele>251.4</ele><time>2026-10-01T13:41:14.000Z</time></trkpt><trkpt lat="-20.174431868832695" lon="57.49368033777978"><ele>251.4</ele><time>2026-10-01T13:41:15.000Z</time></trkpt><trkpt lat="-20.174425502165942" lon="57.49367340444638"><ele>251.4</ele><time>2026-10-01T13:41:16.000Z</time></trkpt><trkpt lat="-20.174419702165842" lon="57.49366690444631"><ele>251.4</ele><time>2026-10-01T13:41:17.000Z</time></trkpt><trkpt lat="-20.17441400216581" lon="57.493661504446244"><ele>251.4</ele><time>2026-10-01T13:41:18.000Z</time></trkpt><trkpt lat="-20.17440750216583" lon="57.49365620444619"><ele>251.7</ele><time>2026-10-01T13:41:19.000Z</time></trkpt><trkpt lat="-20.174401002165855" lon="57.49365067111277"><ele>251.7</ele><time>2026-10-01T13:41:20.000Z</time></trkpt><trkpt lat="-20.17439563549924" lon="57.493645404446035"><ele>251.7</ele><time>2026-10-01T13:41:21.000Z</time></trkpt><trkpt lat="-20.174390102165916" lon="57.49363917111266"><ele>251.7</ele><time>2026-10-01T13:41:22.000Z</time></trkpt><trkpt lat="-20.17438446883252" lon="57.49363177111259"><ele>251.7</ele><time>2026-10-01T13:41:23.000Z</time></trkpt><trkpt lat="-20.17437920216576" lon="57.49362413777918"><ele>252.1</ele><time>2026-10-01T13:41:24.000Z</time></trkpt><trkpt lat="-20.174374102165707" lon="57.4936167044458"><ele>252.1</ele><time>2026-10-01T13:41:25.000Z</time></trkpt><trkpt lat="-20.174367602165724" lon="57.49360907111236"><ele>252.1</ele><time>2026-10-01T13:41:26.000Z</time></trkpt><trkpt lat="-20.174360335499067" lon="57.493602237778916"><ele>252.1</ele><time>2026-10-01T13:41:27.000Z</time></trkpt><trkpt lat="-20.17435360216574" lon="57.49359623777882"><ele>252.1</ele><time>2026-10-01T13:41:28.000Z</time></trkpt><trkpt lat="-20.174346802165775" lon="57.49359063777869"><ele>252.6</ele><time>2026-10-01T13:41:29.000Z</time></trkpt><trkpt lat="-20.17433993549906" lon="57.493584637778575"><ele>252.6</ele><time>2026-10-01T13:41:30.000Z</time></trkpt><trkpt lat="-20.17433416883228" lon="57.49357817111182"><ele>252.6</ele><time>2026-10-01T13:41:31.000Z</time></trkpt><trkpt lat="-20.174328968832157" lon="57.493571771111746"><ele>252.6</ele><time>2026-10-01T13:41:32.000Z</time></trkpt><trkpt lat="-20.17432286883207" lon="57.49356530444504"><ele>252.6</ele><time>2026-10-01T13:41:33.000Z</time></trkpt><trkpt lat="-20.17431653549864" lon="57.493558837778416"><ele>252.8</ele><time>2026-10-01T13:41:34.000Z</time></trkpt><trkpt lat="-20.174310002165285" lon="57.493552337778375"><ele>252.8</ele><time>2026-10-01T13:41:35.000Z</time></trkpt><trkpt lat="-20.174302635498556" lon="57.493546771111674"><ele>252.8</ele><time>2026-10-01T13:41:36.000Z</time></trkpt><trkpt lat="-20.174295702165203" lon="57.4935415377783"><ele>252.8</ele><time>2026-10-01T13:41:37.000Z</time></trkpt><trkpt lat="-20.174289068831836" lon="57.49353650444491"><ele>252.8</ele><time>2026-10-01T13:41:38.000Z</time></trkpt><trkpt lat="-20.17428213549848" lon="57.493531304444765"><ele>253.3</ele><time>2026-10-01T13:41:39.000Z</time></trkpt><trkpt lat="-20.174274802165073" lon="57.493526304444615"><ele>253.3</ele><time>2026-10-01T13:41:40.000Z</time></trkpt><trkpt lat="-20.174268002165" lon="57.49352157111114"><ele>253.3</ele><time>2026-10-01T13:41:41.000Z</time></trkpt><trkpt lat="-20.1742610021649" lon="57.49351707111098"><ele>253.3</ele><time>2026-10-01T13:41:42.000Z</time></trkpt><trkpt lat="-20.17425386883141" lon="57.49351270444417"><ele>253.3</ele><time>2026-10-01T13:41:43.000Z</time></trkpt><trkpt lat="-20.174246902164523" lon="57.49350927111076"><ele>253.7</ele><time>2026-10-01T13:41:44.000Z</time></trkpt><trkpt lat="-20.174240168830984" lon="57.493506404444055"><ele>253.7</ele><time>2026-10-01T13:41:45.000Z</time></trkpt><trkpt lat="-20.174233168830774" lon="57.49350340444403"><ele>253.7</ele><time>2026-10-01T13:41:46.000Z</time></trkpt><trkpt lat="-20.17422630216395" lon="57.493499337777294"><ele>253.7</ele><time>2026-10-01T13:41:47.000Z</time></trkpt><trkpt lat="-20.174220302163825" lon="57.49349450444381"><ele>253.7</ele><time>2026-10-01T13:41:48.000Z</time></trkpt><trkpt lat="-20.17421453549705" lon="57.49348847111035"><ele>254.0</ele><time>2026-10-01T13:41:49.000Z</time></trkpt><trkpt lat="-20.174209135496902" lon="57.493482104443544"><ele>254.0</ele><time>2026-10-01T13:41:50.000Z</time></trkpt><trkpt lat="-20.174203102163453" lon="57.493475471110116"><ele>254.0</ele><time>2026-10-01T13:41:51.000Z</time></trkpt><trkpt lat="-20.174196668829957" lon="57.49346923777673"><ele>254.0</ele><time>2026-10-01T13:41:52.000Z</time></trkpt><trkpt lat="-20.174189568829785" lon="57.493463137776686"><ele>254.0</ele><time>2026-10-01T13:41:53.000Z</time></trkpt><trkpt lat="-20.17418236882966" lon="57.49345757110996"><ele>254.4</ele><time>2026-10-01T13:41:54.000Z</time></trkpt><trkpt lat="-20.174175002162933" lon="57.49345270444326"><ele>254.4</ele><time>2026-10-01T13:41:55.000Z</time></trkpt><trkpt lat="-20.174168235496175" lon="57.49344777110987"><ele>254.4</ele><time>2026-10-01T13:41:56.000Z</time></trkpt><trkpt lat="-20.174161902162798" lon="57.49344293777648"><ele>254.4</ele><time>2026-10-01T13:41:57.000Z</time></trkpt><trkpt lat="-20.174155802162765" lon="57.49343817110979"><ele>254.4</ele><time>2026-10-01T13:41:58.000Z</time></trkpt><trkpt lat="-20.17415050216274" lon="57.49343293777643"><ele>254.8</ele><time>2026-10-01T13:41:59.000Z</time></trkpt><trkpt lat="-20.174145568829335" lon="57.493427004443014"><ele>254.8</ele><time>2026-10-01T13:42:00.000Z</time></trkpt><trkpt lat="-20.174140635495935" lon="57.49342163777625"><ele>254.8</ele><time>2026-10-01T13:42:01.000Z</time></trkpt><trkpt lat="-20.174135735495856" lon="57.493416337776125"><ele>254.8</ele><time>2026-10-01T13:42:02.000Z</time></trkpt><trkpt lat="-20.174130635495747" lon="57.49341100444271"><ele>254.8</ele><time>2026-10-01T13:42:03.000Z</time></trkpt><trkpt lat="-20.174124835495597" lon="57.4934058377759"><ele>254.9</ele><time>2026-10-01T13:42:04.000Z</time></trkpt><trkpt lat="-20.17411860216207" lon="57.493400404442454"><ele>254.9</ele><time>2026-10-01T13:42:05.000Z</time></trkpt><trkpt lat="-20.174112368828546" lon="57.493393504442295"><ele>254.9</ele><time>2026-10-01T13:42:06.000Z</time></trkpt><trkpt lat="-20.174105668828325" lon="57.49338567110881"><ele>254.9</ele><time>2026-10-01T13:42:07.000Z</time></trkpt><trkpt lat="-20.174099035494855" lon="57.49337697110851"><ele>254.9</ele><time>2026-10-01T13:42:08.000Z</time></trkpt><trkpt lat="-20.17409236882806" lon="57.4933672377749"><ele>255.2</ele><time>2026-10-01T13:42:09.000Z</time></trkpt><trkpt lat="-20.17408590216129" lon="57.49335713777467"><ele>255.2</ele><time>2026-10-01T13:42:10.000Z</time></trkpt><trkpt lat="-20.174080068827873" lon="57.49334750444116"><ele>255.2</ele><time>2026-10-01T13:42:11.000Z</time></trkpt><trkpt lat="-20.17407453549455" lon="57.493338304441"><ele>255.2</ele><time>2026-10-01T13:42:12.000Z</time></trkpt><trkpt lat="-20.174068502161212" lon="57.49332973777422"><ele>255.2</ele><time>2026-10-01T13:42:13.000Z</time></trkpt><trkpt lat="-20.17406236882792" lon="57.49332227110748"><ele>255.5</ele><time>2026-10-01T13:42:14.000Z</time></trkpt><trkpt lat="-20.174056068827916" lon="57.49331527110742"><ele>255.5</ele><time>2026-10-01T13:42:15.000Z</time></trkpt><trkpt lat="-20.174049135494563" lon="57.493308737773965"><ele>255.5</ele><time>2026-10-01T13:42:16.000Z</time></trkpt><trkpt lat="-20.1740420354945" lon="57.49330253777377"><ele>255.5</ele><time>2026-10-01T13:42:17.000Z</time></trkpt><trkpt lat="-20.174035335494388" lon="57.49329650444029"><ele>255.5</ele><time>2026-10-01T13:42:18.000Z</time></trkpt><trkpt lat="-20.17402840216093" lon="57.493289871106825"><ele>255.7</ele><time>2026-10-01T13:42:19.000Z</time></trkpt><trkpt lat="-20.174021535494216" lon="57.49328297110662"><ele>255.7</ele><time>2026-10-01T13:42:20.000Z</time></trkpt><trkpt lat="-20.174014735494143" lon="57.49327587110654"><ele>255.7</ele><time>2026-10-01T13:42:21.000Z</time></trkpt><trkpt lat="-20.17400806882735" lon="57.49326870443978"><ele>255.7</ele><time>2026-10-01T13:42:22.000Z</time></trkpt><trkpt lat="-20.174001668827223" lon="57.49326120443966"><ele>255.7</ele><time>2026-10-01T13:42:23.000Z</time></trkpt><trkpt lat="-20.173995702160475" lon="57.493254071106136"><ele>256.1</ele><time>2026-10-01T13:42:24.000Z</time></trkpt><trkpt lat="-20.17398940216031" lon="57.49324790443931"><ele>256.1</ele><time>2026-10-01T13:42:25.000Z</time></trkpt><trkpt lat="-20.173983168826894" lon="57.493242137772405"><ele>256.1</ele><time>2026-10-01T13:42:26.000Z</time></trkpt><trkpt lat="-20.173976868826834" lon="57.49323710443887"><ele>256.1</ele><time>2026-10-01T13:42:27.000Z</time></trkpt><trkpt lat="-20.173970668826843" lon="57.49323213777203"><ele>256.1</ele><time>2026-10-01T13:42:28.000Z</time></trkpt><trkpt lat="-20.173964035493476" lon="57.49322757110527"><ele>256.5</ele><time>2026-10-01T13:42:29.000Z</time></trkpt><trkpt lat="-20.173957902160122" lon="57.493223037771884"><ele>256.5</ele><time>2026-10-01T13:42:30.000Z</time></trkpt><trkpt lat="-20.17395180216009" lon="57.49321797110516"><ele>256.5</ele><time>2026-10-01T13:42:31.000Z</time></trkpt><trkpt lat="-20.173945868826767" lon="57.4932114044384"><ele>256.5</ele><time>2026-10-01T13:42:32.000Z</time></trkpt><trkpt lat="-20.173939668826772" lon="57.493205204438354"><ele>256.5</ele><time>2026-10-01T13:42:33.000Z</time></trkpt><trkpt lat="-20.17393403549344" lon="57.49319890443827"><ele>256.7</ele><time>2026-10-01T13:42:34.000Z</time></trkpt><trkpt lat="-20.17392850216017" lon="57.49319193777143"><ele>256.7</ele><time>2026-10-01T13:42:35.000Z</time></trkpt><trkpt lat="-20.17392310216018" lon="57.49318507110462"><ele>256.7</ele><time>2026-10-01T13:42:36.000Z</time></trkpt><trkpt lat="-20.173917868826795" lon="57.49317867110458"><ele>256.7</ele><time>2026-10-01T13:42:37.000Z</time></trkpt><trkpt lat="-20.1739134688267" lon="57.49317187110448"><ele>256.7</ele><time>2026-10-01T13:42:38.000Z</time></trkpt><trkpt lat="-20.1739089021599" lon="57.49316460443772"><ele>257.1</ele><time>2026-10-01T13:42:39.000Z</time></trkpt><trkpt lat="-20.17390426882646" lon="57.49315730443773"><ele>257.1</ele><time>2026-10-01T13:42:40.000Z</time></trkpt><trkpt lat="-20.17389933549303" lon="57.493149871104414"><ele>257.1</ele><time>2026-10-01T13:42:41.000Z</time></trkpt><trkpt lat="-20.173894102159615" lon="57.493143004437776"><ele>257.1</ele><time>2026-10-01T13:42:42.000Z</time></trkpt><trkpt lat="-20.173887868826196" lon="57.49313630443785"><ele>257.1</ele><time>2026-10-01T13:42:43.000Z</time></trkpt><trkpt lat="-20.173882102159475" lon="57.49313043777126"><ele>257.6</ele><time>2026-10-01T13:42:44.000Z</time></trkpt><trkpt lat="-20.17387650215935" lon="57.493124671104646"><ele>257.6</ele><time>2026-10-01T13:42:45.000Z</time></trkpt><trkpt lat="-20.173870735492518" lon="57.49311923777138"><ele>257.6</ele><time>2026-10-01T13:42:46.000Z</time></trkpt><trkpt lat="-20.173864968825686" lon="57.49311363777146"><ele>257.6</ele><time>2026-10-01T13:42:47.000Z</time></trkpt><trkpt lat="-20.173859168825537" lon="57.49310823777148"><ele>257.6</ele><time>2026-10-01T13:42:48.000Z</time></trkpt><trkpt lat="-20.173852535492063" lon="57.49310230443821"><ele>257.8</ele><time>2026-10-01T13:42:49.000Z</time></trkpt><trkpt lat="-20.173845735491987" lon="57.49309600443828"><ele>257.8</ele><time>2026-10-01T13:42:50.000Z</time></trkpt><trkpt lat="-20.173839068825302" lon="57.49308947110494"><ele>257.8</ele><time>2026-10-01T13:42:51.000Z</time></trkpt><trkpt lat="-20.17383200215867" lon="57.49308330443823"><ele>257.8</ele><time>2026-10-01T13:42:52.000Z</time></trkpt><trkpt lat="-20.173825068825316" lon="57.49307727110488"><ele>257.8</ele><time>2026-10-01T13:42:53.000Z</time></trkpt><trkpt lat="-20.173817868825296" lon="57.49307170443814"><ele>258.4</ele><time>2026-10-01T13:42:54.000Z</time></trkpt><trkpt lat="-20.173810335491858" lon="57.49306693777138"><ele>258.4</ele><time>2026-10-01T13:42:55.000Z</time></trkpt><trkpt lat="-20.173803235491796" lon="57.49306207110467"><ele>258.4</ele><time>2026-10-01T13:42:56.000Z</time></trkpt><trkpt lat="-20.173796235491697" lon="57.49305617110466"><ele>258.4</ele><time>2026-10-01T13:42:57.000Z</time></trkpt><trkpt lat="-20.173789068824995" lon="57.49305003777131"><ele>258.4</ele><time>2026-10-01T13:42:58.000Z</time></trkpt><trkpt lat="-20.17378246882495" lon="57.493043271104696"><ele>258.9</ele><time>2026-10-01T13:42:59.000Z</time></trkpt><trkpt lat="-20.17377603549161" lon="57.49303587110472"><ele>258.9</ele><time>2026-10-01T13:43:00.000Z</time></trkpt><trkpt lat="-20.173768368824895" lon="57.49302703777134"><ele>258.9</ele><time>2026-10-01T13:43:01.000Z</time></trkpt><trkpt lat="-20.173760868824886" lon="57.49301877110461"><ele>258.9</ele><time>2026-10-01T13:43:02.000Z</time></trkpt><trkpt lat="-20.173752702158158" lon="57.49301080443787"><ele>258.9</ele><time>2026-10-01T13:43:03.000Z</time></trkpt><trkpt lat="-20.173744402158146" lon="57.493002704437785"><ele>259.0</ele><time>2026-10-01T13:43:04.000Z</time></trkpt><trkpt lat="-20.17373623549142" lon="57.49299487110434"><ele>259.0</ele><time>2026-10-01T13:43:05.000Z</time></trkpt><trkpt lat="-20.17372886882469" lon="57.49298877110427"><ele>259.0</ele><time>2026-10-01T13:43:06.000Z</time></trkpt><trkpt lat="-20.173721235491296" lon="57.49298350443752"><ele>259.0</ele><time>2026-10-01T13:43:07.000Z</time></trkpt><trkpt lat="-20.173714435491224" lon="57.49297870443744"><ele>259.0</ele><time>2026-10-01T13:43:08.000Z</time></trkpt><trkpt lat="-20.173707535491083" lon="57.4929746044373"><ele>259.3</ele><time>2026-10-01T13:43:09.000Z</time></trkpt><trkpt lat="-20.17370066882437" lon="57.492970704437184"><ele>259.3</ele><time>2026-10-01T13:43:10.000Z</time></trkpt><trkpt lat="-20.173693735491014" lon="57.492966971103684"><ele>259.3</ele><time>2026-10-01T13:43:11.000Z</time></trkpt><trkpt lat="-20.17368693549094" lon="57.492962404436824"><ele>259.3</ele><time>2026-10-01T13:43:12.000Z</time></trkpt><trkpt lat="-20.173679868824202" lon="57.492956571103306"><ele>259.3</ele><time>2026-10-01T13:43:13.000Z</time></trkpt><trkpt lat="-20.1736727021575" lon="57.49295060443652"><ele>259.7</ele><time>2026-10-01T13:43:14.000Z</time></trkpt><trkpt lat="-20.173665068824103" lon="57.4929438044364"><ele>259.7</ele><time>2026-10-01T13:43:15.000Z</time></trkpt><trkpt lat="-20.17365750215735" lon="57.492936737769675"><ele>259.7</ele><time>2026-10-01T13:43:16.000Z</time></trkpt><trkpt lat="-20.17365006882398" lon="57.49293000443636"><ele>259.7</ele><time>2026-10-01T13:43:17.000Z</time></trkpt><trkpt lat="-20.173642502157332" lon="57.49292373776971"><ele>259.7</ele><time>2026-10-01T13:43:18.000Z</time></trkpt><trkpt lat="-20.173634802157295" lon="57.49291747110296"><ele>259.9</ele><time>2026-10-01T13:43:19.000Z</time></trkpt><trkpt lat="-20.173627402157248" lon="57.49291203776954"><ele>259.9</ele><time>2026-10-01T13:43:20.000Z</time></trkpt><trkpt lat="-20.17361976882385" lon="57.492906537769485"><ele>259.9</ele><time>2026-10-01T13:43:21.000Z</time></trkpt><trkpt lat="-20.17361183549047" lon="57.49290083776939"><ele>259.9</ele><time>2026-10-01T13:43:22.000Z</time></trkpt><trkpt lat="-20.173604002157045" lon="57.49289513776928"><ele>259.9</ele><time>2026-10-01T13:43:23.000Z</time></trkpt><trkpt lat="-20.173596668823638" lon="57.4928894377692"><ele>260.2</ele><time>2026-10-01T13:43:24.000Z</time></trkpt><trkpt lat="-20.173589502156936" lon="57.49288363776914"><ele>260.2</ele><time>2026-10-01T13:43:25.000Z</time></trkpt><trkpt lat="-20.17358183549022" lon="57.49287837110235"><ele>260.2</ele><time>2026-10-01T13:43:26.000Z</time></trkpt><trkpt lat="-20.17357396882337" lon="57.49287273776881"><ele>260.2</ele><time>2026-10-01T13:43:27.000Z</time></trkpt><trkpt lat="-20.173565735489895" lon="57.492867237768586"><ele>260.2</ele><time>2026-10-01T13:43:28.000Z</time></trkpt><trkpt lat="-20.17355710215647" lon="57.49286163776841"><ele>260.4</ele><time>2026-10-01T13:43:29.000Z</time></trkpt><trkpt lat="-20.17354786882296" lon="57.492855671101566"><ele>260.4</ele><time>2026-10-01T13:43:30.000Z</time></trkpt><trkpt lat="-20.173539268822857" lon="57.49284950443473"><ele>260.4</ele><time>2026-10-01T13:43:31.000Z</time></trkpt><trkpt lat="-20.173530768822822" lon="57.49284407110129"><ele>260.4</ele><time>2026-10-01T13:43:32.000Z</time></trkpt><trkpt lat="-20.173522968822716" lon="57.492838604434596"><ele>260.4</ele><time>2026-10-01T13:43:33.000Z</time></trkpt><trkpt lat="-20.173514868822515" lon="57.49283287110124"><ele>260.5</ele><time>2026-10-01T13:43:34.000Z</time></trkpt><trkpt lat="-20.17350666882225" lon="57.49282693776795"><ele>260.5</ele><time>2026-10-01T13:43:35.000Z</time></trkpt><trkpt lat="-20.17349806882193" lon="57.49282043776801"><ele>260.5</ele><time>2026-10-01T13:43:36.000Z</time></trkpt><trkpt lat="-20.173490268821617" lon="57.49281347110146"><ele>260.5</ele><time>2026-10-01T13:43:37.000Z</time></trkpt><trkpt lat="-20.17348213548799" lon="57.492806971101516"><ele>260.5</ele><time>2026-10-01T13:43:38.000Z</time></trkpt><trkpt lat="-20.173474102154433" lon="57.49280013776822"><ele>260.8</ele><time>2026-10-01T13:43:39.000Z</time></trkpt><trkpt lat="-20.17346650215436" lon="57.49279333776817"><ele>260.8</ele><time>2026-10-01T13:43:40.000Z</time></trkpt><trkpt lat="-20.173459568821002" lon="57.492787604434774"><ele>260.8</ele><time>2026-10-01T13:43:41.000Z</time></trkpt><trkpt lat="-20.17345233548766" lon="57.49278237110135"><ele>260.8</ele><time>2026-10-01T13:43:42.000Z</time></trkpt><trkpt lat="-20.173445535487694" lon="57.4927767044346"><ele>260.8</ele><time>2026-10-01T13:43:43.000Z</time></trkpt><trkpt lat="-20.173439102154358" lon="57.49277157110117"><ele>261.2</ele><time>2026-10-01T13:43:44.000Z</time></trkpt><trkpt lat="-20.17343296882101" lon="57.492766604434465"><ele>261.2</ele><time>2026-10-01T13:43:45.000Z</time></trkpt><trkpt lat="-20.173426502154246" lon="57.49276117110105"><ele>261.2</ele><time>2026-10-01T13:43:46.000Z</time></trkpt><trkpt lat="-20.173419102154195" lon="57.49275580443432"><ele>261.2</ele><time>2026-10-01T13:43:47.000Z</time></trkpt><trkpt lat="-20.1734106688208" lon="57.49275040443422"><ele>261.2</ele><time>2026-10-01T13:43:48.000Z</time></trkpt><trkpt lat="-20.173402468820747" lon="57.49274510443411"><ele>261.3</ele><time>2026-10-01T13:43:49.000Z</time></trkpt><trkpt lat="-20.17339413548731" lon="57.49274063776734"><ele>261.3</ele><time>2026-10-01T13:43:50.000Z</time></trkpt><trkpt lat="-20.17338586882051" lon="57.4927364044339"><ele>261.3</ele><time>2026-10-01T13:43:51.000Z</time></trkpt><trkpt lat="-20.173377935486915" lon="57.49273283776712"><ele>261.3</ele><time>2026-10-01T13:43:52.000Z</time></trkpt><trkpt lat="-20.17337076882" lon="57.49273047110038"><ele>261.3</ele><time>2026-10-01T13:43:53.000Z</time></trkpt><trkpt lat="-20.173363402153058" lon="57.49272803776696"><ele>261.7</ele><time>2026-10-01T13:43:54.000Z</time></trkpt><trkpt lat="-20.1733555354861" lon="57.49272517110022"><ele>261.7</ele><time>2026-10-01T13:43:55.000Z</time></trkpt><trkpt lat="-20.17334730215262" lon="57.49272220443352"><ele>261.7</ele><time>2026-10-01T13:43:56.000Z</time></trkpt><trkpt lat="-20.173338668819305" lon="57.49271877110012"><ele>261.7</ele><time>2026-10-01T13:43:57.000Z</time></trkpt><trkpt lat="-20.17332980215264" lon="57.49271503776672"><ele>261.7</ele><time>2026-10-01T13:43:58.000Z</time></trkpt><trkpt lat="-20.173320768819373" lon="57.49271180443335"><ele>262.2</ele><time>2026-10-01T13:43:59.000Z</time></trkpt><trkpt lat="-20.17331180215275" lon="57.49270877109998"><ele>262.2</ele><time>2026-10-01T13:44:00.000Z</time></trkpt><trkpt lat="-20.173303335486032" lon="57.49270633776662"><ele>262.2</ele><time>2026-10-01T13:44:01.000Z</time></trkpt><trkpt lat="-20.17329560215257" lon="57.49270417109993"><ele>262.2</ele><time>2026-10-01T13:44:02.000Z</time></trkpt><trkpt lat="-20.173287102152422" lon="57.49270157109993"><ele>262.2</ele><time>2026-10-01T13:44:03.000Z</time></trkpt><trkpt lat="-20.173277902152236" lon="57.492698937766605"><ele>262.4</ele><time>2026-10-01T13:44:04.000Z</time></trkpt><trkpt lat="-20.173269602152118" lon="57.4926953710999"><ele>262.4</ele><time>2026-10-01T13:44:05.000Z</time></trkpt><trkpt lat="-20.17326160215199" lon="57.492690971099876"><ele>262.4</ele><time>2026-10-01T13:44:06.000Z</time></trkpt><trkpt lat="-20.173253635485178" lon="57.49268693776653"><ele>262.4</ele><time>2026-10-01T13:44:07.000Z</time></trkpt><trkpt lat="-20.17324670215172" lon="57.492683071099826"><ele>262.4</ele><time>2026-10-01T13:44:08.000Z</time></trkpt><trkpt lat="-20.17324026881838" lon="57.49267953776645"><ele>263.0</ele><time>2026-10-01T13:44:09.000Z</time></trkpt><trkpt lat="-20.17323280215169" lon="57.49267683776644"><ele>263.0</ele><time>2026-10-01T13:44:10.000Z</time></trkpt><trkpt lat="-20.173224768818347" lon="57.4926747377664"><ele>263.0</ele><time>2026-10-01T13:44:11.000Z</time></trkpt><trkpt lat="-20.17321736881835" lon="57.492672704433026"><ele>263.0</ele><time>2026-10-01T13:44:12.000Z</time></trkpt><trkpt lat="-20.173209635485048" lon="57.49267077109967"><ele>263.0</ele><time>2026-10-01T13:44:13.000Z</time></trkpt><trkpt lat="-20.173202302151694" lon="57.49266837109965"><ele>263.6</ele><time>2026-10-01T13:44:14.000Z</time></trkpt><trkpt lat="-20.173195302151647" lon="57.49266593776629"><ele>263.6</ele><time>2026-10-01T13:44:15.000Z</time></trkpt><trkpt lat="-20.173189102151603" lon="57.49266400443294"><ele>263.6</ele><time>2026-10-01T13:44:16.000Z</time></trkpt><trkpt lat="-20.17318196881833" lon="57.49266130443291"><ele>263.6</ele><time>2026-10-01T13:44:17.000Z</time></trkpt><trkpt lat="-20.173174735484984" lon="57.492658671099534"><ele>263.6</ele><time>2026-10-01T13:44:18.000Z</time></trkpt><trkpt lat="-20.17316773548499" lon="57.49265633776618"><ele>263.9</ele><time>2026-10-01T13:44:19.000Z</time></trkpt><trkpt lat="-20.17316076881832" lon="57.492653237766106"><ele>263.9</ele><time>2026-10-01T13:44:20.000Z</time></trkpt><trkpt lat="-20.17315266881834" lon="57.49264850443264"><ele>263.9</ele><time>2026-10-01T13:44:21.000Z</time></trkpt><trkpt lat="-20.173144635484885" lon="57.49264323776582"><ele>263.9</ele><time>2026-10-01T13:44:22.000Z</time></trkpt><trkpt lat="-20.173136635484752" lon="57.49263733776566"><ele>263.9</ele><time>2026-10-01T13:44:23.000Z</time></trkpt><trkpt lat="-20.173128402151274" lon="57.492630671098844"><ele>264.4</ele><time>2026-10-01T13:44:24.000Z</time></trkpt><trkpt lat="-20.173119735484526" lon="57.4926249377654"><ele>264.4</ele><time>2026-10-01T13:44:25.000Z</time></trkpt><trkpt lat="-20.173110535484447" lon="57.492619837765346"><ele>264.4</ele><time>2026-10-01T13:44:26.000Z</time></trkpt><trkpt lat="-20.173101468817755" lon="57.49261510443198"><ele>264.4</ele><time>2026-10-01T13:44:27.000Z</time></trkpt><trkpt lat="-20.173093035484463" lon="57.49261077109861"><ele>264.4</ele><time>2026-10-01T13:44:28.000Z</time></trkpt><trkpt lat="-20.173084268817757" lon="57.49260683776519"><ele>264.8</ele><time>2026-10-01T13:44:29.000Z</time></trkpt><trkpt lat="-20.173074968817716" lon="57.49260227109846"><ele>264.8</ele><time>2026-10-01T13:44:30.000Z</time></trkpt><trkpt lat="-20.173066035484304" lon="57.49259807109843"><ele>264.8</ele><time>2026-10-01T13:44:31.000Z</time></trkpt><trkpt lat="-20.173057735484186" lon="57.49259417109842"><ele>264.8</ele><time>2026-10-01T13:44:32.000Z</time></trkpt><trkpt lat="-20.173049468817386" lon="57.49259013776509"><ele>264.8</ele><time>2026-10-01T13:44:33.000Z</time></trkpt><trkpt lat="-20.17304086881728" lon="57.492586071098444"><ele>265.1</ele><time>2026-10-01T13:44:34.000Z</time></trkpt><trkpt lat="-20.173032535483735" lon="57.49258293776512"><ele>265.1</ele><time>2026-10-01T13:44:35.000Z</time></trkpt><trkpt lat="-20.173024968816875" lon="57.49257950443179"><ele>265.1</ele><time>2026-10-01T13:44:36.000Z</time></trkpt><trkpt lat="-20.173016168816744" lon="57.49257640443176"><ele>265.1</ele><time>2026-10-01T13:44:37.000Z</time></trkpt><trkpt lat="-20.173006102150023" lon="57.492574137765075"><ele>265.1</ele><time>2026-10-01T13:44:38.000Z</time></trkpt><trkpt lat="-20.172995935483232" lon="57.49257223776506"><ele>265.5</ele><time>2026-10-01T13:44:39.000Z</time></trkpt><trkpt lat="-20.172985835483082" lon="57.49256957109833"><ele>265.5</ele><time>2026-10-01T13:44:40.000Z</time></trkpt><trkpt lat="-20.172975268816238" lon="57.492566737764925"><ele>265.5</ele><time>2026-10-01T13:44:41.000Z</time></trkpt><trkpt lat="-20.172965402149327" lon="57.492563771098176"><ele>265.5</ele><time>2026-10-01T13:44:42.000Z</time></trkpt><trkpt lat="-20.172955968815685" lon="57.492560237764756"><ele>265.5</ele><time>2026-10-01T13:44:43.000Z</time></trkpt><trkpt lat="-20.172946868815462" lon="57.49255623776462"><ele>266.0</ele><time>2026-10-01T13:44:44.000Z</time></trkpt><trkpt lat="-20.172937702148594" lon="57.49255273776455"><ele>266.0</ele><time>2026-10-01T13:44:45.000Z</time></trkpt><trkpt lat="-20.17292893548178" lon="57.4925498710978"><ele>266.0</ele><time>2026-10-01T13:44:46.000Z</time></trkpt><trkpt lat="-20.172919068814977" lon="57.492547171097726"><ele>266.0</ele><time>2026-10-01T13:44:47.000Z</time></trkpt><trkpt lat="-20.17291023548147" lon="57.49254440443099"><ele>266.0</ele><time>2026-10-01T13:44:48.000Z</time></trkpt><trkpt lat="-20.17290236881462" lon="57.492542637764316"><ele>266.2</ele><time>2026-10-01T13:44:49.000Z</time></trkpt><trkpt lat="-20.17289573548115" lon="57.49254087109763"><ele>266.2</ele><time>2026-10-01T13:44:50.000Z</time></trkpt><trkpt lat="-20.172889602147638" lon="57.49253963776429"><ele>266.2</ele><time>2026-10-01T13:44:51.000Z</time></trkpt><trkpt lat="-20.172883868814182" lon="57.49253797109761"><ele>266.2</ele><time>2026-10-01T13:44:52.000Z</time></trkpt><trkpt lat="-20.172877402147417" lon="57.49253650443094"><ele>266.2</ele><time>2026-10-01T13:44:53.000Z</time></trkpt><trkpt lat="-20.172870168814022" lon="57.492534637764265"><ele>266.7</ele><time>2026-10-01T13:44:54.000Z</time></trkpt><trkpt lat="-20.172861768813892" lon="57.49253210443089"><ele>266.7</ele><time>2026-10-01T13:44:55.000Z</time></trkpt><trkpt lat="-20.172852168813755" lon="57.49252917109753"><ele>266.7</ele><time>2026-10-01T13:44:56.000Z</time></trkpt><trkpt lat="-20.172842968813676" lon="57.492526471097506"><ele>266.7</ele><time>2026-10-01T13:44:57.000Z</time></trkpt><trkpt lat="-20.172833535480247" lon="57.49252413776416"><ele>266.7</ele><time>2026-10-01T13:44:58.000Z</time></trkpt><trkpt lat="-20.172823435480097" lon="57.49252173776415"><ele>267.1</ele><time>2026-10-01T13:44:59.000Z</time></trkpt><trkpt lat="-20.172813735480002" lon="57.49251937109752"><ele>267.1</ele><time>2026-10-01T13:45:00.000Z</time></trkpt><trkpt lat="-20.17280430214668" lon="57.492516937764194"><ele>267.1</ele><time>2026-10-01T13:45:01.000Z</time></trkpt><trkpt lat="-20.17279506881328" lon="57.4925155377642"><ele>267.1</ele><time>2026-10-01T13:45:02.000Z</time></trkpt><trkpt lat="-20.172785668813173" lon="57.4925139377642"><ele>267.1</ele><time>2026-10-01T13:45:03.000Z</time></trkpt><trkpt lat="-20.17277623547985" lon="57.49251250443084"><ele>267.3</ele><time>2026-10-01T13:45:04.000Z</time></trkpt><trkpt lat="-20.172766568813184" lon="57.49251160443082"><ele>267.3</ele><time>2026-10-01T13:45:05.000Z</time></trkpt><trkpt lat="-20.172757035479798" lon="57.49251060443082"><ele>267.3</ele><time>2026-10-01T13:45:06.000Z</time></trkpt><trkpt lat="-20.172747168812993" lon="57.492508637764146"><ele>267.3</ele><time>2026-10-01T13:45:07.000Z</time></trkpt><trkpt lat="-20.172736468812868" lon="57.4925065044308"><ele>267.3</ele><time>2026-10-01T13:45:08.000Z</time></trkpt><trkpt lat="-20.172725968812664" lon="57.49250467109747"><ele>267.7</ele><time>2026-10-01T13:45:09.000Z</time></trkpt><trkpt lat="-20.17271620214582" lon="57.49250370443078"><ele>267.7</ele><time>2026-10-01T13:45:10.000Z</time></trkpt><trkpt lat="-20.17270653547894" lon="57.4925026377641"><ele>267.7</ele><time>2026-10-01T13:45:11.000Z</time></trkpt><trkpt lat="-20.172696935478697" lon="57.49250113776408"><ele>267.7</ele><time>2026-10-01T13:45:12.000Z</time></trkpt><trkpt lat="-20.172688302145055" lon="57.492499271097415"><ele>267.7</ele><time>2026-10-01T13:45:13.000Z</time></trkpt><trkpt lat="-20.172680502144736" lon="57.49249747109742"><ele>268.2</ele><time>2026-10-01T13:45:14.000Z</time></trkpt><trkpt lat="-20.172672135477768" lon="57.49249497109745"><ele>268.2</ele><time>2026-10-01T13:45:15.000Z</time></trkpt><trkpt lat="-20.17266336881085" lon="57.492492537764136"><ele>268.2</ele><time>2026-10-01T13:45:16.000Z</time></trkpt><trkpt lat="-20.172654468810645" lon="57.492490871097495"><ele>268.2</ele><time>2026-10-01T13:45:17.000Z</time></trkpt><trkpt lat="-20.17264616881053" lon="57.49249000443084"><ele>268.2</ele><time>2026-10-01T13:45:18.000Z</time></trkpt><trkpt lat="-20.172637968810374" lon="57.49248857109753"><ele>268.4</ele><time>2026-10-01T13:45:19.000Z</time></trkpt><trkpt lat="-20.172629635476937" lon="57.4924872377642"><ele>268.4</ele><time>2026-10-01T13:45:20.000Z</time></trkpt><trkpt lat="-20.17262166881013" lon="57.49248617109754"><ele>268.4</ele><time>2026-10-01T13:45:21.000Z</time></trkpt><trkpt lat="-20.17261433547672" lon="57.492485304430886"><ele>268.4</ele><time>2026-10-01T13:45:22.000Z</time></trkpt><trkpt lat="-20.172607002143312" lon="57.492485071097555"><ele>268.4</ele><time>2026-10-01T13:45:23.000Z</time></trkpt><trkpt lat="-20.17259900214318" lon="57.49248510443088"><ele>268.9</ele><time>2026-10-01T13:45:24.000Z</time></trkpt><trkpt lat="-20.17259190214301" lon="57.492485904430865"><ele>268.9</ele><time>2026-10-01T13:45:25.000Z</time></trkpt><trkpt lat="-20.172584702142778" lon="57.492487171097515"><ele>268.9</ele><time>2026-10-01T13:45:26.000Z</time></trkpt><trkpt lat="-20.172577935475807" lon="57.49248797109749"><ele>268.9</ele><time>2026-10-01T13:45:27.000Z</time></trkpt><trkpt lat="-20.172571035475563" lon="57.49248767109748"><ele>268.9</ele><time>2026-10-01T13:45:28.000Z</time></trkpt><trkpt lat="-20.172564635475435" lon="57.49248803776413"><ele>269.5</ele><time>2026-10-01T13:45:29.000Z</time></trkpt><trkpt lat="-20.17255813547535" lon="57.49248870443078"><ele>269.5</ele><time>2026-10-01T13:45:30.000Z</time></trkpt><trkpt lat="-20.17255206880864" lon="57.492489204430754"><ele>269.5</ele><time>2026-10-01T13:45:31.000Z</time></trkpt><trkpt lat="-20.172545435475275" lon="57.49249023776407"><ele>269.5</ele><time>2026-10-01T13:45:32.000Z</time></trkpt><trkpt lat="-20.172538702141843" lon="57.49249117109738"><ele>269.5</ele><time>2026-10-01T13:45:33.000Z</time></trkpt><trkpt lat="-20.17253200214173" lon="57.49249157109737"><ele>269.8</ele><time>2026-10-01T13:45:34.000Z</time></trkpt><trkpt lat="-20.172524735474962" lon="57.49249143776403"><ele>269.8</ele><time>2026-10-01T13:45:35.000Z</time></trkpt><trkpt lat="-20.172516935474967" lon="57.49249093776403"><ele>269.8</ele><time>2026-10-01T13:45:36.000Z</time></trkpt><trkpt lat="-20.172508902141622" lon="57.49248937109739"><ele>269.8</ele><time>2026-10-01T13:45:37.000Z</time></trkpt><trkpt lat="-20.172500868808278" lon="57.49248820443076"><ele>269.8</ele><time>2026-10-01T13:45:38.000Z</time></trkpt><trkpt lat="-20.17249343547491" lon="57.492487637764114"><ele>270.3</ele><time>2026-10-01T13:45:39.000Z</time></trkpt><trkpt lat="-20.172485968808115" lon="57.49248627109747"><ele>270.3</ele><time>2026-10-01T13:45:40.000Z</time></trkpt><trkpt lat="-20.17247896880791" lon="57.492484771097494"><ele>270.3</ele><time>2026-10-01T13:45:41.000Z</time></trkpt><trkpt lat="-20.172472702141064" lon="57.492482871097494"><ele>270.3</ele><time>2026-10-01T13:45:42.000Z</time></trkpt><trkpt lat="-20.172466235474193" lon="57.49248010443084"><ele>270.3</ele><time>2026-10-01T13:45:43.000Z</time></trkpt><trkpt lat="-20.172458735473974" lon="57.49247563776417"><ele>270.7</ele><time>2026-10-01T13:45:44.000Z</time></trkpt><trkpt lat="-20.172451102140467" lon="57.49247177109752"><ele>270.7</ele><time>2026-10-01T13:45:45.000Z</time></trkpt><trkpt lat="-20.172442702140177" lon="57.49246793776418"><ele>270.7</ele><time>2026-10-01T13:45:46.000Z</time></trkpt><trkpt lat="-20.172433502139988" lon="57.492464037764194"><ele>270.7</ele><time>2026-10-01T13:45:47.000Z</time></trkpt><trkpt lat="-20.17242420213995" lon="57.49246040443086"><ele>270.7</ele><time>2026-10-01T13:45:48.000Z</time></trkpt><trkpt lat="-20.172415235473323" lon="57.49245700443089"><ele>270.9</ele><time>2026-10-01T13:45:49.000Z</time></trkpt><trkpt lat="-20.172406235473268" lon="57.49245360443091"><ele>270.9</ele><time>2026-10-01T13:45:50.000Z</time></trkpt><trkpt lat="-20.172397235473216" lon="57.49245073776427"><ele>270.9</ele><time>2026-10-01T13:45:51.000Z</time></trkpt><trkpt lat="-20.17238880213971" lon="57.49244893776429"><ele>270.9</ele><time>2026-10-01T13:45:52.000Z</time></trkpt><trkpt lat="-20.172381002139495" lon="57.49244790443097"><ele>270.9</ele><time>2026-10-01T13:45:53.000Z</time></trkpt><trkpt lat="-20.172373402139208" lon="57.4924478377643"><ele>271.4</ele><time>2026-10-01T13:45:54.000Z</time></trkpt><trkpt lat="-20.172366068805694" lon="57.49244807109763"><ele>271.4</ele><time>2026-10-01T13:45:55.000Z</time></trkpt><trkpt lat="-20.172360135472314" lon="57.49244857109763"><ele>271.4</ele><time>2026-10-01T13:45:56.000Z</time></trkpt><trkpt lat="-20.172354302139006" lon="57.492448971097645"><ele>271.4</ele><time>2026-10-01T13:45:57.000Z</time></trkpt><trkpt lat="-20.172347502138983" lon="57.492449204430976"><ele>271.4</ele><time>2026-10-01T13:45:58.000Z</time></trkpt><trkpt lat="-20.17234016880563" lon="57.492449004430966"><ele>271.9</ele><time>2026-10-01T13:45:59.000Z</time></trkpt><trkpt lat="-20.172332935472234" lon="57.49244800443098"><ele>271.9</ele><time>2026-10-01T13:46:00.000Z</time></trkpt><trkpt lat="-20.1723243021387" lon="57.49244620443095"><ele>271.9</ele><time>2026-10-01T13:46:01.000Z</time></trkpt><trkpt lat="-20.17231480213842" lon="57.49244423776427"><ele>271.9</ele><time>2026-10-01T13:46:02.000Z</time></trkpt><trkpt lat="-20.172305935471435" lon="57.49244267109759"><ele>271.9</ele><time>2026-10-01T13:46:03.000Z</time></trkpt><trkpt lat="-20.172297435471183" lon="57.49244203776426"><ele>272.2</ele><time>2026-10-01T13:46:04.000Z</time></trkpt><trkpt lat="-20.172288702137585" lon="57.49244193776424"><ele>272.2</ele><time>2026-10-01T13:46:05.000Z</time></trkpt><trkpt lat="-20.172279968803984" lon="57.49244157109756"><ele>272.2</ele><time>2026-10-01T13:46:06.000Z</time></trkpt><trkpt lat="-20.1722715688038" lon="57.492441237764204"><ele>272.2</ele><time>2026-10-01T13:46:07.000Z</time></trkpt><trkpt lat="-20.172263468803603" lon="57.49244047109752"><ele>272.2</ele><time>2026-10-01T13:46:08.000Z</time></trkpt><trkpt lat="-20.172254602136615" lon="57.4924391710975"><ele>272.8</ele><time>2026-10-01T13:46:09.000Z</time></trkpt><trkpt lat="-20.17224506880291" lon="57.49243753776415"><ele>272.8</ele><time>2026-10-01T13:46:10.000Z</time></trkpt><trkpt lat="-20.172235802135976" lon="57.49243623776415"><ele>272.8</ele><time>2026-10-01T13:46:11.000Z</time></trkpt><trkpt lat="-20.172227302135724" lon="57.492435371097486"><ele>272.8</ele><time>2026-10-01T13:46:12.000Z</time></trkpt><trkpt lat="-20.17221890213554" lon="57.492434204430836"><ele>272.8</ele><time>2026-10-01T13:46:13.000Z</time></trkpt><trkpt lat="-20.17221106880212" lon="57.49243287109751"><ele>273.4</ele><time>2026-10-01T13:46:14.000Z</time></trkpt><trkpt lat="-20.172204102135446" lon="57.49243127109755"><ele>273.4</ele><time>2026-10-01T13:46:15.000Z</time></trkpt><trkpt lat="-20.17219793546877" lon="57.49243010443092"><ele>273.4</ele><time>2026-10-01T13:46:16.000Z</time></trkpt><trkpt lat="-20.17219110213538" lon="57.492429037764296"><ele>273.4</ele><time>2026-10-01T13:46:17.000Z</time></trkpt><trkpt lat="-20.172183535468623" lon="57.492427937764305"><ele>273.4</ele><time>2026-10-01T13:46:18.000Z</time></trkpt><trkpt lat="-20.172176135468572" lon="57.492426537764324"><ele>273.7</ele><time>2026-10-01T13:46:19.000Z</time></trkpt><trkpt lat="-20.172169435468568" lon="57.492425437764304"><ele>273.7</ele><time>2026-10-01T13:46:20.000Z</time></trkpt><trkpt lat="-20.172162168801908" lon="57.49242397109761"><ele>273.7</ele><time>2026-10-01T13:46:21.000Z</time></trkpt><trkpt lat="-20.172154868801925" lon="57.49242190443091"><ele>273.7</ele><time>2026-10-01T13:46:22.000Z</time></trkpt><trkpt lat="-20.172147702135224" lon="57.49242027109756"><ele>273.7</ele><time>2026-10-01T13:46:23.000Z</time></trkpt><trkpt lat="-20.172139835468478" lon="57.49241917109755"><ele>274.3</ele><time>2026-10-01T13:46:24.000Z</time></trkpt><trkpt lat="-20.172130868801638" lon="57.492418104430875"><ele>274.3</ele><time>2026-10-01T13:46:25.000Z</time></trkpt><trkpt lat="-20.172121068801477" lon="57.49241683776419"><ele>274.3</ele><time>2026-10-01T13:46:26.000Z</time></trkpt><trkpt lat="-20.172111402134593" lon="57.492415804430834"><ele>274.3</ele><time>2026-10-01T13:46:27.000Z</time></trkpt><trkpt lat="-20.172102068801124" lon="57.492414904430824"><ele>274.3</ele><time>2026-10-01T13:46:28.000Z</time></trkpt><trkpt lat="-20.172093135467602" lon="57.49241393776415"><ele>274.9</ele><time>2026-10-01T13:46:29.000Z</time></trkpt><trkpt lat="-20.17208440213411" lon="57.49241320443082"><ele>274.9</ele><time>2026-10-01T13:46:30.000Z</time></trkpt><trkpt lat="-20.172076768800604" lon="57.492412271097464"><ele>274.9</ele><time>2026-10-01T13:46:31.000Z</time></trkpt><trkpt lat="-20.1720688021339" lon="57.49241157109744"><ele>274.9</ele><time>2026-10-01T13:46:32.000Z</time></trkpt><trkpt lat="-20.172060568800532" lon="57.49241077109741"><ele>274.9</ele><time>2026-10-01T13:46:33.000Z</time></trkpt><trkpt lat="-20.17205243546723" lon="57.49240977109739"><ele>275.2</ele><time>2026-10-01T13:46:34.000Z</time></trkpt><trkpt lat="-20.17204466880066" lon="57.49240783776399"><ele>275.2</ele><time>2026-10-01T13:46:35.000Z</time></trkpt><trkpt lat="-20.172036402134076" lon="57.49240563776395"><ele>275.2</ele><time>2026-10-01T13:46:36.000Z</time></trkpt><trkpt lat="-20.172027968800784" lon="57.492403071097236"><ele>275.2</ele><time>2026-10-01T13:46:37.000Z</time></trkpt><trkpt lat="-20.172019402134104" lon="57.492400437763855"><ele>275.2</ele><time>2026-10-01T13:46:38.000Z</time></trkpt><trkpt lat="-20.172010968800706" lon="57.492397737763795"><ele>275.8</ele><time>2026-10-01T13:46:39.000Z</time></trkpt><trkpt lat="-20.172001802133842" lon="57.492396037763775"><ele>275.8</ele><time>2026-10-01T13:46:40.000Z</time></trkpt><trkpt lat="-20.17199260213355" lon="57.4923948710971"><ele>275.8</ele><time>2026-10-01T13:46:41.000Z</time></trkpt><trkpt lat="-20.17198373546656" lon="57.49239347109712"><ele>275.8</ele><time>2026-10-01T13:46:42.000Z</time></trkpt><trkpt lat="-20.171974802132937" lon="57.492391737763775"><ele>275.8</ele><time>2026-10-01T13:46:43.000Z</time></trkpt><trkpt lat="-20.171965735466028" lon="57.49238990443043"><ele>276.5</ele><time>2026-10-01T13:46:44.000Z</time></trkpt><trkpt lat="-20.171957168799242" lon="57.49238743776376"><ele>276.5</ele><time>2026-10-01T13:46:45.000Z</time></trkpt><trkpt lat="-20.17194870213252" lon="57.492384371097124"><ele>276.5</ele><time>2026-10-01T13:46:46.000Z</time></trkpt><trkpt lat="-20.171940668799074" lon="57.49238117109716"><ele>276.5</ele><time>2026-10-01T13:46:47.000Z</time></trkpt><trkpt lat="-20.17193286879897" lon="57.492377371097234"><ele>276.5</ele><time>2026-10-01T13:46:48.000Z</time></trkpt><trkpt lat="-20.171925735465482" lon="57.49237270443066"><ele>276.8</ele><time>2026-10-01T13:46:49.000Z</time></trkpt><trkpt lat="-20.171918668798632" lon="57.492367904430765"><ele>276.8</ele><time>2026-10-01T13:46:50.000Z</time></trkpt><trkpt lat="-20.171912202131868" lon="57.49236323776415"><ele>276.8</ele><time>2026-10-01T13:46:51.000Z</time></trkpt><trkpt lat="-20.171905902131805" lon="57.49235840443085"><ele>276.8</ele><time>2026-10-01T13:46:52.000Z</time></trkpt><trkpt lat="-20.171900202131724" lon="57.49235363776417"><ele>276.8</ele><time>2026-10-01T13:46:53.000Z</time></trkpt><trkpt lat="-20.17189450213164" lon="57.49234957109745"><ele>277.4</ele><time>2026-10-01T13:46:54.000Z</time></trkpt><trkpt lat="-20.17188953546492" lon="57.492346437764056"><ele>277.4</ele><time>2026-10-01T13:46:55.000Z</time></trkpt><trkpt lat="-20.17188466879816" lon="57.49234427109734"><ele>277.4</ele><time>2026-10-01T13:46:56.000Z</time></trkpt><trkpt lat="-20.17188010213139" lon="57.492343404430656"><ele>277.4</ele><time>2026-10-01T13:46:57.000Z</time></trkpt><trkpt lat="-20.17187530213127" lon="57.492343137763996"><ele>277.4</ele><time>2026-10-01T13:46:58.000Z</time></trkpt><trkpt lat="-20.171870702131177" lon="57.492342504430624"><ele>278.0</ele><time>2026-10-01T13:46:59.000Z</time></trkpt><trkpt lat="-20.171866168797724" lon="57.49234047109728"><ele>278.0</ele><time>2026-10-01T13:47:00.000Z</time></trkpt><trkpt lat="-20.171862135464284" lon="57.49233713776391"><ele>278.0</ele><time>2026-10-01T13:47:01.000Z</time></trkpt><trkpt lat="-20.171858002130882" lon="57.492332671097174"><ele>278.0</ele><time>2026-10-01T13:47:02.000Z</time></trkpt><trkpt lat="-20.171853902130806" lon="57.492327204430445"><ele>278.0</ele><time>2026-10-01T13:47:03.000Z</time></trkpt><trkpt lat="-20.171850335464065" lon="57.49232067109708"><ele>278.3</ele><time>2026-10-01T13:47:04.000Z</time></trkpt><trkpt lat="-20.171846935464025" lon="57.49231443776366"><ele>278.3</ele><time>2026-10-01T13:47:05.000Z</time></trkpt><trkpt lat="-20.171843135463938" lon="57.49230783776361"><ele>278.3</ele><time>2026-10-01T13:47:06.000Z</time></trkpt><trkpt lat="-20.17183893546379" lon="57.49230053776357"><ele>278.3</ele><time>2026-10-01T13:47:07.000Z</time></trkpt><trkpt lat="-20.171834535463724" lon="57.492293371096835"><ele>278.3</ele><time>2026-10-01T13:47:08.000Z</time></trkpt><trkpt lat="-20.171828935463708" lon="57.492287737763455"><ele>279.0</ele><time>2026-10-01T13:47:09.000Z</time></trkpt><trkpt lat="-20.171822368796985" lon="57.492282071096724"><ele>279.0</ele><time>2026-10-01T13:47:10.000Z</time></trkpt><trkpt lat="-20.17181516879696" lon="57.49227707109662"><ele>279.0</ele><time>2026-10-01T13:47:11.000Z</time></trkpt><trkpt lat="-20.171807602130315" lon="57.49227240442987"><ele>279.0</ele><time>2026-10-01T13:47:12.000Z</time></trkpt><trkpt lat="-20.171800468796935" lon="57.492267537763134"><ele>279.0</ele><time>2026-10-01T13:47:13.000Z</time></trkpt><trkpt lat="-20.171793202130168" lon="57.49226177109635"><ele>279.8</ele><time>2026-10-01T13:47:14.000Z</time></trkpt><trkpt lat="-20.17178600213004" lon="57.49225563776298"><ele>279.8</ele><time>2026-10-01T13:47:15.000Z</time></trkpt><trkpt lat="-20.171779502129954" lon="57.492248871096265"><ele>279.8</ele><time>2026-10-01T13:47:16.000Z</time></trkpt><trkpt lat="-20.171773435463244" lon="57.4922425710962"><ele>279.8</ele><time>2026-10-01T13:47:17.000Z</time></trkpt><trkpt lat="-20.17176760212988" lon="57.49223620442947"><ele>279.8</ele><time>2026-10-01T13:47:18.000Z</time></trkpt><trkpt lat="-20.17176226879653" lon="57.49223077109612"><ele>280.1</ele><time>2026-10-01T13:47:19.000Z</time></trkpt><trkpt lat="-20.171757468796518" lon="57.49222583776272"><ele>280.1</ele><time>2026-10-01T13:47:20.000Z</time></trkpt><trkpt lat="-20.171752835463103" lon="57.49222143776266"><ele>280.1</ele><time>2026-10-01T13:47:21.000Z</time></trkpt><trkpt lat="-20.171748435462927" lon="57.49221697109594"><ele>280.1</ele><time>2026-10-01T13:47:22.000Z</time></trkpt><trkpt lat="-20.171743635462807" lon="57.49221303776257"><ele>280.1</ele><time>2026-10-01T13:47:23.000Z</time></trkpt><trkpt lat="-20.171738735462725" lon="57.49220877109586"><ele>280.7</ele><time>2026-10-01T13:47:24.000Z</time></trkpt><trkpt lat="-20.171733668796044" lon="57.492204937762516"><ele>280.7</ele><time>2026-10-01T13:47:25.000Z</time></trkpt><trkpt lat="-20.17172796879607" lon="57.492201837762515"><ele>280.7</ele><time>2026-10-01T13:47:26.000Z</time></trkpt><trkpt lat="-20.17172280212948" lon="57.49219923776252"><ele>280.7</ele><time>2026-10-01T13:47:27.000Z</time></trkpt><trkpt lat="-20.17171883546287" lon="57.49219740442919"><ele>280.7</ele><time>2026-10-01T13:47:28.000Z</time></trkpt><trkpt lat="-20.171715768796222" lon="57.49219627109585"><ele>281.1</ele><time>2026-10-01T13:47:29.000Z</time></trkpt><trkpt lat="-20.171713735462895" lon="57.49219570442917"><ele>281.1</ele><time>2026-10-01T13:47:30.000Z</time></trkpt><trkpt lat="-20.171713068796226" lon="57.492194904429155"><ele>281.1</ele><time>2026-10-01T13:47:31.000Z</time></trkpt><trkpt lat="-20.171712802129555" lon="57.49219430442914"><ele>281.1</ele><time>2026-10-01T13:47:32.000Z</time></trkpt><trkpt lat="-20.171712468796223" lon="57.492193837762464"><ele>281.1</ele><time>2026-10-01T13:47:33.000Z</time></trkpt><trkpt lat="-20.17171240212956" lon="57.49219347109579"><ele>281.2</ele><time>2026-10-01T13:47:34.000Z</time></trkpt><trkpt lat="-20.17171240212956" lon="57.49219300442911"><ele>281.2</ele><time>2026-10-01T13:47:35.000Z</time></trkpt><trkpt lat="-20.17171263546291" lon="57.492193204429114"><ele>281.2</ele><time>2026-10-01T13:47:36.000Z</time></trkpt><trkpt lat="-20.17171286879626" lon="57.49219340442911"><ele>281.2</ele><time>2026-10-01T13:47:37.000Z</time></trkpt><trkpt lat="-20.17171310212961" lon="57.492193971095766"><ele>281.2</ele><time>2026-10-01T13:47:38.000Z</time></trkpt><trkpt lat="-20.17171333546296" lon="57.492194537762416"><ele>281.4</ele><time>2026-10-01T13:47:39.000Z</time></trkpt><trkpt lat="-20.17171356879631" lon="57.49219510442907"><ele>281.4</ele><time>2026-10-01T13:47:40.000Z</time></trkpt><trkpt lat="-20.17171356879631" lon="57.49219547109573"><ele>281.4</ele><time>2026-10-01T13:47:41.000Z</time></trkpt><trkpt lat="-20.17171356879631" lon="57.49219583776238"><ele>281.4</ele><time>2026-10-01T13:47:42.000Z</time></trkpt><trkpt lat="-20.171713935462993" lon="57.492196371095716"><ele>281.4</ele><time>2026-10-01T13:47:43.000Z</time></trkpt><trkpt lat="-20.171714302129676" lon="57.49219690442904"><ele>281.4</ele><time>2026-10-01T13:47:44.000Z</time></trkpt><trkpt lat="-20.171715135463053" lon="57.492197704429046"><ele>281.4</ele><time>2026-10-01T13:47:45.000Z</time></trkpt><trkpt lat="-20.171715968796427" lon="57.49219850442904"><ele>281.4</ele><time>2026-10-01T13:47:46.000Z</time></trkpt><trkpt lat="-20.171716802129804" lon="57.492199304429036"><ele>281.4</ele><time>2026-10-01T13:47:47.000Z</time></trkpt><trkpt lat="-20.1717172687965" lon="57.4921995710957"><ele>281.4</ele><time>2026-10-01T13:47:48.000Z</time></trkpt><trkpt lat="-20.171717868796527" lon="57.49219980442905"><ele>281.4</ele><time>2026-10-01T13:47:49.000Z</time></trkpt><trkpt lat="-20.171717902129863" lon="57.49219990442905"><ele>281.4</ele><time>2026-10-01T13:47:50.000Z</time></trkpt><trkpt lat="-20.17171806879653" lon="57.492200104429045"><ele>281.4</ele><time>2026-10-01T13:47:51.000Z</time></trkpt><trkpt lat="-20.171718302129864" lon="57.49220033776239"><ele>281.4</ele><time>2026-10-01T13:47:52.000Z</time></trkpt><trkpt lat="-20.1717185354632" lon="57.49220057109574"><ele>281.4</ele><time>2026-10-01T13:47:53.000Z</time></trkpt><trkpt lat="-20.1717187354632" lon="57.492201137762436"><ele>281.4</ele><time>2026-10-01T13:47:54.000Z</time></trkpt><trkpt lat="-20.171719035463205" lon="57.49220157109579"><ele>281.4</ele><time>2026-10-01T13:47:55.000Z</time></trkpt><trkpt lat="-20.17171920212987" lon="57.492201904429145"><ele>281.4</ele><time>2026-10-01T13:47:56.000Z</time></trkpt><trkpt lat="-20.171719302129873" lon="57.49220220442917"><ele>281.4</ele><time>2026-10-01T13:47:57.000Z</time></trkpt><trkpt lat="-20.171719402129874" lon="57.49220250442919"><ele>281.4</ele><time>2026-10-01T13:47:58.000Z</time></trkpt><trkpt lat="-20.171719402129874" lon="57.49220250442919"><ele>281.4</ele><time>2026-10-01T13:47:59.000Z</time></trkpt><trkpt lat="-20.171719402129874" lon="57.49220250442919"><ele>281.4</ele><time>2026-10-01T13:48:00.000Z</time></trkpt><trkpt lat="-20.171719402129874" lon="57.49220250442919"><ele>281.4</ele><time>2026-10-01T13:48:01.000Z</time></trkpt><trkpt lat="-20.171719402129874" lon="57.49220250442919"><ele>281.4</ele><time>2026-10-01T13:48:02.000Z</time></trkpt><trkpt lat="-20.171719402129874" lon="57.49220250442919"><ele>281.4</ele><time>2026-10-01T13:48:03.000Z</time></trkpt><trkpt lat="-20.171719402129874" lon="57.49220250442919"><ele>281.5</ele><time>2026-10-01T13:48:04.000Z</time></trkpt><trkpt lat="-20.171719402129874" lon="57.49220250442919"><ele>281.5</ele><time>2026-10-01T13:48:05.000Z</time></trkpt><trkpt lat="-20.171719402129874" lon="57.49220250442919"><ele>281.5</ele><time>2026-10-01T13:48:06.000Z</time></trkpt><trkpt lat="-20.171719402129874" lon="57.49220250442919"><ele>281.5</ele><time>2026-10-01T13:48:07.000Z</time></trkpt><trkpt lat="-20.171719402129874" lon="57.49220250442919"><ele>281.5</ele><time>2026-10-01T13:48:08.000Z</time></trkpt><trkpt lat="-20.17172003546322" lon="57.49220253776252"><ele>281.5</ele><time>2026-10-01T13:48:09.000Z</time></trkpt><trkpt lat="-20.17172043546322" lon="57.49220253776252"><ele>281.5</ele><time>2026-10-01T13:48:10.000Z</time></trkpt><trkpt lat="-20.171721535463213" lon="57.49220283776252"><ele>281.5</ele><time>2026-10-01T13:48:11.000Z</time></trkpt><trkpt lat="-20.17172300212988" lon="57.492203571095864"><ele>281.5</ele><time>2026-10-01T13:48:12.000Z</time></trkpt><trkpt lat="-20.171725168796538" lon="57.49220523776254"><ele>281.5</ele><time>2026-10-01T13:48:13.000Z</time></trkpt><trkpt lat="-20.1717277354632" lon="57.492207837762564"><ele>281.5</ele><time>2026-10-01T13:48:14.000Z</time></trkpt><trkpt lat="-20.171731435463165" lon="57.49221143776265"><ele>281.5</ele><time>2026-10-01T13:48:15.000Z</time></trkpt><trkpt lat="-20.171735302129846" lon="57.492215404429416"><ele>281.5</ele><time>2026-10-01T13:48:16.000Z</time></trkpt><trkpt lat="-20.171739935463155" lon="57.49221920442951"><ele>281.5</ele><time>2026-10-01T13:48:17.000Z</time></trkpt><trkpt lat="-20.17174513546317" lon="57.49222320442966"><ele>281.5</ele><time>2026-10-01T13:48:18.000Z</time></trkpt><trkpt lat="-20.171750168796528" lon="57.492226137763126"><ele>281.5</ele><time>2026-10-01T13:48:19.000Z</time></trkpt><trkpt lat="-20.17175500212992" lon="57.49222773776317"><ele>281.5</ele><time>2026-10-01T13:48:20.000Z</time></trkpt><trkpt lat="-20.171761035463312" lon="57.49222930442986"><ele>281.5</ele><time>2026-10-01T13:48:21.000Z</time></trkpt><trkpt lat="-20.171767535463395" lon="57.49223067109657"><ele>281.5</ele><time>2026-10-01T13:48:22.000Z</time></trkpt><trkpt lat="-20.171774035463482" lon="57.492230804429894"><ele>281.5</ele><time>2026-10-01T13:48:23.000Z</time></trkpt><trkpt lat="-20.17178100213021" lon="57.4922318044299"><ele>281.6</ele><time>2026-10-01T13:48:24.000Z</time></trkpt><trkpt lat="-20.171788935463592" lon="57.49223303776326"><ele>281.6</ele><time>2026-10-01T13:48:25.000Z</time></trkpt><trkpt lat="-20.171796068796972" lon="57.49223367109663"><ele>281.6</ele><time>2026-10-01T13:48:26.000Z</time></trkpt><trkpt lat="-20.171803035463647" lon="57.49223453776331"><ele>281.6</ele><time>2026-10-01T13:48:27.000Z</time></trkpt><trkpt lat="-20.171810135463602" lon="57.49223587109666"><ele>281.6</ele><time>2026-10-01T13:48:28.000Z</time></trkpt><trkpt lat="-20.171817035463526" lon="57.492236537763326"><ele>281.8</ele><time>2026-10-01T13:48:29.000Z</time></trkpt><trkpt lat="-20.17182316879677" lon="57.49223807109668"><ele>281.8</ele><time>2026-10-01T13:48:30.000Z</time></trkpt><trkpt lat="-20.171829435463298" lon="57.492240304430005"><ele>281.8</ele><time>2026-10-01T13:48:31.000Z</time></trkpt><trkpt lat="-20.17183523546323" lon="57.49224237109668"><ele>281.8</ele><time>2026-10-01T13:48:32.000Z</time></trkpt><trkpt lat="-20.171840268796537" lon="57.49224500443004"><ele>281.8</ele><time>2026-10-01T13:48:33.000Z</time></trkpt><trkpt lat="-20.171844968796538" lon="57.49224800443005"><ele>281.9</ele><time>2026-10-01T13:48:34.000Z</time></trkpt><trkpt lat="-20.171849368796607" lon="57.49225010443005"><ele>281.9</ele><time>2026-10-01T13:48:35.000Z</time></trkpt><trkpt lat="-20.171852302130027" lon="57.49225123776339"><ele>281.9</ele><time>2026-10-01T13:48:36.000Z</time></trkpt><trkpt lat="-20.17185376879673" lon="57.492252237763395"><ele>281.9</ele><time>2026-10-01T13:48:37.000Z</time></trkpt><trkpt lat="-20.17185463546341" lon="57.49225183776336"><ele>281.9</ele><time>2026-10-01T13:48:38.000Z</time></trkpt><trkpt lat="-20.171854768796756" lon="57.4922513710967"><ele>282.0</ele><time>2026-10-01T13:48:39.000Z</time></trkpt><trkpt lat="-20.17185460213009" lon="57.49225143776338"><ele>282.0</ele><time>2026-10-01T13:48:40.000Z</time></trkpt><trkpt lat="-20.17185530213009" lon="57.49225267109675"><ele>282.0</ele><time>2026-10-01T13:48:41.000Z</time></trkpt><trkpt lat="-20.171856502130108" lon="57.49225390443013"><ele>282.0</ele><time>2026-10-01T13:48:42.000Z</time></trkpt><trkpt lat="-20.171857668796793" lon="57.49225560443017"><ele>282.0</ele><time>2026-10-01T13:48:43.000Z</time></trkpt><trkpt lat="-20.171858302130115" lon="57.49225600443019"><ele>282.1</ele><time>2026-10-01T13:48:44.000Z</time></trkpt><trkpt lat="-20.171858735463424" lon="57.49225490443017"><ele>282.1</ele><time>2026-10-01T13:48:45.000Z</time></trkpt><trkpt lat="-20.171858335463398" lon="57.49225183776349"><ele>282.1</ele><time>2026-10-01T13:48:46.000Z</time></trkpt><trkpt lat="-20.171857835463367" lon="57.49224803776343"><ele>282.1</ele><time>2026-10-01T13:48:47.000Z</time></trkpt><trkpt lat="-20.17185800213001" lon="57.492243337763384"><ele>282.1</ele><time>2026-10-01T13:48:48.000Z</time></trkpt><trkpt lat="-20.171860268796667" lon="57.492239971096694"><ele>282.1</ele><time>2026-10-01T13:48:49.000Z</time></trkpt><trkpt lat="-20.171862335463324" lon="57.492238037763364"><ele>282.1</ele><time>2026-10-01T13:48:50.000Z</time></trkpt><trkpt lat="-20.171866002130002" lon="57.492237704429996"><ele>282.1</ele><time>2026-10-01T13:48:51.000Z</time></trkpt><trkpt lat="-20.171870635463375" lon="57.49223810443001"><ele>282.1</ele><time>2026-10-01T13:48:52.000Z</time></trkpt><trkpt lat="-20.171875068796773" lon="57.49223897109666"><ele>282.1</ele><time>2026-10-01T13:48:53.000Z</time></trkpt><trkpt lat="-20.171879102130227" lon="57.49223973776331"><ele>282.1</ele><time>2026-10-01T13:48:54.000Z</time></trkpt><trkpt lat="-20.17188506879703" lon="57.49224060442996"><ele>282.1</ele><time>2026-10-01T13:48:55.000Z</time></trkpt><trkpt lat="-20.17189036879711" lon="57.49224127109661"><ele>282.1</ele><time>2026-10-01T13:48:56.000Z</time></trkpt><trkpt lat="-20.17189670213049" lon="57.49224270442994"><ele>282.1</ele><time>2026-10-01T13:48:57.000Z</time></trkpt><trkpt lat="-20.171904102130537" lon="57.49224503776329"><ele>282.1</ele><time>2026-10-01T13:48:58.000Z</time></trkpt><trkpt lat="-20.171912002130604" lon="57.492246971096634"><ele>282.1</ele><time>2026-10-01T13:48:59.000Z</time></trkpt><trkpt lat="-20.171919102130662" lon="57.49224823776332"><ele>282.1</ele><time>2026-10-01T13:49:00.000Z</time></trkpt><trkpt lat="-20.171926168797455" lon="57.49225023776336"><ele>282.1</ele><time>2026-10-01T13:49:01.000Z</time></trkpt><trkpt lat="-20.171932335464287" lon="57.49225197109674"><ele>282.1</ele><time>2026-10-01T13:49:02.000Z</time></trkpt><trkpt lat="-20.171937535464412" lon="57.49225433776341"><ele>282.1</ele><time>2026-10-01T13:49:03.000Z</time></trkpt><trkpt lat="-20.171941868797838" lon="57.49225730443008"><ele>282.3</ele><time>2026-10-01T13:49:04.000Z</time></trkpt><trkpt lat="-20.171946335464543" lon="57.49226097109677"><ele>282.3</ele><time>2026-10-01T13:49:05.000Z</time></trkpt><trkpt lat="-20.17195133546453" lon="57.49226377109676"><ele>282.3</ele><time>2026-10-01T13:49:06.000Z</time></trkpt><trkpt lat="-20.17195683546453" lon="57.49226657109672"><ele>282.3</ele><time>2026-10-01T13:49:07.000Z</time></trkpt><trkpt lat="-20.171963235464602" lon="57.49226890443009"><ele>282.3</ele><time>2026-10-01T13:49:08.000Z</time></trkpt><trkpt lat="-20.171969902131288" lon="57.49227100443013"><ele>282.9</ele><time>2026-10-01T13:49:09.000Z</time></trkpt><trkpt lat="-20.171976635464723" lon="57.49227330443019"><ele>282.9</ele><time>2026-10-01T13:49:10.000Z</time></trkpt><trkpt lat="-20.171983535464864" lon="57.49227587109694"><ele>282.9</ele><time>2026-10-01T13:49:11.000Z</time></trkpt><trkpt lat="-20.17199023546498" lon="57.49227767109704"><ele>282.9</ele><time>2026-10-01T13:49:12.000Z</time></trkpt><trkpt lat="-20.171996802131705" lon="57.492279037763765"><ele>282.9</ele><time>2026-10-01T13:49:13.000Z</time></trkpt><trkpt lat="-20.172003468798497" lon="57.492280304430494"><ele>283.6</ele><time>2026-10-01T13:49:14.000Z</time></trkpt><trkpt lat="-20.17201050213192" lon="57.49228027109719"><ele>283.6</ele><time>2026-10-01T13:49:15.000Z</time></trkpt><trkpt lat="-20.1720174687987" lon="57.49227953776385"><ele>283.6</ele><time>2026-10-01T13:49:16.000Z</time></trkpt><trkpt lat="-20.17202470213215" lon="57.492278637763846"><ele>283.6</ele><time>2026-10-01T13:49:17.000Z</time></trkpt><trkpt lat="-20.172032102132302" lon="57.49227710443049"><ele>283.6</ele><time>2026-10-01T13:49:18.000Z</time></trkpt><trkpt lat="-20.172040102132435" lon="57.49227510443046"><ele>284.0</ele><time>2026-10-01T13:49:19.000Z</time></trkpt><trkpt lat="-20.172048302132488" lon="57.49227410443045"><ele>284.0</ele><time>2026-10-01T13:49:20.000Z</time></trkpt><trkpt lat="-20.17205630213251" lon="57.49227347109711"><ele>284.0</ele><time>2026-10-01T13:49:21.000Z</time></trkpt><trkpt lat="-20.172064335465855" lon="57.49227390443044"><ele>284.0</ele><time>2026-10-01T13:49:22.000Z</time></trkpt><trkpt lat="-20.172072535465798" lon="57.49227550443045"><ele>284.0</ele><time>2026-10-01T13:49:23.000Z</time></trkpt><trkpt lat="-20.172080235465728" lon="57.49227737109711"><ele>284.7</ele><time>2026-10-01T13:49:24.000Z</time></trkpt><trkpt lat="-20.17208763546578" lon="57.492278637763775"><ele>284.7</ele><time>2026-10-01T13:49:25.000Z</time></trkpt><trkpt lat="-20.172095335465812" lon="57.492279337763776"><ele>284.7</ele><time>2026-10-01T13:49:26.000Z</time></trkpt><trkpt lat="-20.17210330213262" lon="57.49227950443044"><ele>284.7</ele><time>2026-10-01T13:49:27.000Z</time></trkpt><trkpt lat="-20.172110968799444" lon="57.492279071097116"><ele>284.7</ele><time>2026-10-01T13:49:28.000Z</time></trkpt><trkpt lat="-20.17211843546624" lon="57.492278537763795"><ele>285.3</ele><time>2026-10-01T13:49:29.000Z</time></trkpt><trkpt lat="-20.172126002132995" lon="57.492278104430476"><ele>285.3</ele><time>2026-10-01T13:49:30.000Z</time></trkpt><trkpt lat="-20.172133502133114" lon="57.492278171097155"><ele>285.3</ele><time>2026-10-01T13:49:31.000Z</time></trkpt><trkpt lat="-20.17214090213316" lon="57.49227810443049"><ele>285.3</ele><time>2026-10-01T13:49:32.000Z</time></trkpt><trkpt lat="-20.172148802133332" lon="57.49227787109716"><ele>285.3</ele><time>2026-10-01T13:49:33.000Z</time></trkpt><trkpt lat="-20.172157368800118" lon="57.49227763776381"><ele>285.5</ele><time>2026-10-01T13:49:34.000Z</time></trkpt><trkpt lat="-20.17216610213361" lon="57.49227747109713"><ele>285.5</ele><time>2026-10-01T13:49:35.000Z</time></trkpt><trkpt lat="-20.172175035467127" lon="57.49227700443045"><ele>285.5</ele><time>2026-10-01T13:49:36.000Z</time></trkpt><trkpt lat="-20.172183935467327" lon="57.49227637109709"><ele>285.5</ele><time>2026-10-01T13:49:37.000Z</time></trkpt><trkpt lat="-20.172192435467473" lon="57.49227557109707"><ele>285.5</ele><time>2026-10-01T13:49:38.000Z</time></trkpt><trkpt lat="-20.17220060213442" lon="57.492274737763736"><ele>285.9</ele><time>2026-10-01T13:49:39.000Z</time></trkpt><trkpt lat="-20.172209002134714" lon="57.492273704430396"><ele>285.9</ele><time>2026-10-01T13:49:40.000Z</time></trkpt><trkpt lat="-20.17221763546825" lon="57.49227247109707"><ele>285.9</ele><time>2026-10-01T13:49:41.000Z</time></trkpt><trkpt lat="-20.17222673546837" lon="57.49227107109707"><ele>285.9</ele><time>2026-10-01T13:49:42.000Z</time></trkpt><trkpt lat="-20.17223583546849" lon="57.49226993776374"><ele>285.9</ele><time>2026-10-01T13:49:43.000Z</time></trkpt><trkpt lat="-20.172245135468533" lon="57.49226897109706"><ele>286.3</ele><time>2026-10-01T13:49:44.000Z</time></trkpt><trkpt lat="-20.172253668801893" lon="57.49226827109707"><ele>286.3</ele><time>2026-10-01T13:49:45.000Z</time></trkpt><trkpt lat="-20.17226216880204" lon="57.49226697109706"><ele>286.3</ele><time>2026-10-01T13:49:46.000Z</time></trkpt><trkpt lat="-20.17227076880225" lon="57.492265804430396"><ele>286.3</ele><time>2026-10-01T13:49:47.000Z</time></trkpt><trkpt lat="-20.17227940213578" lon="57.49226443776372"><ele>286.3</ele><time>2026-10-01T13:49:48.000Z</time></trkpt><trkpt lat="-20.172287768802644" lon="57.49226280443038"><ele>286.6</ele><time>2026-10-01T13:49:49.000Z</time></trkpt><trkpt lat="-20.172296602136203" lon="57.492260937763696"><ele>286.6</ele><time>2026-10-01T13:49:50.000Z</time></trkpt><trkpt lat="-20.172305135469667" lon="57.49225940443033"><ele>286.6</ele><time>2026-10-01T13:49:51.000Z</time></trkpt><trkpt lat="-20.172312935469773" lon="57.492257571096935"><ele>286.6</ele><time>2026-10-01T13:49:52.000Z</time></trkpt><trkpt lat="-20.172320535469847" lon="57.49225547109687"><ele>286.6</ele><time>2026-10-01T13:49:53.000Z</time></trkpt><trkpt lat="-20.172328435470018" lon="57.492253404430144"><ele>287.0</ele><time>2026-10-01T13:49:54.000Z</time></trkpt><trkpt lat="-20.17233730213679" lon="57.49225140443009"><ele>287.0</ele><time>2026-10-01T13:49:55.000Z</time></trkpt><trkpt lat="-20.172346968803566" lon="57.49224910443003"><ele>287.0</ele><time>2026-10-01T13:49:56.000Z</time></trkpt><trkpt lat="-20.172356435470313" lon="57.49224733776332"><ele>287.0</ele><time>2026-10-01T13:49:57.000Z</time></trkpt><trkpt lat="-20.172366335470436" lon="57.49224513776328"><ele>287.0</ele><time>2026-10-01T13:49:58.000Z</time></trkpt><trkpt lat="-20.172376435470476" lon="57.49224180442993"><ele>287.5</ele><time>2026-10-01T13:49:59.000Z</time></trkpt><trkpt lat="-20.1723863354706" lon="57.492237337763186"><ele>287.5</ele><time>2026-10-01T13:50:00.000Z</time></trkpt><trkpt lat="-20.172395368804082" lon="57.49223370442979"><ele>287.5</ele><time>2026-10-01T13:50:01.000Z</time></trkpt><trkpt lat="-20.17240460213759" lon="57.49222907109637"><ele>287.5</ele><time>2026-10-01T13:50:02.000Z</time></trkpt><trkpt lat="-20.17241370213771" lon="57.49222493776294"><ele>287.5</ele><time>2026-10-01T13:50:03.000Z</time></trkpt><trkpt lat="-20.17242293547111" lon="57.49222127109615"><ele>287.7</ele><time>2026-10-01T13:50:04.000Z</time></trkpt><trkpt lat="-20.172431568804534" lon="57.49221843776278"><ele>287.7</ele><time>2026-10-01T13:50:05.000Z</time></trkpt><trkpt lat="-20.172440235471278" lon="57.49221493776273"><ele>287.7</ele><time>2026-10-01T13:50:06.000Z</time></trkpt><trkpt lat="-20.17244906880473" lon="57.49221230442938"><ele>287.7</ele><time>2026-10-01T13:50:07.000Z</time></trkpt><trkpt lat="-20.17245790213818" lon="57.49220963776272"><ele>287.7</ele><time>2026-10-01T13:50:08.000Z</time></trkpt><trkpt lat="-20.17246600213838" lon="57.492207504429395"><ele>288.3</ele><time>2026-10-01T13:50:09.000Z</time></trkpt><trkpt lat="-20.17247340213843" lon="57.49220563776271"><ele>288.3</ele><time>2026-10-01T13:50:10.000Z</time></trkpt><trkpt lat="-20.17248050213849" lon="57.492204471096045"><ele>288.3</ele><time>2026-10-01T13:50:11.000Z</time></trkpt><trkpt lat="-20.172486368805174" lon="57.492203071096036"><ele>288.3</ele><time>2026-10-01T13:50:12.000Z</time></trkpt><trkpt lat="-20.172492568805275" lon="57.49220163776268"><ele>288.3</ele><time>2026-10-01T13:50:13.000Z</time></trkpt><trkpt lat="-20.1724985021387" lon="57.49219937109594"><ele>288.6</ele><time>2026-10-01T13:50:14.000Z</time></trkpt><trkpt lat="-20.172504768805545" lon="57.49219663776252"><ele>288.6</ele><time>2026-10-01T13:50:15.000Z</time></trkpt><trkpt lat="-20.172511602139156" lon="57.49219353776242"><ele>288.6</ele><time>2026-10-01T13:50:16.000Z</time></trkpt><trkpt lat="-20.17251996880602" lon="57.492190337762324"><ele>288.6</ele><time>2026-10-01T13:50:17.000Z</time></trkpt><trkpt lat="-20.172527868806192" lon="57.49218697109554"><ele>288.6</ele><time>2026-10-01T13:50:18.000Z</time></trkpt><trkpt lat="-20.17253680213971" lon="57.49218450442883"><ele>288.8</ele><time>2026-10-01T13:50:19.000Z</time></trkpt><trkpt lat="-20.172546335473314" lon="57.4921826044288"><ele>288.8</ele><time>2026-10-01T13:50:20.000Z</time></trkpt><trkpt lat="-20.172556302140183" lon="57.49218027109539"><ele>288.8</ele><time>2026-10-01T13:50:21.000Z</time></trkpt><trkpt lat="-20.172566002140492" lon="57.49217810442864"><ele>288.8</ele><time>2026-10-01T13:50:22.000Z</time></trkpt><trkpt lat="-20.172576268807347" lon="57.492175371095286"><ele>288.8</ele><time>2026-10-01T13:50:23.000Z</time></trkpt><trkpt lat="-20.17258656880763" lon="57.49217217109524"><ele>289.1</ele><time>2026-10-01T13:50:24.000Z</time></trkpt><trkpt lat="-20.172596168807765" lon="57.4921683044285"><ele>289.1</ele><time>2026-10-01T13:50:25.000Z</time></trkpt><trkpt lat="-20.17260490214115" lon="57.49216440442848"><ele>289.1</ele><time>2026-10-01T13:50:26.000Z</time></trkpt><trkpt lat="-20.172613502141147" lon="57.492159971095134"><ele>289.1</ele><time>2026-10-01T13:50:27.000Z</time></trkpt><trkpt lat="-20.172621735474518" lon="57.49215627109508"><ele>289.1</ele><time>2026-10-01T13:50:28.000Z</time></trkpt><trkpt lat="-20.172629435474448" lon="57.49215337109505"><ele>289.7</ele><time>2026-10-01T13:50:29.000Z</time></trkpt><trkpt lat="-20.172636968807776" lon="57.492151171095045"><ele>289.7</ele><time>2026-10-01T13:50:30.000Z</time></trkpt><trkpt lat="-20.172644302141187" lon="57.492149437761704"><ele>289.7</ele><time>2026-10-01T13:50:31.000Z</time></trkpt><trkpt lat="-20.172652102141395" lon="57.492148337761705"><ele>289.7</ele><time>2026-10-01T13:50:32.000Z</time></trkpt><trkpt lat="-20.172660202141593" lon="57.49214743776171"><ele>289.7</ele><time>2026-10-01T13:50:33.000Z</time></trkpt><trkpt lat="-20.172668035475123" lon="57.49214570442838"><ele>289.9</ele><time>2026-10-01T13:50:34.000Z</time></trkpt><trkpt lat="-20.172676068808574" lon="57.492143171095016"><ele>289.9</ele><time>2026-10-01T13:50:35.000Z</time></trkpt><trkpt lat="-20.172684902141917" lon="57.49214110442832"><ele>289.9</ele><time>2026-10-01T13:50:36.000Z</time></trkpt><trkpt lat="-20.172693235475144" lon="57.49213877109495"><ele>289.9</ele><time>2026-10-01T13:50:37.000Z</time></trkpt><trkpt lat="-20.172701402141662" lon="57.49213607109493"><ele>289.9</ele><time>2026-10-01T13:50:38.000Z</time></trkpt><trkpt lat="-20.17271003547487" lon="57.49213370442824"><ele>290.4</ele><time>2026-10-01T13:50:39.000Z</time></trkpt><trkpt lat="-20.17271890214143" lon="57.49213177109492"><ele>290.4</ele><time>2026-10-01T13:50:40.000Z</time></trkpt><trkpt lat="-20.172727002141414" lon="57.49212923776158"><ele>290.4</ele><time>2026-10-01T13:50:41.000Z</time></trkpt><trkpt lat="-20.17273490214137" lon="57.492126671094944"><ele>290.4</ele><time>2026-10-01T13:50:42.000Z</time></trkpt><trkpt lat="-20.17274233547474" lon="57.492123937761605"><ele>290.4</ele><time>2026-10-01T13:50:43.000Z</time></trkpt><trkpt lat="-20.17274966880804" lon="57.49212110442825"><ele>290.7</ele><time>2026-10-01T13:50:44.000Z</time></trkpt><trkpt lat="-20.17275710214141" lon="57.49211840442821"><ele>290.7</ele><time>2026-10-01T13:50:45.000Z</time></trkpt><trkpt lat="-20.172765635474768" lon="57.49211573776148"><ele>290.7</ele><time>2026-10-01T13:50:46.000Z</time></trkpt><trkpt lat="-20.17277553547489" lon="57.492112904428076"><ele>290.7</ele><time>2026-10-01T13:50:47.000Z</time></trkpt><trkpt lat="-20.172785968808455" lon="57.49211023776134"><ele>290.7</ele><time>2026-10-01T13:50:48.000Z</time></trkpt><trkpt lat="-20.172796102142033" lon="57.492107237761296"><ele>290.9</ele><time>2026-10-01T13:50:49.000Z</time></trkpt><trkpt lat="-20.17280603547558" lon="57.49210357109462"><ele>290.9</ele><time>2026-10-01T13:50:50.000Z</time></trkpt><trkpt lat="-20.172815102142486" lon="57.492099837761295"><ele>290.9</ele><time>2026-10-01T13:50:51.000Z</time></trkpt><trkpt lat="-20.172822468809322" lon="57.49209640442797"><ele>290.9</ele><time>2026-10-01T13:50:52.000Z</time></trkpt><trkpt lat="-20.172829368809353" lon="57.49209387109464"><ele>290.9</ele><time>2026-10-01T13:50:53.000Z</time></trkpt><trkpt lat="-20.172836368809453" lon="57.492091537761304"><ele>291.2</ele><time>2026-10-01T13:50:54.000Z</time></trkpt><trkpt lat="-20.172842802142902" lon="57.49208993776127"><ele>291.2</ele><time>2026-10-01T13:50:55.000Z</time></trkpt><trkpt lat="-20.172849168809602" lon="57.49208863776126"><ele>291.2</ele><time>2026-10-01T13:50:56.000Z</time></trkpt><trkpt lat="-20.172856602142975" lon="57.49208823776123"><ele>291.2</ele><time>2026-10-01T13:50:57.000Z</time></trkpt><trkpt lat="-20.17286436880976" lon="57.49208750442788"><ele>291.2</ele><time>2026-10-01T13:50:58.000Z</time></trkpt><trkpt lat="-20.172871902143193" lon="57.4920868377612"><ele>291.6</ele><time>2026-10-01T13:50:59.000Z</time></trkpt><trkpt lat="-20.172880735476646" lon="57.49208630442784"><ele>291.6</ele><time>2026-10-01T13:51:00.000Z</time></trkpt><trkpt lat="-20.172889868810195" lon="57.49208613776117"><ele>291.6</ele><time>2026-10-01T13:51:01.000Z</time></trkpt><trkpt lat="-20.17289810214378" lon="57.49208447109447"><ele>291.6</ele><time>2026-10-01T13:51:02.000Z</time></trkpt><trkpt lat="-20.172906202143977" lon="57.49208217109445"><ele>291.6</ele><time>2026-10-01T13:51:03.000Z</time></trkpt><trkpt lat="-20.17291520214414" lon="57.49208060442777"><ele>291.8</ele><time>2026-10-01T13:51:04.000Z</time></trkpt><trkpt lat="-20.172923868810884" lon="57.492079204427775"><ele>291.8</ele><time>2026-10-01T13:51:05.000Z</time></trkpt><trkpt lat="-20.17293286881094" lon="57.492078471094466"><ele>291.8</ele><time>2026-10-01T13:51:06.000Z</time></trkpt><trkpt lat="-20.17294200214427" lon="57.492078604427846"><ele>291.8</ele><time>2026-10-01T13:51:07.000Z</time></trkpt><trkpt lat="-20.17295130214431" lon="57.49207947109454"><ele>291.8</ele><time>2026-10-01T13:51:08.000Z</time></trkpt><trkpt lat="-20.172960068811015" lon="57.49208037109456"><ele>292.2</ele><time>2026-10-01T13:51:09.000Z</time></trkpt><trkpt lat="-20.172968235477743" lon="57.49208123776125"><ele>292.2</ele><time>2026-10-01T13:51:10.000Z</time></trkpt><trkpt lat="-20.172975868811136" lon="57.49208153776125"><ele>292.2</ele><time>2026-10-01T13:51:11.000Z</time></trkpt><trkpt lat="-20.1729837688112" lon="57.49208190442791"><ele>292.2</ele><time>2026-10-01T13:51:12.000Z</time></trkpt><trkpt lat="-20.172991668811264" lon="57.49208190442791"><ele>292.2</ele><time>2026-10-01T13:51:13.000Z</time></trkpt><trkpt lat="-20.17299933547798" lon="57.492081337761235"><ele>292.6</ele><time>2026-10-01T13:51:14.000Z</time></trkpt><trkpt lat="-20.173006568811427" lon="57.49208013776123"><ele>292.6</ele><time>2026-10-01T13:51:15.000Z</time></trkpt><trkpt lat="-20.17301283547817" lon="57.492079504427906"><ele>292.6</ele><time>2026-10-01T13:51:16.000Z</time></trkpt><trkpt lat="-20.173019168811653" lon="57.49207870442791"><ele>292.6</ele><time>2026-10-01T13:51:17.000Z</time></trkpt><trkpt lat="-20.173024902145055" lon="57.49207813776125"><ele>292.6</ele><time>2026-10-01T13:51:18.000Z</time></trkpt><trkpt lat="-20.173031102145153" lon="57.49207737109456"><ele>292.8</ele><time>2026-10-01T13:51:19.000Z</time></trkpt><trkpt lat="-20.17303793547855" lon="57.49207690442787"><ele>292.8</ele><time>2026-10-01T13:51:20.000Z</time></trkpt><trkpt lat="-20.17304603547864" lon="57.49207577109449"><ele>292.8</ele><time>2026-10-01T13:51:21.000Z</time></trkpt><trkpt lat="-20.17305440214529" lon="57.492074904427795"><ele>292.8</ele><time>2026-10-01T13:51:22.000Z</time></trkpt><trkpt lat="-20.17306363547858" lon="57.492074771094465"><ele>292.8</ele><time>2026-10-01T13:51:23.000Z</time></trkpt><trkpt lat="-20.173072768811913" lon="57.49207643776121"><ele>293.1</ele><time>2026-10-01T13:51:24.000Z</time></trkpt><trkpt lat="-20.173082635478607" lon="57.49207883776131"><ele>293.1</ele><time>2026-10-01T13:51:25.000Z</time></trkpt><trkpt lat="-20.173093035478637" lon="57.4920809377614"><ele>293.1</ele><time>2026-10-01T13:51:26.000Z</time></trkpt><trkpt lat="-20.173104035478644" lon="57.49208260442815"><ele>293.1</ele><time>2026-10-01T13:51:27.000Z</time></trkpt><trkpt lat="-20.173115002145437" lon="57.492083504428194"><ele>293.1</ele><time>2026-10-01T13:51:28.000Z</time></trkpt><trkpt lat="-20.17312580214552" lon="57.49208267109482"><ele>293.4</ele><time>2026-10-01T13:51:29.000Z</time></trkpt><trkpt lat="-20.173135968812204" lon="57.4920820710948"><ele>293.4</ele><time>2026-10-01T13:51:30.000Z</time></trkpt><trkpt lat="-20.17314573547883" lon="57.49208217109481"><ele>293.4</ele><time>2026-10-01T13:51:31.000Z</time></trkpt><trkpt lat="-20.173153802145542" lon="57.492083404428136"><ele>293.4</ele><time>2026-10-01T13:51:32.000Z</time></trkpt><trkpt lat="-20.17316176881219" lon="57.49208460442814"><ele>293.4</ele><time>2026-10-01T13:51:33.000Z</time></trkpt><trkpt lat="-20.173169702145522" lon="57.49208653776152"><ele>293.7</ele><time>2026-10-01T13:51:34.000Z</time></trkpt><trkpt lat="-20.173177402145505" lon="57.492087971094875"><ele>293.7</ele><time>2026-10-01T13:51:35.000Z</time></trkpt><trkpt lat="-20.173184235478846" lon="57.49208837109488"><ele>293.7</ele><time>2026-10-01T13:51:36.000Z</time></trkpt><trkpt lat="-20.173191868812133" lon="57.49208837109491"><ele>293.7</ele><time>2026-10-01T13:51:37.000Z</time></trkpt><trkpt lat="-20.17319980214541" lon="57.4920886377616"><ele>293.7</ele><time>2026-10-01T13:51:38.000Z</time></trkpt><trkpt lat="-20.173206768811976" lon="57.492088137761606"><ele>294.4</ele><time>2026-10-01T13:51:39.000Z</time></trkpt><trkpt lat="-20.17321393547857" lon="57.49208763776163"><ele>294.4</ele><time>2026-10-01T13:51:40.000Z</time></trkpt><trkpt lat="-20.173222135478515" lon="57.49208790442832"><ele>294.4</ele><time>2026-10-01T13:51:41.000Z</time></trkpt><trkpt lat="-20.17322993547851" lon="57.49208863776166"><ele>294.4</ele><time>2026-10-01T13:51:42.000Z</time></trkpt><trkpt lat="-20.173236868811863" lon="57.49208910442834"><ele>294.4</ele><time>2026-10-01T13:51:43.000Z</time></trkpt><trkpt lat="-20.173244702145286" lon="57.49209023776168"><ele>295.3</ele><time>2026-10-01T13:51:44.000Z</time></trkpt><trkpt lat="-20.17325176881208" lon="57.49209130442836"><ele>295.3</ele><time>2026-10-01T13:51:45.000Z</time></trkpt><trkpt lat="-20.173258635478952" lon="57.49209343776172"><ele>295.3</ele><time>2026-10-01T13:51:46.000Z</time></trkpt><trkpt lat="-20.17326633547926" lon="57.492095004428435"><ele>295.3</ele><time>2026-10-01T13:51:47.000Z</time></trkpt><trkpt lat="-20.173275202146193" lon="57.492096771095156"><ele>295.3</ele><time>2026-10-01T13:51:48.000Z</time></trkpt><trkpt lat="-20.17328336881308" lon="57.492098437761875"><ele>295.7</ele><time>2026-10-01T13:51:49.000Z</time></trkpt><trkpt lat="-20.173292235479963" lon="57.492099537761916"><ele>295.7</ele><time>2026-10-01T13:51:50.000Z</time></trkpt><trkpt lat="-20.173300435480122" lon="57.49210037109526"><ele>295.7</ele><time>2026-10-01T13:51:51.000Z</time></trkpt><trkpt lat="-20.173308168813474" lon="57.49210137109526"><ele>295.7</ele><time>2026-10-01T13:51:52.000Z</time></trkpt><trkpt lat="-20.17331436881357" lon="57.49210207109526"><ele>295.7</ele><time>2026-10-01T13:51:53.000Z</time></trkpt><trkpt lat="-20.173322168813673" lon="57.49210260442859"><ele>296.5</ele><time>2026-10-01T13:51:54.000Z</time></trkpt><trkpt lat="-20.173330568813856" lon="57.49210397109526"><ele>296.5</ele><time>2026-10-01T13:51:55.000Z</time></trkpt><trkpt lat="-20.173339402147413" lon="57.49210510442865"><ele>296.5</ele><time>2026-10-01T13:51:56.000Z</time></trkpt><trkpt lat="-20.173347768814278" lon="57.49210537109535"><ele>296.5</ele><time>2026-10-01T13:51:57.000Z</time></trkpt><trkpt lat="-20.17335660214773" lon="57.49210637109538"><ele>296.5</ele><time>2026-10-01T13:51:58.000Z</time></trkpt><trkpt lat="-20.173364835481213" lon="57.49210883776209"><ele>297.2</ele><time>2026-10-01T13:51:59.000Z</time></trkpt><trkpt lat="-20.17337283548134" lon="57.492110771095454"><ele>297.2</ele><time>2026-10-01T13:52:00.000Z</time></trkpt><trkpt lat="-20.1733812021481" lon="57.49210943776218"><ele>297.2</ele><time>2026-10-01T13:52:01.000Z</time></trkpt><trkpt lat="-20.173389368814938" lon="57.49210840442892"><ele>297.2</ele><time>2026-10-01T13:52:02.000Z</time></trkpt><trkpt lat="-20.173397068815184" lon="57.492104904428935"><ele>297.2</ele><time>2026-10-01T13:52:03.000Z</time></trkpt><trkpt lat="-20.173403435482072" lon="57.49209880442898"><ele>297.4</ele><time>2026-10-01T13:52:04.000Z</time></trkpt><trkpt lat="-20.173409468815542" lon="57.49209200442899"><ele>297.4</ele><time>2026-10-01T13:52:05.000Z</time></trkpt><trkpt lat="-20.173415102148958" lon="57.49208783776227"><ele>297.4</ele><time>2026-10-01T13:52:06.000Z</time></trkpt><trkpt lat="-20.173421335482352" lon="57.492084171095556"><ele>297.4</ele><time>2026-10-01T13:52:07.000Z</time></trkpt><trkpt lat="-20.173428035482438" lon="57.49208320442891"><ele>297.4</ele><time>2026-10-01T13:52:08.000Z</time></trkpt><trkpt lat="-20.17343626881581" lon="57.49208367109558"><ele>297.9</ele><time>2026-10-01T13:52:09.000Z</time></trkpt><trkpt lat="-20.173444868815807" lon="57.49208457109559"><ele>297.9</ele><time>2026-10-01T13:52:10.000Z</time></trkpt><trkpt lat="-20.17345353548255" lon="57.492085471095606"><ele>297.9</ele><time>2026-10-01T13:52:11.000Z</time></trkpt><trkpt lat="-20.17346203548259" lon="57.49208640442896"><ele>297.9</ele><time>2026-10-01T13:52:12.000Z</time></trkpt><trkpt lat="-20.173470668815906" lon="57.492086904428945"><ele>297.9</ele><time>2026-10-01T13:52:13.000Z</time></trkpt><trkpt lat="-20.173478835482637" lon="57.49208757109561"><ele>298.2</ele><time>2026-10-01T13:52:14.000Z</time></trkpt><trkpt lat="-20.1734865688161" lon="57.49208867109561"><ele>298.2</ele><time>2026-10-01T13:52:15.000Z</time></trkpt><trkpt lat="-20.17349430214956" lon="57.492089237762265"><ele>298.2</ele><time>2026-10-01T13:52:16.000Z</time></trkpt><trkpt lat="-20.173502402149758" lon="57.49209000442893"><ele>298.2</ele><time>2026-10-01T13:52:17.000Z</time></trkpt><trkpt lat="-20.173510502149956" lon="57.492090704428946"><ele>298.2</ele><time>2026-10-01T13:52:18.000Z</time></trkpt><trkpt lat="-20.17351863548347" lon="57.49209160442895"><ele>298.4</ele><time>2026-10-01T13:52:19.000Z</time></trkpt><trkpt lat="-20.17352683548363" lon="57.49209353776231"><ele>298.4</ele><time>2026-10-01T13:52:20.000Z</time></trkpt><trkpt lat="-20.173535168817175" lon="57.492096371095705"><ele>298.4</ele><time>2026-10-01T13:52:21.000Z</time></trkpt><trkpt lat="-20.173543235484054" lon="57.492099171095745"><ele>298.4</ele><time>2026-10-01T13:52:22.000Z</time></trkpt><trkpt lat="-20.173550968817626" lon="57.492101637762445"><ele>298.4</ele><time>2026-10-01T13:52:23.000Z</time></trkpt><trkpt lat="-20.173559002151183" lon="57.49210390442916"><ele>298.9</ele><time>2026-10-01T13:52:24.000Z</time></trkpt><trkpt lat="-20.17356706881806" lon="57.49210603776254"><ele>298.9</ele><time>2026-10-01T13:52:25.000Z</time></trkpt><trkpt lat="-20.173574668818137" lon="57.49210780442926"><ele>298.9</ele><time>2026-10-01T13:52:26.000Z</time></trkpt><trkpt lat="-20.173582102151506" lon="57.49210887109596"><ele>298.9</ele><time>2026-10-01T13:52:27.000Z</time></trkpt><trkpt lat="-20.173589702151478" lon="57.492110537762656"><ele>298.9</ele><time>2026-10-01T13:52:28.000Z</time></trkpt><trkpt lat="-20.173596602151406" lon="57.49211230442934"><ele>299.5</ele><time>2026-10-01T13:52:29.000Z</time></trkpt><trkpt lat="-20.173603468818015" lon="57.492113737762644"><ele>299.5</ele><time>2026-10-01T13:52:30.000Z</time></trkpt><trkpt lat="-20.173611135484624" lon="57.492116104429286"><ele>299.5</ele><time>2026-10-01T13:52:31.000Z</time></trkpt><trkpt lat="-20.17361913548454" lon="57.49211907109593"><ele>299.5</ele><time>2026-10-01T13:52:32.000Z</time></trkpt><trkpt lat="-20.173627135484455" lon="57.492122137762614"><ele>299.5</ele><time>2026-10-01T13:52:33.000Z</time></trkpt><trkpt lat="-20.173635568817748" lon="57.49212537109595"><ele>299.8</ele><time>2026-10-01T13:52:34.000Z</time></trkpt><trkpt lat="-20.173644368817662" lon="57.492128437762666"><ele>299.8</ele><time>2026-10-01T13:52:35.000Z</time></trkpt><trkpt lat="-20.173652202150976" lon="57.49213017109603"><ele>299.8</ele><time>2026-10-01T13:52:36.000Z</time></trkpt><trkpt lat="-20.173659568817705" lon="57.49213120442937"><ele>299.8</ele><time>2026-10-01T13:52:37.000Z</time></trkpt><trkpt lat="-20.173667268817844" lon="57.492131804429356"><ele>299.8</ele><time>2026-10-01T13:52:38.000Z</time></trkpt><trkpt lat="-20.173673768817984" lon="57.49213123776268"><ele>300.4</ele><time>2026-10-01T13:52:39.000Z</time></trkpt><trkpt lat="-20.17367950215155" lon="57.49212907109594"><ele>300.4</ele><time>2026-10-01T13:52:40.000Z</time></trkpt><trkpt lat="-20.173684668818403" lon="57.49212713776255"><ele>300.4</ele><time>2026-10-01T13:52:41.000Z</time></trkpt><trkpt lat="-20.173687568818533" lon="57.49212480442916"><ele>300.4</ele><time>2026-10-01T13:52:42.000Z</time></trkpt><trkpt lat="-20.17368823548526" lon="57.4921218377624"><ele>300.4</ele><time>2026-10-01T13:52:43.000Z</time></trkpt><trkpt lat="-20.17368836881863" lon="57.49211740442898"><ele>301.1</ele><time>2026-10-01T13:52:44.000Z</time></trkpt><trkpt lat="-20.173687935485297" lon="57.492112904428964"><ele>301.1</ele><time>2026-10-01T13:52:45.000Z</time></trkpt><trkpt lat="-20.173687235485296" lon="57.49210807109559"><ele>301.1</ele><time>2026-10-01T13:52:46.000Z</time></trkpt><trkpt lat="-20.173687702151962" lon="57.492103171095565"><ele>301.1</ele><time>2026-10-01T13:52:47.000Z</time></trkpt><trkpt lat="-20.173688835485315" lon="57.492097971095575"><ele>301.1</ele><time>2026-10-01T13:52:48.000Z</time></trkpt><trkpt lat="-20.173690435485344" lon="57.49209333776224"><ele>301.4</ele><time>2026-10-01T13:52:49.000Z</time></trkpt><trkpt lat="-20.173691802152028" lon="57.49208817109559"><ele>301.4</ele><time>2026-10-01T13:52:50.000Z</time></trkpt><trkpt lat="-20.173692702152042" lon="57.49208253776226"><ele>301.4</ele><time>2026-10-01T13:52:51.000Z</time></trkpt><trkpt lat="-20.173693802152073" lon="57.49207543776218"><ele>301.4</ele><time>2026-10-01T13:52:52.000Z</time></trkpt><trkpt lat="-20.173694968818786" lon="57.49206730442868"><ele>301.4</ele><time>2026-10-01T13:52:53.000Z</time></trkpt><trkpt lat="-20.17369536881879" lon="57.492059404428446"><ele>302.0</ele><time>2026-10-01T13:52:54.000Z</time></trkpt><trkpt lat="-20.173695135485442" lon="57.492051737761514"><ele>302.0</ele><time>2026-10-01T13:52:55.000Z</time></trkpt><trkpt lat="-20.173695068818766" lon="57.49204260442782"><ele>302.0</ele><time>2026-10-01T13:52:56.000Z</time></trkpt><trkpt lat="-20.173694702152073" lon="57.49203367109408"><ele>302.0</ele><time>2026-10-01T13:52:57.000Z</time></trkpt><trkpt lat="-20.17369403548536" lon="57.49202483776035"><ele>302.0</ele><time>2026-10-01T13:52:58.000Z</time></trkpt><trkpt lat="-20.173693602152003" lon="57.49201563775997"><ele>302.1</ele><time>2026-10-01T13:52:59.000Z</time></trkpt><trkpt lat="-20.173693568818656" lon="57.49200607109284"><ele>302.1</ele><time>2026-10-01T13:53:00.000Z</time></trkpt><trkpt lat="-20.173693635485314" lon="57.49199707109244"><ele>302.1</ele><time>2026-10-01T13:53:01.000Z</time></trkpt><trkpt lat="-20.173693568818635" lon="57.49198883775887"><ele>302.1</ele><time>2026-10-01T13:53:02.000Z</time></trkpt><trkpt lat="-20.1736939354853" lon="57.49198137109204"><ele>302.1</ele><time>2026-10-01T13:53:03.000Z</time></trkpt><trkpt lat="-20.173695335485316" lon="57.49197463775859"><ele>302.1</ele><time>2026-10-01T13:53:04.000Z</time></trkpt><trkpt lat="-20.173696968818668" lon="57.49196843775856"><ele>302.1</ele><time>2026-10-01T13:53:05.000Z</time></trkpt><trkpt lat="-20.17369853548535" lon="57.491962637758604"><ele>302.1</ele><time>2026-10-01T13:53:06.000Z</time></trkpt><trkpt lat="-20.17370033548537" lon="57.49195740442529"><ele>302.1</ele><time>2026-10-01T13:53:07.000Z</time></trkpt><trkpt lat="-20.173701735485373" lon="57.49195243775864"><ele>302.1</ele><time>2026-10-01T13:53:08.000Z</time></trkpt><trkpt lat="-20.17370206881871" lon="57.49194843775865"><ele>302.0</ele><time>2026-10-01T13:53:09.000Z</time></trkpt><trkpt lat="-20.17370150215203" lon="57.491945871092014"><ele>302.0</ele><time>2026-10-01T13:53:10.000Z</time></trkpt><trkpt lat="-20.17370036881867" lon="57.49194457109202"><ele>302.0</ele><time>2026-10-01T13:53:11.000Z</time></trkpt><trkpt lat="-20.17369860215197" lon="57.49194407109202"><ele>302.0</ele><time>2026-10-01T13:53:12.000Z</time></trkpt><trkpt lat="-20.173696868818602" lon="57.49194420442535"><ele>302.0</ele><time>2026-10-01T13:53:13.000Z</time></trkpt><trkpt lat="-20.173695402151907" lon="57.49194427109202"><ele>301.8</ele><time>2026-10-01T13:53:14.000Z</time></trkpt><trkpt lat="-20.17369460215189" lon="57.49194400442535"><ele>301.8</ele><time>2026-10-01T13:53:15.000Z</time></trkpt><trkpt lat="-20.17369373548521" lon="57.49194463775869"><ele>301.8</ele><time>2026-10-01T13:53:16.000Z</time></trkpt><trkpt lat="-20.17369346881853" lon="57.49194610442538"><ele>301.8</ele><time>2026-10-01T13:53:17.000Z</time></trkpt><trkpt lat="-20.17369360215185" lon="57.491948904425385"><ele>301.8</ele><time>2026-10-01T13:53:18.000Z</time></trkpt><trkpt lat="-20.173694368818516" lon="57.491953004425355"><ele>301.8</ele><time>2026-10-01T13:53:19.000Z</time></trkpt><trkpt lat="-20.173695635485185" lon="57.49195943775874"><ele>301.8</ele><time>2026-10-01T13:53:20.000Z</time></trkpt><trkpt lat="-20.173697568818532" lon="57.49196607109218"><ele>301.8</ele><time>2026-10-01T13:53:21.000Z</time></trkpt><trkpt lat="-20.173698968818524" lon="57.49197357109229"><ele>301.8</ele><time>2026-10-01T13:53:22.000Z</time></trkpt><trkpt lat="-20.173699302151846" lon="57.49198127109241"><ele>301.8</ele><time>2026-10-01T13:53:23.000Z</time></trkpt><trkpt lat="-20.17369856881847" lon="57.491989304425985"><ele>301.8</ele><time>2026-10-01T13:53:24.000Z</time></trkpt><trkpt lat="-20.173696902151754" lon="57.49199680442614"><ele>301.8</ele><time>2026-10-01T13:53:25.000Z</time></trkpt><trkpt lat="-20.173694202151683" lon="57.492004804426244"><ele>301.8</ele><time>2026-10-01T13:53:26.000Z</time></trkpt><trkpt lat="-20.173691635484964" lon="57.49201200442637"><ele>301.8</ele><time>2026-10-01T13:53:27.000Z</time></trkpt><trkpt lat="-20.1736889021516" lon="57.49201857109317"><ele>301.8</ele><time>2026-10-01T13:53:28.000Z</time></trkpt><trkpt lat="-20.17368600215155" lon="57.49202460442659"><ele>301.9</ele><time>2026-10-01T13:53:29.000Z</time></trkpt><trkpt lat="-20.173682835484833" lon="57.492030571093395"><ele>301.9</ele><time>2026-10-01T13:53:30.000Z</time></trkpt><trkpt lat="-20.173679202151476" lon="57.49203573776018"><ele>301.9</ele><time>2026-10-01T13:53:31.000Z</time></trkpt><trkpt lat="-20.173675868818115" lon="57.492040437760274"><ele>301.9</ele><time>2026-10-01T13:53:32.000Z</time></trkpt><trkpt lat="-20.17367306881807" lon="57.49204520442699"><ele>301.9</ele><time>2026-10-01T13:53:33.000Z</time></trkpt><trkpt lat="-20.17367040215135" lon="57.492050037760315"><ele>301.9</ele><time>2026-10-01T13:53:34.000Z</time></trkpt><trkpt lat="-20.173667602151305" lon="57.49205470442696"><ele>301.9</ele><time>2026-10-01T13:53:35.000Z</time></trkpt><trkpt lat="-20.173665702151247" lon="57.492059504426926"><ele>301.9</ele><time>2026-10-01T13:53:36.000Z</time></trkpt><trkpt lat="-20.173662768817856" lon="57.492064771093496"><ele>301.9</ele><time>2026-10-01T13:53:37.000Z</time></trkpt><trkpt lat="-20.173659968817805" lon="57.492069871093484"><ele>301.9</ele><time>2026-10-01T13:53:38.000Z</time></trkpt><trkpt lat="-20.17365670215106" lon="57.49207507109355"><ele>302.2</ele><time>2026-10-01T13:53:39.000Z</time></trkpt><trkpt lat="-20.173653402150997" lon="57.49207963776026"><ele>302.2</ele><time>2026-10-01T13:53:40.000Z</time></trkpt><trkpt lat="-20.173650535484278" lon="57.492083671093646"><ele>302.2</ele><time>2026-10-01T13:53:41.000Z</time></trkpt><trkpt lat="-20.173647502150857" lon="57.49208730442708"><ele>302.2</ele><time>2026-10-01T13:53:42.000Z</time></trkpt><trkpt lat="-20.173644135484086" lon="57.49209123776045"><ele>302.2</ele><time>2026-10-01T13:53:43.000Z</time></trkpt><trkpt lat="-20.17364183548404" lon="57.49209443776044"><ele>302.4</ele><time>2026-10-01T13:53:44.000Z</time></trkpt><trkpt lat="-20.173640002150634" lon="57.4920981377605"><ele>302.4</ele><time>2026-10-01T13:53:45.000Z</time></trkpt><trkpt lat="-20.173638102150562" lon="57.49210207109392"><ele>302.4</ele><time>2026-10-01T13:53:46.000Z</time></trkpt><trkpt lat="-20.1736372688172" lon="57.492106004427356"><ele>302.4</ele><time>2026-10-01T13:53:47.000Z</time></trkpt><trkpt lat="-20.17363700215052" lon="57.49211000442746"><ele>302.4</ele><time>2026-10-01T13:53:48.000Z</time></trkpt><trkpt lat="-20.17363666881717" lon="57.49211403776091"><ele>302.4</ele><time>2026-10-01T13:53:49.000Z</time></trkpt><trkpt lat="-20.17363656881717" lon="57.492117871094294"><ele>302.4</ele><time>2026-10-01T13:53:50.000Z</time></trkpt><trkpt lat="-20.173636702150503" lon="57.49212167109433"><ele>302.4</ele><time>2026-10-01T13:53:51.000Z</time></trkpt><trkpt lat="-20.17363666881717" lon="57.49212533776101"><ele>302.4</ele><time>2026-10-01T13:53:52.000Z</time></trkpt><trkpt lat="-20.173636502150504" lon="57.49212803776108"><ele>302.4</ele><time>2026-10-01T13:53:53.000Z</time></trkpt><trkpt lat="-20.173636302150506" lon="57.492130371094426"><ele>302.4</ele><time>2026-10-01T13:53:54.000Z</time></trkpt><trkpt lat="-20.173636168817172" lon="57.492131871094465"><ele>302.4</ele><time>2026-10-01T13:53:55.000Z</time></trkpt><trkpt lat="-20.1736364688172" lon="57.49213243776116"><ele>302.4</ele><time>2026-10-01T13:53:56.000Z</time></trkpt><trkpt lat="-20.173637102150558" lon="57.492132471094486"><ele>302.4</ele><time>2026-10-01T13:53:57.000Z</time></trkpt><trkpt lat="-20.173637802150587" lon="57.49213230442781"><ele>302.4</ele><time>2026-10-01T13:53:58.000Z</time></trkpt><trkpt lat="-20.173638202150613" lon="57.49213213776113"><ele>302.6</ele><time>2026-10-01T13:53:59.000Z</time></trkpt><trkpt lat="-20.173639702150602" lon="57.49213103776115"><ele>302.6</ele><time>2026-10-01T13:54:00.000Z</time></trkpt><trkpt lat="-20.173640835483916" lon="57.49213020442782"><ele>302.6</ele><time>2026-10-01T13:54:01.000Z</time></trkpt><trkpt lat="-20.173641968817225" lon="57.49212937109451"><ele>302.6</ele><time>2026-10-01T13:54:02.000Z</time></trkpt><trkpt lat="-20.173643102150535" lon="57.49212853776119"><ele>302.6</ele><time>2026-10-01T13:54:03.000Z</time></trkpt><trkpt lat="-20.173645068817166" lon="57.49212767109454"><ele>302.6</ele><time>2026-10-01T13:54:04.000Z</time></trkpt><trkpt lat="-20.173645868817168" lon="57.49212767109454"><ele>302.6</ele><time>2026-10-01T13:54:05.000Z</time></trkpt><trkpt lat="-20.173646335483824" lon="57.49212733776119"><ele>302.6</ele><time>2026-10-01T13:54:06.000Z</time></trkpt><trkpt lat="-20.173646968817145" lon="57.4921265044278"><ele>302.6</ele><time>2026-10-01T13:54:07.000Z</time></trkpt><trkpt lat="-20.173647602150467" lon="57.49212567109441"><ele>302.6</ele><time>2026-10-01T13:54:08.000Z</time></trkpt><trkpt lat="-20.173647668817132" lon="57.492124671094345"><ele>302.3</ele><time>2026-10-01T13:54:09.000Z</time></trkpt><trkpt lat="-20.173647735483797" lon="57.492123671094284"><ele>302.3</ele><time>2026-10-01T13:54:10.000Z</time></trkpt><trkpt lat="-20.173647902150467" lon="57.49212317109425"><ele>302.3</ele><time>2026-10-01T13:54:11.000Z</time></trkpt><trkpt lat="-20.173647902150464" lon="57.49212317109425"><ele>302.3</ele><time>2026-10-01T13:54:12.000Z</time></trkpt><trkpt lat="-20.17364816881713" lon="57.49212347109424"><ele>302.3</ele><time>2026-10-01T13:54:13.000Z</time></trkpt><trkpt lat="-20.1736488354838" lon="57.49212397109422"><ele>302.0</ele><time>2026-10-01T13:54:14.000Z</time></trkpt><trkpt lat="-20.173649102150467" lon="57.49212473776089"><ele>302.0</ele><time>2026-10-01T13:54:15.000Z</time></trkpt><trkpt lat="-20.173649468817132" lon="57.49212727109422"><ele>302.0</ele><time>2026-10-01T13:54:16.000Z</time></trkpt><trkpt lat="-20.173650002150463" lon="57.49213087109422"><ele>302.0</ele><time>2026-10-01T13:54:17.000Z</time></trkpt><trkpt lat="-20.173650135483797" lon="57.492134371094245"><ele>302.0</ele><time>2026-10-01T13:54:18.000Z</time></trkpt><trkpt lat="-20.173649502150447" lon="57.492138437760914"><ele>302.0</ele><time>2026-10-01T13:54:19.000Z</time></trkpt><trkpt lat="-20.173649035483756" lon="57.49214280442759"><ele>302.0</ele><time>2026-10-01T13:54:20.000Z</time></trkpt><trkpt lat="-20.173648502150392" lon="57.492145604427606"><ele>302.0</ele><time>2026-10-01T13:54:21.000Z</time></trkpt><trkpt lat="-20.173647802150366" lon="57.49214733776095"><ele>302.0</ele><time>2026-10-01T13:54:22.000Z</time></trkpt><trkpt lat="-20.173646802150323" lon="57.49214883776094"><ele>302.0</ele><time>2026-10-01T13:54:23.000Z</time></trkpt><trkpt lat="-20.173646168816962" lon="57.492149571094295"><ele>302.2</ele><time>2026-10-01T13:54:24.000Z</time></trkpt><trkpt lat="-20.17364590215028" lon="57.4921508044276"><ele>302.2</ele><time>2026-10-01T13:54:25.000Z</time></trkpt><trkpt lat="-20.173645602150266" lon="57.492151837760915"><ele>302.2</ele><time>2026-10-01T13:54:26.000Z</time></trkpt><trkpt lat="-20.17364530215025" lon="57.49215287109422"><ele>302.2</ele><time>2026-10-01T13:54:27.000Z</time></trkpt><trkpt lat="-20.17364610215025" lon="57.49215490442756"><ele>302.2</ele><time>2026-10-01T13:54:28.000Z</time></trkpt><trkpt lat="-20.173646268816906" lon="57.49215870442756"><ele>302.4</ele><time>2026-10-01T13:54:29.000Z</time></trkpt><trkpt lat="-20.173647402150216" lon="57.492161937760955"><ele>302.4</ele><time>2026-10-01T13:54:30.000Z</time></trkpt><trkpt lat="-20.173649202150195" lon="57.492165037761005"><ele>302.4</ele><time>2026-10-01T13:54:31.000Z</time></trkpt><trkpt lat="-20.173651702150163" lon="57.49216847109439"><ele>302.4</ele><time>2026-10-01T13:54:32.000Z</time></trkpt><trkpt lat="-20.173653302150115" lon="57.49217090442774"><ele>302.4</ele><time>2026-10-01T13:54:33.000Z</time></trkpt><trkpt lat="-20.1736552354834" lon="57.4921716377611"><ele>302.4</ele><time>2026-10-01T13:54:34.000Z</time></trkpt><trkpt lat="-20.173655335483332" lon="57.49217133776108"><ele>302.4</ele><time>2026-10-01T13:54:35.000Z</time></trkpt><trkpt lat="-20.173655002149946" lon="57.492171437761066"><ele>302.4</ele><time>2026-10-01T13:54:36.000Z</time></trkpt><trkpt lat="-20.17365396881657" lon="57.49217120442772"><ele>302.4</ele><time>2026-10-01T13:54:37.000Z</time></trkpt><trkpt lat="-20.173653168816543" lon="57.49217100442771"><ele>302.4</ele><time>2026-10-01T13:54:38.000Z</time></trkpt><trkpt lat="-20.173653102149878" lon="57.49217067109437"><ele>302.5</ele><time>2026-10-01T13:54:39.000Z</time></trkpt><trkpt lat="-20.1736539021499" lon="57.49217043776103"><ele>302.5</ele><time>2026-10-01T13:54:40.000Z</time></trkpt><trkpt lat="-20.17365450214992" lon="57.49216980442769"><ele>302.5</ele><time>2026-10-01T13:54:41.000Z</time></trkpt><trkpt lat="-20.17365480214992" lon="57.492169671094345"><ele>302.5</ele><time>2026-10-01T13:54:42.000Z</time></trkpt><trkpt lat="-20.173655335483268" lon="57.492170137761015"><ele>302.5</ele><time>2026-10-01T13:54:43.000Z</time></trkpt><trkpt lat="-20.173655735483287" lon="57.49217127109434"><ele>302.6</ele><time>2026-10-01T13:54:44.000Z</time></trkpt><trkpt lat="-20.17365586881663" lon="57.492173371094395"><ele>302.6</ele><time>2026-10-01T13:54:45.000Z</time></trkpt><trkpt lat="-20.173655968816647" lon="57.49217560442778"><ele>302.6</ele><time>2026-10-01T13:54:46.000Z</time></trkpt><trkpt lat="-20.173655768816644" lon="57.492177537761165"><ele>302.6</ele><time>2026-10-01T13:54:47.000Z</time></trkpt><trkpt lat="-20.173655335483296" lon="57.49217887109454"><ele>302.6</ele><time>2026-10-01T13:54:48.000Z</time></trkpt><trkpt lat="-20.17365460214993" lon="57.4921796044279"><ele>302.6</ele><time>2026-10-01T13:54:49.000Z</time></trkpt><trkpt lat="-20.173654002149902" lon="57.492179804427906"><ele>302.6</ele><time>2026-10-01T13:54:50.000Z</time></trkpt><trkpt lat="-20.17365363548322" lon="57.49218023776124"><ele>302.6</ele><time>2026-10-01T13:54:51.000Z</time></trkpt><trkpt lat="-20.173653868816565" lon="57.49218047109457"><ele>302.6</ele><time>2026-10-01T13:54:52.000Z</time></trkpt><trkpt lat="-20.173654102149914" lon="57.4921807044279"><ele>302.6</ele><time>2026-10-01T13:54:53.000Z</time></trkpt><trkpt lat="-20.173654235483262" lon="57.492181037761235"><ele>302.6</ele><time>2026-10-01T13:54:54.000Z</time></trkpt><trkpt lat="-20.173654368816607" lon="57.49218137109457"><ele>302.6</ele><time>2026-10-01T13:54:55.000Z</time></trkpt><trkpt lat="-20.17365426881661" lon="57.49218147109457"><ele>302.6</ele><time>2026-10-01T13:54:56.000Z</time></trkpt><trkpt lat="-20.173654168816608" lon="57.49218157109457"><ele>302.6</ele><time>2026-10-01T13:54:57.000Z</time></trkpt><trkpt lat="-20.17365426881661" lon="57.492181737761236"><ele>302.6</ele><time>2026-10-01T13:54:58.000Z</time></trkpt><trkpt lat="-20.173654968816624" lon="57.492181437761246"><ele>302.7</ele><time>2026-10-01T13:54:59.000Z</time></trkpt><trkpt lat="-20.17365566881664" lon="57.49218113776126"><ele>302.7</ele><time>2026-10-01T13:55:00.000Z</time></trkpt><trkpt lat="-20.173656102149987" lon="57.492181004427934"><ele>302.7</ele><time>2026-10-01T13:55:01.000Z</time></trkpt><trkpt lat="-20.17365653548334" lon="57.49218087109462"><ele>302.7</ele><time>2026-10-01T13:55:02.000Z</time></trkpt><trkpt lat="-20.17365643548335" lon="57.49218040442795"><ele>302.7</ele><time>2026-10-01T13:55:03.000Z</time></trkpt><trkpt lat="-20.17365546881667" lon="57.492181037761256"><ele>302.7</ele><time>2026-10-01T13:55:04.000Z</time></trkpt><trkpt lat="-20.17365456881665" lon="57.492181737761236"><ele>302.7</ele><time>2026-10-01T13:55:05.000Z</time></trkpt><trkpt lat="-20.173653935483305" lon="57.49218227109454"><ele>302.7</ele><time>2026-10-01T13:55:06.000Z</time></trkpt><trkpt lat="-20.173653035483287" lon="57.49218340442786"><ele>302.7</ele><time>2026-10-01T13:55:07.000Z</time></trkpt><trkpt lat="-20.17365300214994" lon="57.4921853710945"><ele>302.7</ele><time>2026-10-01T13:55:08.000Z</time></trkpt><trkpt lat="-20.173653335483273" lon="57.49218660442782"><ele>302.8</ele><time>2026-10-01T13:55:09.000Z</time></trkpt><trkpt lat="-20.173653268816604" lon="57.4921880044278"><ele>302.8</ele><time>2026-10-01T13:55:10.000Z</time></trkpt><trkpt lat="-20.17365356881662" lon="57.49218997109443"><ele>302.8</ele><time>2026-10-01T13:55:11.000Z</time></trkpt><trkpt lat="-20.173654868816662" lon="57.49219050442772"><ele>302.8</ele><time>2026-10-01T13:55:12.000Z</time></trkpt><trkpt lat="-20.173655968816707" lon="57.49219093776105"><ele>302.8</ele><time>2026-10-01T13:55:13.000Z</time></trkpt><trkpt lat="-20.17365706881675" lon="57.492191671094396"><ele>302.8</ele><time>2026-10-01T13:55:14.000Z</time></trkpt><trkpt lat="-20.173658402150124" lon="57.49219213776107"><ele>302.8</ele><time>2026-10-01T13:55:15.000Z</time></trkpt><trkpt lat="-20.173659502150155" lon="57.492191937761106"><ele>302.8</ele><time>2026-10-01T13:55:16.000Z</time></trkpt><trkpt lat="-20.173659935483492" lon="57.49219263776115"><ele>302.8</ele><time>2026-10-01T13:55:17.000Z</time></trkpt><trkpt lat="-20.173660035483493" lon="57.4921928710945"><ele>302.8</ele><time>2026-10-01T13:55:18.000Z</time></trkpt><trkpt lat="-20.173660135483495" lon="57.49219340442788"><ele>302.8</ele><time>2026-10-01T13:55:19.000Z</time></trkpt><trkpt lat="-20.173660335483497" lon="57.49219397109459"><ele>302.8</ele><time>2026-10-01T13:55:20.000Z</time></trkpt><trkpt lat="-20.173659768816812" lon="57.4921946377613"><ele>302.8</ele><time>2026-10-01T13:55:21.000Z</time></trkpt><trkpt lat="-20.173659068816796" lon="57.492193337761265"><ele>302.8</ele><time>2026-10-01T13:55:22.000Z</time></trkpt><trkpt lat="-20.1736576021501" lon="57.49218960442791"><ele>302.8</ele><time>2026-10-01T13:55:23.000Z</time></trkpt><trkpt lat="-20.173654835483383" lon="57.492182737761084"><ele>302.9</ele><time>2026-10-01T13:55:24.000Z</time></trkpt><trkpt lat="-20.173650635483373" lon="57.49217340442764"><ele>302.9</ele><time>2026-10-01T13:55:25.000Z</time></trkpt><trkpt lat="-20.17364583548333" lon="57.49216210442741"><ele>302.9</ele><time>2026-10-01T13:55:26.000Z</time></trkpt><trkpt lat="-20.17363963548323" lon="57.49215087109394"><ele>302.9</ele><time>2026-10-01T13:55:27.000Z</time></trkpt><trkpt lat="-20.17363346881645" lon="57.4921404710938"><ele>302.9</ele><time>2026-10-01T13:55:28.000Z</time></trkpt><trkpt lat="-20.17362716881639" lon="57.49212997109375"><ele>302.8</ele><time>2026-10-01T13:55:29.000Z</time></trkpt><trkpt lat="-20.1736202021495" lon="57.49212020442695"><ele>302.8</ele><time>2026-10-01T13:55:30.000Z</time></trkpt><trkpt lat="-20.173612835482665" lon="57.492110237760286"><ele>302.8</ele><time>2026-10-01T13:55:31.000Z</time></trkpt><trkpt lat="-20.17360476881579" lon="57.49210013776023"><ele>302.8</ele><time>2026-10-01T13:55:32.000Z</time></trkpt><trkpt lat="-20.17359553548228" lon="57.49208980442686"><ele>302.8</ele><time>2026-10-01T13:55:33.000Z</time></trkpt><trkpt lat="-20.17358540214881" lon="57.49207990442689"><ele>302.6</ele><time>2026-10-01T13:55:34.000Z</time></trkpt><trkpt lat="-20.17357546881548" lon="57.492069604426966"><ele>302.6</ele><time>2026-10-01T13:55:35.000Z</time></trkpt><trkpt lat="-20.173565102148768" lon="57.49205950442706"><ele>302.6</ele><time>2026-10-01T13:55:36.000Z</time></trkpt><trkpt lat="-20.17355530214882" lon="57.49204997109389"><ele>302.6</ele><time>2026-10-01T13:55:37.000Z</time></trkpt><trkpt lat="-20.173545302148735" lon="57.492040904427355"><ele>302.6</ele><time>2026-10-01T13:55:38.000Z</time></trkpt><trkpt lat="-20.17353560214864" lon="57.49203257109407"><ele>302.0</ele><time>2026-10-01T13:55:39.000Z</time></trkpt><trkpt lat="-20.173525768815267" lon="57.492025104427476"><ele>302.0</ele><time>2026-10-01T13:55:40.000Z</time></trkpt><trkpt lat="-20.173516002148535" lon="57.49201810442747"><ele>302.0</ele><time>2026-10-01T13:55:41.000Z</time></trkpt><trkpt lat="-20.17350596881503" lon="57.492010671094036"><ele>302.0</ele><time>2026-10-01T13:55:42.000Z</time></trkpt><trkpt lat="-20.173496335481573" lon="57.49200270442723"><ele>302.0</ele><time>2026-10-01T13:55:43.000Z</time></trkpt><trkpt lat="-20.173487002148" lon="57.49199400442719"><ele>301.2</ele><time>2026-10-01T13:55:44.000Z</time></trkpt><trkpt lat="-20.173477802147705" lon="57.491984404427185"><ele>301.2</ele><time>2026-10-01T13:55:45.000Z</time></trkpt><trkpt lat="-20.173468502147344" lon="57.491974837760594"><ele>301.2</ele><time>2026-10-01T13:55:46.000Z</time></trkpt><trkpt lat="-20.173459468813757" lon="57.49196513776074"><ele>301.2</ele><time>2026-10-01T13:55:47.000Z</time></trkpt><trkpt lat="-20.173450768813588" lon="57.49195563776094"><ele>301.2</ele><time>2026-10-01T13:55:48.000Z</time></trkpt><trkpt lat="-20.17344170214668" lon="57.491946604427746"><ele>300.9</ele><time>2026-10-01T13:55:49.000Z</time></trkpt><trkpt lat="-20.173432402146425" lon="57.4919376044277"><ele>300.9</ele><time>2026-10-01T13:55:50.000Z</time></trkpt><trkpt lat="-20.17342296881289" lon="57.491928371094275"><ele>300.9</ele><time>2026-10-01T13:55:51.000Z</time></trkpt><trkpt lat="-20.173413268812578" lon="57.49191913776076"><ele>300.9</ele><time>2026-10-01T13:55:52.000Z</time></trkpt><trkpt lat="-20.173402902145654" lon="57.491910404427166"><ele>300.9</ele><time>2026-10-01T13:55:53.000Z</time></trkpt><trkpt lat="-20.173392435478878" lon="57.49190183776017"><ele>300.3</ele><time>2026-10-01T13:55:54.000Z</time></trkpt><trkpt lat="-20.173382035478742" lon="57.491893971093326"><ele>300.3</ele><time>2026-10-01T13:55:55.000Z</time></trkpt><trkpt lat="-20.173371102145268" lon="57.49188600442649"><ele>300.3</ele><time>2026-10-01T13:55:56.000Z</time></trkpt><trkpt lat="-20.17335930214526" lon="57.49187900442645"><ele>300.3</ele><time>2026-10-01T13:55:57.000Z</time></trkpt><trkpt lat="-20.173347602145107" lon="57.49187273775978"><ele>300.3</ele><time>2026-10-01T13:55:58.000Z</time></trkpt><trkpt lat="-20.173336102144873" lon="57.49186790442648"><ele>299.9</ele><time>2026-10-01T13:55:59.000Z</time></trkpt><trkpt lat="-20.173324635478064" lon="57.49186403775981"><ele>299.9</ele><time>2026-10-01T13:56:00.000Z</time></trkpt><trkpt lat="-20.173313835477874" lon="57.49186133775977"><ele>299.9</ele><time>2026-10-01T13:56:01.000Z</time></trkpt><trkpt lat="-20.17330296881104" lon="57.49185937109304"><ele>299.9</ele><time>2026-10-01T13:56:02.000Z</time></trkpt><trkpt lat="-20.17329226881092" lon="57.49185803775968"><ele>299.9</ele><time>2026-10-01T13:56:03.000Z</time></trkpt><trkpt lat="-20.17328103547746" lon="57.49185607109298"><ele>299.8</ele><time>2026-10-01T13:56:04.000Z</time></trkpt><trkpt lat="-20.173269735477145" lon="57.491854204426296"><ele>299.8</ele><time>2026-10-01T13:56:05.000Z</time></trkpt><trkpt lat="-20.17325823547691" lon="57.49185277109299"><ele>299.8</ele><time>2026-10-01T13:56:06.000Z</time></trkpt><trkpt lat="-20.173247168809944" lon="57.491851337759655"><ele>299.8</ele><time>2026-10-01T13:56:07.000Z</time></trkpt><trkpt lat="-20.1732353354763" lon="57.49184993775965"><ele>299.8</ele><time>2026-10-01T13:56:08.000Z</time></trkpt><trkpt lat="-20.17322366880936" lon="57.491849404426304"><ele>299.8</ele><time>2026-10-01T13:56:09.000Z</time></trkpt><trkpt lat="-20.173212135475914" lon="57.49184863775962"><ele>299.8</ele><time>2026-10-01T13:56:10.000Z</time></trkpt><trkpt lat="-20.173200835475814" lon="57.49184820442626"><ele>299.8</ele><time>2026-10-01T13:56:11.000Z</time></trkpt><trkpt lat="-20.173189468809078" lon="57.4918478710929"><ele>299.8</ele><time>2026-10-01T13:56:12.000Z</time></trkpt><trkpt lat="-20.17317793547563" lon="57.49184737109287"><ele>299.8</ele><time>2026-10-01T13:56:13.000Z</time></trkpt><trkpt lat="-20.1731662688089" lon="57.49184687109285"><ele>300.1</ele><time>2026-10-01T13:56:14.000Z</time></trkpt><trkpt lat="-20.173154368808824" lon="57.49184717109286"><ele>300.1</ele><time>2026-10-01T13:56:15.000Z</time></trkpt><trkpt lat="-20.17314260214203" lon="57.4918475044262"><ele>300.1</ele><time>2026-10-01T13:56:16.000Z</time></trkpt><trkpt lat="-20.17313123547529" lon="57.491848171092876"><ele>300.1</ele><time>2026-10-01T13:56:17.000Z</time></trkpt><trkpt lat="-20.173120568808592" lon="57.491848871092884"><ele>300.1</ele><time>2026-10-01T13:56:18.000Z</time></trkpt><trkpt lat="-20.173110402141802" lon="57.49184967109289"><ele>300.2</ele><time>2026-10-01T13:56:19.000Z</time></trkpt><trkpt lat="-20.173100635475066" lon="57.4918502710929"><ele>300.2</ele><time>2026-10-01T13:56:20.000Z</time></trkpt><trkpt lat="-20.17309170214176" lon="57.491850671092905"><ele>300.2</ele><time>2026-10-01T13:56:21.000Z</time></trkpt><trkpt lat="-20.173083168808404" lon="57.491850404426216"><ele>300.2</ele><time>2026-10-01T13:56:22.000Z</time></trkpt><trkpt lat="-20.173074368808486" lon="57.49184973775952"><ele>300.2</ele><time>2026-10-01T13:56:23.000Z</time></trkpt><trkpt lat="-20.17306526880858" lon="57.49184843775951"><ele>300.4</ele><time>2026-10-01T13:56:24.000Z</time></trkpt><trkpt lat="-20.173056235475208" lon="57.491846804426146"><ele>300.4</ele><time>2026-10-01T13:56:25.000Z</time></trkpt><trkpt lat="-20.173046802141776" lon="57.491844804426115"><ele>300.4</ele><time>2026-10-01T13:56:26.000Z</time></trkpt><trkpt lat="-20.17303720214175" lon="57.491842437759416"><ele>300.4</ele><time>2026-10-01T13:56:27.000Z</time></trkpt><trkpt lat="-20.17302746880823" lon="57.4918398710927"><ele>300.4</ele><time>2026-10-01T13:56:28.000Z</time></trkpt><trkpt lat="-20.17301776880813" lon="57.49183733775931"><ele>300.7</ele><time>2026-10-01T13:56:29.000Z</time></trkpt><trkpt lat="-20.173009102141442" lon="57.49183473775925"><ele>300.7</ele><time>2026-10-01T13:56:30.000Z</time></trkpt><trkpt lat="-20.173000235474724" lon="57.49183213775918"><ele>300.7</ele><time>2026-10-01T13:56:31.000Z</time></trkpt><trkpt lat="-20.172991202141297" lon="57.49183020442581"><ele>300.7</ele><time>2026-10-01T13:56:32.000Z</time></trkpt><trkpt lat="-20.172983335474605" lon="57.49182820442577"><ele>300.7</ele><time>2026-10-01T13:56:33.000Z</time></trkpt><trkpt lat="-20.172976102141213" lon="57.49182600442574"><ele>300.9</ele><time>2026-10-01T13:56:34.000Z</time></trkpt><trkpt lat="-20.172968302141108" lon="57.49182440442572"><ele>300.9</ele><time>2026-10-01T13:56:35.000Z</time></trkpt><trkpt lat="-20.172960735474355" lon="57.49182287109236"><ele>300.9</ele><time>2026-10-01T13:56:36.000Z</time></trkpt><trkpt lat="-20.17295433547423" lon="57.491821171092326"><ele>300.9</ele><time>2026-10-01T13:56:37.000Z</time></trkpt><trkpt lat="-20.17294810214081" lon="57.49181960442563"><ele>300.9</ele><time>2026-10-01T13:56:38.000Z</time></trkpt><trkpt lat="-20.172941502140656" lon="57.491818237758935"><ele>301.5</ele><time>2026-10-01T13:56:39.000Z</time></trkpt><trkpt lat="-20.172934502140556" lon="57.491816271092226"><ele>301.5</ele><time>2026-10-01T13:56:40.000Z</time></trkpt><trkpt lat="-20.172926902140482" lon="57.49181423775885"><ele>301.5</ele><time>2026-10-01T13:56:41.000Z</time></trkpt><trkpt lat="-20.172918968807096" lon="57.49181190442549"><ele>301.5</ele><time>2026-10-01T13:56:42.000Z</time></trkpt><trkpt lat="-20.172911068807032" lon="57.49180960442546"><ele>301.5</ele><time>2026-10-01T13:56:43.000Z</time></trkpt><trkpt lat="-20.172903402140314" lon="57.49180697109208"><ele>302.3</ele><time>2026-10-01T13:56:44.000Z</time></trkpt><trkpt lat="-20.172895335473545" lon="57.49180477109204"><ele>302.3</ele><time>2026-10-01T13:56:45.000Z</time></trkpt><trkpt lat="-20.172888035473456" lon="57.49180253775869"><ele>302.3</ele><time>2026-10-01T13:56:46.000Z</time></trkpt><trkpt lat="-20.17288083547333" lon="57.49180037109197"><ele>302.3</ele><time>2026-10-01T13:56:47.000Z</time></trkpt><trkpt lat="-20.172873235473254" lon="57.49179797109194"><ele>302.3</ele><time>2026-10-01T13:56:48.000Z</time></trkpt><trkpt lat="-20.1728664688065" lon="57.491796171091934"><ele>302.7</ele><time>2026-10-01T13:56:49.000Z</time></trkpt><trkpt lat="-20.17286076880642" lon="57.4917943377586"><ele>302.7</ele><time>2026-10-01T13:56:50.000Z</time></trkpt><trkpt lat="-20.172855235473044" lon="57.491792471091934"><ele>302.7</ele><time>2026-10-01T13:56:51.000Z</time></trkpt><trkpt lat="-20.172849635473025" lon="57.49179097109195"><ele>302.7</ele><time>2026-10-01T13:56:52.000Z</time></trkpt><trkpt lat="-20.172844602139612" lon="57.4917897044253"><ele>302.7</ele><time>2026-10-01T13:56:53.000Z</time></trkpt><trkpt lat="-20.172839568806197" lon="57.49178817109198"><ele>303.7</ele><time>2026-10-01T13:56:54.000Z</time></trkpt><trkpt lat="-20.172834802139448" lon="57.49178643775865"><ele>303.7</ele><time>2026-10-01T13:56:55.000Z</time></trkpt><trkpt lat="-20.17282950213937" lon="57.491784771091986"><ele>303.7</ele><time>2026-10-01T13:56:56.000Z</time></trkpt><trkpt lat="-20.172824302139244" lon="57.49178310442532"><ele>303.7</ele><time>2026-10-01T13:56:57.000Z</time></trkpt><trkpt lat="-20.172818168805893" lon="57.49178200442532"><ele>303.7</ele><time>2026-10-01T13:56:58.000Z</time></trkpt><trkpt lat="-20.172812435472597" lon="57.49178123775863"><ele>304.9</ele><time>2026-10-01T13:56:59.000Z</time></trkpt><trkpt lat="-20.172805502139244" lon="57.49178010442527"><ele>304.9</ele><time>2026-10-01T13:57:00.000Z</time></trkpt><trkpt lat="-20.172799535472546" lon="57.491779204425235"><ele>304.9</ele><time>2026-10-01T13:57:01.000Z</time></trkpt><trkpt lat="-20.172793768805878" lon="57.4917782044252"><ele>304.9</ele><time>2026-10-01T13:57:02.000Z</time></trkpt><trkpt lat="-20.172788202139127" lon="57.49177690442516"><ele>304.9</ele><time>2026-10-01T13:57:03.000Z</time></trkpt><trkpt lat="-20.17278196880566" lon="57.49177540442514"><ele>305.5</ele><time>2026-10-01T13:57:04.000Z</time></trkpt><trkpt lat="-20.17277596880553" lon="57.49177467109181"><ele>305.5</ele><time>2026-10-01T13:57:05.000Z</time></trkpt><trkpt lat="-20.17276953547209" lon="57.491773537758476"><ele>305.5</ele><time>2026-10-01T13:57:06.000Z</time></trkpt><trkpt lat="-20.17276236880528" lon="57.49177263775848"><ele>305.5</ele><time>2026-10-01T13:57:07.000Z</time></trkpt><trkpt lat="-20.172755068805085" lon="57.49177133775849"><ele>305.5</ele><time>2026-10-01T13:57:08.000Z</time></trkpt><trkpt lat="-20.172747468804904" lon="57.49176983775849"><ele>306.6</ele><time>2026-10-01T13:57:09.000Z</time></trkpt><trkpt lat="-20.172739402138024" lon="57.49176807109181"><ele>306.6</ele><time>2026-10-01T13:57:10.000Z</time></trkpt><trkpt lat="-20.17273123547108" lon="57.49176667109181"><ele>306.6</ele><time>2026-10-01T13:57:11.000Z</time></trkpt><trkpt lat="-20.172723068804135" lon="57.49176510442512"><ele>306.6</ele><time>2026-10-01T13:57:12.000Z</time></trkpt><trkpt lat="-20.17271530213724" lon="57.491763537758416"><ele>306.6</ele><time>2026-10-01T13:57:13.000Z</time></trkpt><trkpt lat="-20.17270780213702" lon="57.491762104425035"><ele>307.7</ele><time>2026-10-01T13:57:14.000Z</time></trkpt><trkpt lat="-20.172700668803635" lon="57.4917601377583"><ele>307.7</ele><time>2026-10-01T13:57:15.000Z</time></trkpt><trkpt lat="-20.172694068803644" lon="57.49175737109151"><ele>307.7</ele><time>2026-10-01T13:57:16.000Z</time></trkpt><trkpt lat="-20.172687768803637" lon="57.49175430442474"><ele>307.7</ele><time>2026-10-01T13:57:17.000Z</time></trkpt><trkpt lat="-20.172681902137008" lon="57.49175183775799"><ele>307.7</ele><time>2026-10-01T13:57:18.000Z</time></trkpt><trkpt lat="-20.17267536880376" lon="57.49174890442457"><ele>308.2</ele><time>2026-10-01T13:57:19.000Z</time></trkpt><trkpt lat="-20.172668835470514" lon="57.491746071091164"><ele>308.2</ele><time>2026-10-01T13:57:20.000Z</time></trkpt><trkpt lat="-20.17266186880395" lon="57.491743904424496"><ele>308.2</ele><time>2026-10-01T13:57:21.000Z</time></trkpt><trkpt lat="-20.17265503547077" lon="57.4917418377578"><ele>308.2</ele><time>2026-10-01T13:57:22.000Z</time></trkpt><trkpt lat="-20.1726480688042" lon="57.4917399710911"><ele>308.2</ele><time>2026-10-01T13:57:23.000Z</time></trkpt><trkpt lat="-20.172641435470943" lon="57.49173843775774"><ele>309.4</ele><time>2026-10-01T13:57:24.000Z</time></trkpt><trkpt lat="-20.172635135470884" lon="57.49173640442435"><ele>309.4</ele><time>2026-10-01T13:57:25.000Z</time></trkpt><trkpt lat="-20.172627802137367" lon="57.49173377109098"><ele>309.4</ele><time>2026-10-01T13:57:26.000Z</time></trkpt><trkpt lat="-20.17261950213714" lon="57.49173060442424"><ele>309.4</ele><time>2026-10-01T13:57:27.000Z</time></trkpt><trkpt lat="-20.1726107021369" lon="57.49172667109084"><ele>309.4</ele><time>2026-10-01T13:57:28.000Z</time></trkpt><trkpt lat="-20.172601468803286" lon="57.491722637757434"><ele>310.7</ele><time>2026-10-01T13:57:29.000Z</time></trkpt><trkpt lat="-20.17259173546977" lon="57.4917187377574"><ele>310.7</ele><time>2026-10-01T13:57:30.000Z</time></trkpt><trkpt lat="-20.172582668802967" lon="57.491714871090664"><ele>310.7</ele><time>2026-10-01T13:57:31.000Z</time></trkpt><trkpt lat="-20.17257423546957" lon="57.491711704423984"><ele>310.7</ele><time>2026-10-01T13:57:32.000Z</time></trkpt><trkpt lat="-20.172565602136142" lon="57.49170897109063"><ele>310.7</ele><time>2026-10-01T13:57:33.000Z</time></trkpt><trkpt lat="-20.172556802136008" lon="57.49170633775729"><ele>311.4</ele><time>2026-10-01T13:57:34.000Z</time></trkpt><trkpt lat="-20.172548235469115" lon="57.491704237757276"><ele>311.4</ele><time>2026-10-01T13:57:35.000Z</time></trkpt><trkpt lat="-20.17254030213557" lon="57.49170200442396"><ele>311.4</ele><time>2026-10-01T13:57:36.000Z</time></trkpt><trkpt lat="-20.172532368802024" lon="57.49169963775729"><ele>311.4</ele><time>2026-10-01T13:57:37.000Z</time></trkpt><trkpt lat="-20.17252456880187" lon="57.49169680442393"><ele>311.4</ele><time>2026-10-01T13:57:38.000Z</time></trkpt><trkpt lat="-20.17251750213518" lon="57.49169370442387"><ele>312.8</ele><time>2026-10-01T13:57:39.000Z</time></trkpt><trkpt lat="-20.17251063546852" lon="57.491689971090466"><ele>312.8</ele><time>2026-10-01T13:57:40.000Z</time></trkpt><trkpt lat="-20.17250290213516" lon="57.491686504423704"><ele>312.8</ele><time>2026-10-01T13:57:41.000Z</time></trkpt><trkpt lat="-20.17249510213506" lon="57.49168320442361"><ele>312.8</ele><time>2026-10-01T13:57:42.000Z</time></trkpt><trkpt lat="-20.172486968801543" lon="57.49168020442354"><ele>312.8</ele><time>2026-10-01T13:57:43.000Z</time></trkpt><trkpt lat="-20.172478668801315" lon="57.49167767109016"><ele>314.0</ele><time>2026-10-01T13:57:44.000Z</time></trkpt><trkpt lat="-20.172470435467734" lon="57.491675537756805"><ele>314.0</ele><time>2026-10-01T13:57:45.000Z</time></trkpt><trkpt lat="-20.172462702134162" lon="57.491674037756795"><ele>314.0</ele><time>2026-10-01T13:57:46.000Z</time></trkpt><trkpt lat="-20.17245460213386" lon="57.49167183775677"><ele>314.0</ele><time>2026-10-01T13:57:47.000Z</time></trkpt><trkpt lat="-20.17244693546693" lon="57.49166943775673"><ele>314.0</ele><time>2026-10-01T13:57:48.000Z</time></trkpt><trkpt lat="-20.17243930213332" lon="57.4916667377567"><ele>314.6</ele><time>2026-10-01T13:57:49.000Z</time></trkpt><trkpt lat="-20.172431568799755" lon="57.49166440442333"><ele>314.6</ele><time>2026-10-01T13:57:50.000Z</time></trkpt><trkpt lat="-20.172423702132907" lon="57.49166193775663"><ele>314.6</ele><time>2026-10-01T13:57:51.000Z</time></trkpt><trkpt lat="-20.172415435466213" lon="57.49165987108994"><ele>314.6</ele><time>2026-10-01T13:57:52.000Z</time></trkpt><trkpt lat="-20.17240770213286" lon="57.49165810442325"><ele>314.6</ele><time>2026-10-01T13:57:53.000Z</time></trkpt><trkpt lat="-20.172400035466143" lon="57.491656204423236"><ele>315.6</ele><time>2026-10-01T13:57:54.000Z</time></trkpt><trkpt lat="-20.172391802132772" lon="57.491654271089885"><ele>315.6</ele><time>2026-10-01T13:57:55.000Z</time></trkpt><trkpt lat="-20.17238383546607" lon="57.4916521044232"><ele>315.6</ele><time>2026-10-01T13:57:56.000Z</time></trkpt><trkpt lat="-20.17237626879921" lon="57.4916503044232"><ele>315.6</ele><time>2026-10-01T13:57:57.000Z</time></trkpt><trkpt lat="-20.172367068799023" lon="57.49164807108988"><ele>315.6</ele><time>2026-10-01T13:57:58.000Z</time></trkpt><trkpt lat="-20.172357635465488" lon="57.491646504423215"><ele>316.5</ele><time>2026-10-01T13:57:59.000Z</time></trkpt><trkpt lat="-20.17234863546522" lon="57.491644871089875"><ele>316.5</ele><time>2026-10-01T13:58:00.000Z</time></trkpt><trkpt lat="-20.172338435464898" lon="57.49164373775655"><ele>316.5</ele><time>2026-10-01T13:58:01.000Z</time></trkpt><trkpt lat="-20.17232726879797" lon="57.49164257108988"><ele>316.5</ele><time>2026-10-01T13:58:02.000Z</time></trkpt><trkpt lat="-20.172316902131154" lon="57.491641571089886"><ele>316.5</ele><time>2026-10-01T13:58:03.000Z</time></trkpt><trkpt lat="-20.172306602131084" lon="57.491639904423195"><ele>316.9</ele><time>2026-10-01T13:58:04.000Z</time></trkpt><trkpt lat="-20.172296102131092" lon="57.49163767108985"><ele>316.9</ele><time>2026-10-01T13:58:05.000Z</time></trkpt><trkpt lat="-20.17228553546446" lon="57.491634437756446"><ele>316.9</ele><time>2026-10-01T13:58:06.000Z</time></trkpt><trkpt lat="-20.172275668797873" lon="57.49163060442304"><ele>316.9</ele><time>2026-10-01T13:58:07.000Z</time></trkpt><trkpt lat="-20.172266435464582" lon="57.49162690442297"><ele>316.9</ele><time>2026-10-01T13:58:08.000Z</time></trkpt><trkpt lat="-20.172257268797928" lon="57.491623437756246"><ele>317.9</ele><time>2026-10-01T13:58:09.000Z</time></trkpt><trkpt lat="-20.172248235464558" lon="57.491620237756194"><ele>317.9</ele><time>2026-10-01T13:58:10.000Z</time></trkpt><trkpt lat="-20.172239868797803" lon="57.49161663775616"><ele>317.9</ele><time>2026-10-01T13:58:11.000Z</time></trkpt><trkpt lat="-20.17223103546435" lon="57.49161257108942"><ele>317.9</ele><time>2026-10-01T13:58:12.000Z</time></trkpt><trkpt lat="-20.172221602130815" lon="57.49160807108937"><ele>317.9</ele><time>2026-10-01T13:58:13.000Z</time></trkpt><trkpt lat="-20.172212535463906" lon="57.491602637756"><ele>318.9</ele><time>2026-10-01T13:58:14.000Z</time></trkpt><trkpt lat="-20.17220423546368" lon="57.491596171089306"><ele>318.9</ele><time>2026-10-01T13:58:15.000Z</time></trkpt><trkpt lat="-20.17219626879687" lon="57.49158997108926"><ele>318.9</ele><time>2026-10-01T13:58:16.000Z</time></trkpt><trkpt lat="-20.17218940213005" lon="57.49158430442255"><ele>318.9</ele><time>2026-10-01T13:58:17.000Z</time></trkpt><trkpt lat="-20.172182502130017" lon="57.49157910442251"><ele>318.9</ele><time>2026-10-01T13:58:18.000Z</time></trkpt><trkpt lat="-20.172175468796702" lon="57.491574937755786"><ele>319.4</ele><time>2026-10-01T13:58:19.000Z</time></trkpt><trkpt lat="-20.172168335463432" lon="57.491570971089025"><ele>319.4</ele><time>2026-10-01T13:58:20.000Z</time></trkpt><trkpt lat="-20.172160868796745" lon="57.491566771089005"><ele>319.4</ele><time>2026-10-01T13:58:21.000Z</time></trkpt><trkpt lat="-20.172153235463455" lon="57.491562137755615"><ele>319.4</ele><time>2026-10-01T13:58:22.000Z</time></trkpt><trkpt lat="-20.17214556879674" lon="57.4915566710889"><ele>319.4</ele><time>2026-10-01T13:58:23.000Z</time></trkpt><trkpt lat="-20.172137868796703" lon="57.49155047108884"><ele>320.3</ele><time>2026-10-01T13:58:24.000Z</time></trkpt><trkpt lat="-20.17213010213003" lon="57.491544371088786"><ele>320.3</ele><time>2026-10-01T13:58:25.000Z</time></trkpt><trkpt lat="-20.1721224021301" lon="57.49153890442206"><ele>320.3</ele><time>2026-10-01T13:58:26.000Z</time></trkpt><trkpt lat="-20.17211496879684" lon="57.49153360442201"><ele>320.3</ele><time>2026-10-01T13:58:27.000Z</time></trkpt><trkpt lat="-20.172107968796954" lon="57.49152790442194"><ele>320.3</ele><time>2026-10-01T13:58:28.000Z</time></trkpt><trkpt lat="-20.17210053546369" lon="57.49152157108855"><ele>320.8</ele><time>2026-10-01T13:58:29.000Z</time></trkpt><trkpt lat="-20.17209283546376" lon="57.49151500442182"><ele>320.8</ele><time>2026-10-01T13:58:30.000Z</time></trkpt><trkpt lat="-20.172086135463807" lon="57.49150797108844"><ele>320.8</ele><time>2026-10-01T13:58:31.000Z</time></trkpt><trkpt lat="-20.17207993546387" lon="57.491499804421814"><ele>320.8</ele><time>2026-10-01T13:58:32.000Z</time></trkpt><trkpt lat="-20.172074568797253" lon="57.491491004421775"><ele>320.8</ele><time>2026-10-01T13:58:33.000Z</time></trkpt><trkpt lat="-20.172071102130655" lon="57.49148203775512"><ele>320.9</ele><time>2026-10-01T13:58:34.000Z</time></trkpt><trkpt lat="-20.172069735464024" lon="57.491472504421765"><ele>320.9</ele><time>2026-10-01T13:58:35.000Z</time></trkpt><trkpt lat="-20.172069068797406" lon="57.49146223775513"><ele>320.9</ele><time>2026-10-01T13:58:36.000Z</time></trkpt><trkpt lat="-20.172069502130753" lon="57.49145257108844"><ele>320.9</ele><time>2026-10-01T13:58:37.000Z</time></trkpt><trkpt lat="-20.172070602130756" lon="57.49144300442181"><ele>320.9</ele><time>2026-10-01T13:58:38.000Z</time></trkpt><trkpt lat="-20.172071368797425" lon="57.49143327108842"><ele>320.8</ele><time>2026-10-01T13:58:39.000Z</time></trkpt><trkpt lat="-20.172072235464107" lon="57.491424271088434"><ele>320.8</ele><time>2026-10-01T13:58:40.000Z</time></trkpt><trkpt lat="-20.17207373546411" lon="57.49141563775502"><ele>320.8</ele><time>2026-10-01T13:58:41.000Z</time></trkpt><trkpt lat="-20.17207553546413" lon="57.49140647108832"><ele>320.8</ele><time>2026-10-01T13:58:42.000Z</time></trkpt><trkpt lat="-20.172077835464176" lon="57.49139787108832"><ele>320.8</ele><time>2026-10-01T13:58:43.000Z</time></trkpt><trkpt lat="-20.172081035464238" lon="57.491389404421604"><ele>320.5</ele><time>2026-10-01T13:58:44.000Z</time></trkpt><trkpt lat="-20.172083235464275" lon="57.49138107108821"><ele>320.5</ele><time>2026-10-01T13:58:45.000Z</time></trkpt><trkpt lat="-20.172085168797665" lon="57.49137253775486"><ele>320.5</ele><time>2026-10-01T13:58:46.000Z</time></trkpt><trkpt lat="-20.17208766879771" lon="57.49136453775475"><ele>320.5</ele><time>2026-10-01T13:58:47.000Z</time></trkpt><trkpt lat="-20.172090402131055" lon="57.49135630442131"><ele>320.5</ele><time>2026-10-01T13:58:48.000Z</time></trkpt><trkpt lat="-20.172092702131046" lon="57.491349137754604"><ele>320.4</ele><time>2026-10-01T13:58:49.000Z</time></trkpt><trkpt lat="-20.172095635464387" lon="57.4913426710879"><ele>320.4</ele><time>2026-10-01T13:58:50.000Z</time></trkpt><trkpt lat="-20.1720989687977" lon="57.491337304421144"><ele>320.4</ele><time>2026-10-01T13:58:51.000Z</time></trkpt><trkpt lat="-20.172101902131015" lon="57.4913333044211"><ele>320.4</ele><time>2026-10-01T13:58:52.000Z</time></trkpt><trkpt lat="-20.17210410213101" lon="57.491330471087736"><ele>320.4</ele><time>2026-10-01T13:58:53.000Z</time></trkpt><trkpt lat="-20.17210616879767" lon="57.49132833775441"><ele>320.5</ele><time>2026-10-01T13:58:54.000Z</time></trkpt><trkpt lat="-20.17210763546432" lon="57.4913268377544"><ele>320.5</ele><time>2026-10-01T13:58:55.000Z</time></trkpt><trkpt lat="-20.17210800213099" lon="57.49132657108778"><ele>320.5</ele><time>2026-10-01T13:58:56.000Z</time></trkpt><trkpt lat="-20.172107702130987" lon="57.49132650442116"><ele>320.5</ele><time>2026-10-01T13:58:57.000Z</time></trkpt><trkpt lat="-20.172107302130986" lon="57.491326971087844"><ele>320.5</ele><time>2026-10-01T13:58:58.000Z</time></trkpt><trkpt lat="-20.172106835464316" lon="57.4913276044212"><ele>320.6</ele><time>2026-10-01T13:58:59.000Z</time></trkpt><trkpt lat="-20.172106768797647" lon="57.491328837754544"><ele>320.6</ele><time>2026-10-01T13:59:00.000Z</time></trkpt><trkpt lat="-20.172107035464315" lon="57.49133100442126"><ele>320.6</ele><time>2026-10-01T13:59:01.000Z</time></trkpt><trkpt lat="-20.172106635464317" lon="57.49133483775465"><ele>320.6</ele><time>2026-10-01T13:59:02.000Z</time></trkpt><trkpt lat="-20.172104668797633" lon="57.491341137754695"><ele>320.6</ele><time>2026-10-01T13:59:03.000Z</time></trkpt><trkpt lat="-20.17210126879765" lon="57.49134940442146"><ele>320.6</ele><time>2026-10-01T13:59:04.000Z</time></trkpt><trkpt lat="-20.172096935464303" lon="57.491358304421624"><ele>320.6</ele><time>2026-10-01T13:59:05.000Z</time></trkpt><trkpt lat="-20.172091935464266" lon="57.49136720442168"><ele>320.6</ele><time>2026-10-01T13:59:06.000Z</time></trkpt><trkpt lat="-20.17208683546421" lon="57.491375937755116"><ele>320.6</ele><time>2026-10-01T13:59:07.000Z</time></trkpt><trkpt lat="-20.172082502130838" lon="57.491384004421946"><ele>320.6</ele><time>2026-10-01T13:59:08.000Z</time></trkpt><trkpt lat="-20.1720788687974" lon="57.49139200442212"><ele>320.7</ele><time>2026-10-01T13:59:09.000Z</time></trkpt><trkpt lat="-20.172075368797298" lon="57.49140017108895"><ele>320.7</ele><time>2026-10-01T13:59:10.000Z</time></trkpt><trkpt lat="-20.172071602130526" lon="57.49140863775584"><ele>320.7</ele><time>2026-10-01T13:59:11.000Z</time></trkpt><trkpt lat="-20.17206743546381" lon="57.4914179710893"><ele>320.7</ele><time>2026-10-01T13:59:12.000Z</time></trkpt><trkpt lat="-20.172063402130426" lon="57.49142800442267"><ele>320.7</ele><time>2026-10-01T13:59:13.000Z</time></trkpt><trkpt lat="-20.17206016879707" lon="57.491438304422765"><ele>320.7</ele><time>2026-10-01T13:59:14.000Z</time></trkpt><trkpt lat="-20.172058535463776" lon="57.49144923775624"><ele>320.7</ele><time>2026-10-01T13:59:15.000Z</time></trkpt><trkpt lat="-20.172058668797135" lon="57.491460137756384"><ele>320.7</ele><time>2026-10-01T13:59:16.000Z</time></trkpt><trkpt lat="-20.172061235463822" lon="57.49147007108994"><ele>320.7</ele><time>2026-10-01T13:59:17.000Z</time></trkpt><trkpt lat="-20.172066068797182" lon="57.491480004423465"><ele>320.7</ele><time>2026-10-01T13:59:18.000Z</time></trkpt><trkpt lat="-20.1720724687972" lon="57.49148960442361"><ele>320.7</ele><time>2026-10-01T13:59:19.000Z</time></trkpt><trkpt lat="-20.172079468797193" lon="57.49149837109034"><ele>320.7</ele><time>2026-10-01T13:59:20.000Z</time></trkpt><trkpt lat="-20.172086535463933" lon="57.49150647109038"><ele>320.7</ele><time>2026-10-01T13:59:21.000Z</time></trkpt><trkpt lat="-20.17209310213066" lon="57.49151453775704"><ele>320.7</ele><time>2026-10-01T13:59:22.000Z</time></trkpt><trkpt lat="-20.172099668797387" lon="57.49152203775721"><ele>320.7</ele><time>2026-10-01T13:59:23.000Z</time></trkpt><trkpt lat="-20.172105935464124" lon="57.49152900442398"><ele>320.5</ele><time>2026-10-01T13:59:24.000Z</time></trkpt><trkpt lat="-20.172111635464205" lon="57.4915351044241"><ele>320.5</ele><time>2026-10-01T13:59:25.000Z</time></trkpt><trkpt lat="-20.172117835464302" lon="57.49154127109082"><ele>320.5</ele><time>2026-10-01T13:59:26.000Z</time></trkpt><trkpt lat="-20.172124735464443" lon="57.49154733775758"><ele>320.5</ele><time>2026-10-01T13:59:27.000Z</time></trkpt><trkpt lat="-20.172131602131262" lon="57.49155300442429"><ele>320.5</ele><time>2026-10-01T13:59:28.000Z</time></trkpt><trkpt lat="-20.172138468798085" lon="57.49155857109105"><ele>320.5</ele><time>2026-10-01T13:59:29.000Z</time></trkpt><trkpt lat="-20.17214560213157" lon="57.491564871091136"><ele>320.5</ele><time>2026-10-01T13:59:30.000Z</time></trkpt><trkpt lat="-20.172152568798353" lon="57.49157143775794"><ele>320.5</ele><time>2026-10-01T13:59:31.000Z</time></trkpt><trkpt lat="-20.172159735465055" lon="57.491578271091385"><ele>320.5</ele><time>2026-10-01T13:59:32.000Z</time></trkpt><trkpt lat="-20.172167235465064" lon="57.49158490442477"><ele>320.5</ele><time>2026-10-01T13:59:33.000Z</time></trkpt><trkpt lat="-20.172175168798447" lon="57.4915912377581"><ele>320.6</ele><time>2026-10-01T13:59:34.000Z</time></trkpt><trkpt lat="-20.17218346879846" lon="57.49159710442477"><ele>320.6</ele><time>2026-10-01T13:59:35.000Z</time></trkpt><trkpt lat="-20.17219310213191" lon="57.49160153775811"><ele>320.6</ele><time>2026-10-01T13:59:36.000Z</time></trkpt><trkpt lat="-20.172202502132016" lon="57.49160523775812"><ele>320.6</ele><time>2026-10-01T13:59:37.000Z</time></trkpt><trkpt lat="-20.172211135465442" lon="57.491608871091536"><ele>320.6</ele><time>2026-10-01T13:59:38.000Z</time></trkpt><trkpt lat="-20.172219935465577" lon="57.49161303775835"><ele>320.9</ele><time>2026-10-01T13:59:39.000Z</time></trkpt><trkpt lat="-20.172228335465764" lon="57.49161750442511"><ele>320.9</ele><time>2026-10-01T13:59:40.000Z</time></trkpt><trkpt lat="-20.172235402132507" lon="57.49162283775852"><ele>320.9</ele><time>2026-10-01T13:59:41.000Z</time></trkpt><trkpt lat="-20.17224273546602" lon="57.49162820442528"><ele>320.9</ele><time>2026-10-01T13:59:42.000Z</time></trkpt><trkpt lat="-20.172250935466284" lon="57.491633171092"><ele>320.9</ele><time>2026-10-01T13:59:43.000Z</time></trkpt><trkpt lat="-20.172258968799838" lon="57.491636904425306"><ele>321.1</ele><time>2026-10-01T13:59:44.000Z</time></trkpt><trkpt lat="-20.17226763546669" lon="57.49164000442532"><ele>321.1</ele><time>2026-10-01T13:59:45.000Z</time></trkpt><trkpt lat="-20.172276835466874" lon="57.491643704425336"><ele>321.1</ele><time>2026-10-01T13:59:46.000Z</time></trkpt><trkpt lat="-20.172285902133673" lon="57.49164783775865"><ele>321.1</ele><time>2026-10-01T13:59:47.000Z</time></trkpt><trkpt lat="-20.17229430213375" lon="57.49165180442528"><ele>321.1</ele><time>2026-10-01T13:59:48.000Z</time></trkpt><trkpt lat="-20.172302868800536" lon="57.49165603775858"><ele>321.0</ele><time>2026-10-01T13:59:49.000Z</time></trkpt><trkpt lat="-20.172311502133958" lon="57.49166113775857"><ele>321.0</ele><time>2026-10-01T13:59:50.000Z</time></trkpt><trkpt lat="-20.17232023546745" lon="57.49166553775856"><ele>321.0</ele><time>2026-10-01T13:59:51.000Z</time></trkpt><trkpt lat="-20.17232933546768" lon="57.491667671091896"><ele>321.0</ele><time>2026-10-01T13:59:52.000Z</time></trkpt><trkpt lat="-20.172339268801338" lon="57.491667204425255"><ele>321.0</ele><time>2026-10-01T13:59:53.000Z</time></trkpt><trkpt lat="-20.172348035468257" lon="57.491664237758485"><ele>320.7</ele><time>2026-10-01T13:59:54.000Z</time></trkpt><trkpt lat="-20.17235530213524" lon="57.49165913775831"><ele>320.7</ele><time>2026-10-01T13:59:55.000Z</time></trkpt><trkpt lat="-20.17236056880214" lon="57.491651604424796"><ele>320.7</ele><time>2026-10-01T13:59:56.000Z</time></trkpt><trkpt lat="-20.17236383546895" lon="57.49164403775792"><ele>320.7</ele><time>2026-10-01T13:59:57.000Z</time></trkpt><trkpt lat="-20.172365135468993" lon="57.49163767109103"><ele>320.7</ele><time>2026-10-01T13:59:58.000Z</time></trkpt><trkpt lat="-20.172366635469064" lon="57.49163287109094"><ele>320.1</ele><time>2026-10-01T13:59:59.000Z</time></trkpt><trkpt lat="-20.172367635469108" lon="57.49162810442424"><ele>320.1</ele><time>2026-10-01T14:00:00.000Z</time></trkpt><trkpt lat="-20.172368502135818" lon="57.49162383775759"><ele>320.1</ele><time>2026-10-01T14:00:01.000Z</time></trkpt><trkpt lat="-20.17236940213586" lon="57.491619571090894"><ele>320.1</ele><time>2026-10-01T14:00:02.000Z</time></trkpt><trkpt lat="-20.17237033546925" lon="57.49161557109087"><ele>320.1</ele><time>2026-10-01T14:00:03.000Z</time></trkpt><trkpt lat="-20.172370435469265" lon="57.49161170442418"><ele>319.8</ele><time>2026-10-01T14:00:04.000Z</time></trkpt><trkpt lat="-20.172370768802615" lon="57.4916078710908"><ele>319.8</ele><time>2026-10-01T14:00:05.000Z</time></trkpt><trkpt lat="-20.17237096880263" lon="57.49160470442406"><ele>319.8</ele><time>2026-10-01T14:00:06.000Z</time></trkpt><trkpt lat="-20.172371002135975" lon="57.49160240442406"><ele>319.8</ele><time>2026-10-01T14:00:07.000Z</time></trkpt><trkpt lat="-20.17237110213599" lon="57.49159987109074"><ele>319.8</ele><time>2026-10-01T14:00:08.000Z</time></trkpt><trkpt lat="-20.1723722354693" lon="57.491596571090724"><ele>320.0</ele><time>2026-10-01T14:00:09.000Z</time></trkpt><trkpt lat="-20.172373235469273" lon="57.49159253775743"><ele>320.0</ele><time>2026-10-01T14:00:10.000Z</time></trkpt><trkpt lat="-20.172374668802583" lon="57.49158767109077"><ele>320.0</ele><time>2026-10-01T14:00:11.000Z</time></trkpt><trkpt lat="-20.172377368802564" lon="57.49158130442407"><ele>320.0</ele><time>2026-10-01T14:00:12.000Z</time></trkpt><trkpt lat="-20.172380402135882" lon="57.49157377109069"><ele>320.0</ele><time>2026-10-01T14:00:13.000Z</time></trkpt><trkpt lat="-20.1723822021359" lon="57.49156610442395"><ele>321.3</ele><time>2026-10-01T14:00:14.000Z</time></trkpt><trkpt lat="-20.172384835469217" lon="57.491558137757195"><ele>321.3</ele><time>2026-10-01T14:00:15.000Z</time></trkpt><trkpt lat="-20.172388202135853" lon="57.49155147109045"><ele>321.3</ele><time>2026-10-01T14:00:16.000Z</time></trkpt><trkpt lat="-20.17239053546915" lon="57.49154607109041"><ele>321.3</ele><time>2026-10-01T14:00:17.000Z</time></trkpt><trkpt lat="-20.17239253546912" lon="57.491542437757026"><ele>321.3</ele><time>2026-10-01T14:00:18.000Z</time></trkpt><trkpt lat="-20.172395068802444" lon="57.491540037757034"><ele>322.1</ele><time>2026-10-01T14:00:19.000Z</time></trkpt><trkpt lat="-20.172396802135808" lon="57.491539337757025"><ele>322.1</ele><time>2026-10-01T14:00:20.000Z</time></trkpt><trkpt lat="-20.17239770213585" lon="57.491538671090346"><ele>322.1</ele><time>2026-10-01T14:00:21.000Z</time></trkpt><trkpt lat="-20.17239856880256" lon="57.49153840442368"><ele>322.1</ele><time>2026-10-01T14:00:22.000Z</time></trkpt><trkpt lat="-20.172399135469256" lon="57.491538204423684"><ele>322.1</ele><time>2026-10-01T14:00:23.000Z</time></trkpt><trkpt lat="-20.17239976880259" lon="57.491537837757015"><ele>323.8</ele><time>2026-10-01T14:00:24.000Z</time></trkpt><trkpt lat="-20.172400302135923" lon="57.49153767109035"><ele>323.8</ele><time>2026-10-01T14:00:25.000Z</time></trkpt><trkpt lat="-20.172400835469258" lon="57.49153750442368"><ele>323.8</ele><time>2026-10-01T14:00:26.000Z</time></trkpt><trkpt lat="-20.17240166880261" lon="57.491536704423666"><ele>323.8</ele><time>2026-10-01T14:00:27.000Z</time></trkpt><trkpt lat="-20.172402468802623" lon="57.4915357710903"><ele>323.8</ele><time>2026-10-01T14:00:28.000Z</time></trkpt><trkpt lat="-20.172402735469305" lon="57.491535004423596"><ele>324.7</ele><time>2026-10-01T14:00:29.000Z</time></trkpt><trkpt lat="-20.172403002135987" lon="57.4915342377569"><ele>324.7</ele><time>2026-10-01T14:00:30.000Z</time></trkpt><trkpt lat="-20.17240346880267" lon="57.491533304423534"><ele>324.7</ele><time>2026-10-01T14:00:31.000Z</time></trkpt><trkpt lat="-20.17240363546934" lon="57.49153300442352"><ele>324.7</ele><time>2026-10-01T14:00:32.000Z</time></trkpt><trkpt lat="-20.17240383546934" lon="57.49153283775686"><ele>324.7</ele><time>2026-10-01T14:00:33.000Z</time></trkpt><trkpt lat="-20.172404035469338" lon="57.49153267109019"><ele>325.0</ele><time>2026-10-01T14:00:34.000Z</time></trkpt><trkpt lat="-20.17240383546934" lon="57.49153097109015"><ele>325.0</ele><time>2026-10-01T14:00:35.000Z</time></trkpt><trkpt lat="-20.172403035469337" lon="57.49152923775678"><ele>325.0</ele><time>2026-10-01T14:00:36.000Z</time></trkpt><trkpt lat="-20.172401535469344" lon="57.4915273044234"><ele>325.0</ele><time>2026-10-01T14:00:37.000Z</time></trkpt><trkpt lat="-20.172400035469355" lon="57.491524371089994"><ele>325.0</ele><time>2026-10-01T14:00:38.000Z</time></trkpt><trkpt lat="-20.172398835469377" lon="57.49152100442327"><ele>325.5</ele><time>2026-10-01T14:00:39.000Z</time></trkpt><trkpt lat="-20.172398035469403" lon="57.49151917108992"><ele>325.5</ele><time>2026-10-01T14:00:40.000Z</time></trkpt><trkpt lat="-20.172397602136094" lon="57.49151800442324"><ele>325.5</ele><time>2026-10-01T14:00:41.000Z</time></trkpt><trkpt lat="-20.172397868802776" lon="57.491517037756566"><ele>325.5</ele><time>2026-10-01T14:00:42.000Z</time></trkpt><trkpt lat="-20.172398135469457" lon="57.49151707108992"><ele>325.5</ele><time>2026-10-01T14:00:43.000Z</time></trkpt><trkpt lat="-20.17239810213612" lon="57.4915175377566"><ele>326.0</ele><time>2026-10-01T14:00:44.000Z</time></trkpt><trkpt lat="-20.17239806880279" lon="57.49151800442328"><ele>326.0</ele><time>2026-10-01T14:00:45.000Z</time></trkpt><trkpt lat="-20.17239806880279" lon="57.49151800442328"><ele>326.0</ele><time>2026-10-01T14:00:46.000Z</time></trkpt><trkpt lat="-20.17239806880279" lon="57.49151800442328"><ele>326.0</ele><time>2026-10-01T14:00:47.000Z</time></trkpt><trkpt lat="-20.17239806880279" lon="57.49151800442328"><ele>326.0</ele><time>2026-10-01T14:00:48.000Z</time></trkpt><trkpt lat="-20.172398035469456" lon="57.49151820442328"><ele>326.3</ele><time>2026-10-01T14:00:49.000Z</time></trkpt><trkpt lat="-20.172398002136124" lon="57.491518404423275"><ele>326.3</ele><time>2026-10-01T14:00:50.000Z</time></trkpt><trkpt lat="-20.17239796880279" lon="57.49151860442328"><ele>326.3</ele><time>2026-10-01T14:00:51.000Z</time></trkpt><trkpt lat="-20.17239850213611" lon="57.49151890442329"><ele>326.3</ele><time>2026-10-01T14:00:52.000Z</time></trkpt><trkpt lat="-20.172399035469432" lon="57.4915192044233"><ele>326.3</ele><time>2026-10-01T14:00:53.000Z</time></trkpt><trkpt lat="-20.172399602136085" lon="57.491519304423306"><ele>326.4</ele><time>2026-10-01T14:00:54.000Z</time></trkpt><trkpt lat="-20.17240016880274" lon="57.49151940442332"><ele>326.4</ele><time>2026-10-01T14:00:55.000Z</time></trkpt><trkpt lat="-20.17240073546939" lon="57.49151950442333"><ele>326.4</ele><time>2026-10-01T14:00:56.000Z</time></trkpt><trkpt lat="-20.172400468802728" lon="57.49151963775667"><ele>326.4</ele><time>2026-10-01T14:00:57.000Z</time></trkpt><trkpt lat="-20.17240020213606" lon="57.49151977109"><ele>326.4</ele><time>2026-10-01T14:00:58.000Z</time></trkpt><trkpt lat="-20.172399502136045" lon="57.49152030442332"><ele>326.5</ele><time>2026-10-01T14:00:59.000Z</time></trkpt><trkpt lat="-20.17239880213603" lon="57.49152083775665"><ele>326.5</ele><time>2026-10-01T14:01:00.000Z</time></trkpt><trkpt lat="-20.172398102136015" lon="57.49152137108998"><ele>326.5</ele><time>2026-10-01T14:01:01.000Z</time></trkpt><trkpt lat="-20.17239880213598" lon="57.49152227108999"><ele>326.5</ele><time>2026-10-01T14:01:02.000Z</time></trkpt><trkpt lat="-20.172400368802634" lon="57.49152330442333"><ele>326.5</ele><time>2026-10-01T14:01:03.000Z</time></trkpt><trkpt lat="-20.172402702135976" lon="57.49152487109004"><ele>326.6</ele><time>2026-10-01T14:01:04.000Z</time></trkpt><trkpt lat="-20.172405968802703" lon="57.49152827109015"><ele>326.6</ele><time>2026-10-01T14:01:05.000Z</time></trkpt><trkpt lat="-20.172410735469477" lon="57.49153330442357"><ele>326.6</ele><time>2026-10-01T14:01:06.000Z</time></trkpt><trkpt lat="-20.17241536880297" lon="57.491538237756984"><ele>326.6</ele><time>2026-10-01T14:01:07.000Z</time></trkpt><trkpt lat="-20.172420302136395" lon="57.491543537757046"><ele>326.6</ele><time>2026-10-01T14:01:08.000Z</time></trkpt><trkpt lat="-20.172425002136492" lon="57.49154840442378"><ele>326.8</ele><time>2026-10-01T14:01:09.000Z</time></trkpt><trkpt lat="-20.172429002136546" lon="57.49155197109046"><ele>326.8</ele><time>2026-10-01T14:01:10.000Z</time></trkpt><trkpt lat="-20.172431802136565" lon="57.49155447109049"><ele>326.8</ele><time>2026-10-01T14:01:11.000Z</time></trkpt><trkpt lat="-20.172433602136557" lon="57.49155690442386"><ele>326.8</ele><time>2026-10-01T14:01:12.000Z</time></trkpt><trkpt lat="-20.172434235469915" lon="57.491558837757225"><ele>326.8</ele><time>2026-10-01T14:01:13.000Z</time></trkpt><trkpt lat="-20.172434768803278" lon="57.49156027109059"><ele>326.9</ele><time>2026-10-01T14:01:14.000Z</time></trkpt><trkpt lat="-20.17243506880329" lon="57.49156117109061"><ele>326.9</ele><time>2026-10-01T14:01:15.000Z</time></trkpt><trkpt lat="-20.17243506880329" lon="57.491561504423956"><ele>326.9</ele><time>2026-10-01T14:01:16.000Z</time></trkpt><trkpt lat="-20.17243506880329" lon="57.491561504423956"><ele>326.9</ele><time>2026-10-01T14:01:17.000Z</time></trkpt><trkpt lat="-20.17243486880329" lon="57.491561504423956"><ele>326.9</ele><time>2026-10-01T14:01:18.000Z</time></trkpt><trkpt lat="-20.17243543546997" lon="57.49156183775731"><ele>326.9</ele><time>2026-10-01T14:01:19.000Z</time></trkpt><trkpt lat="-20.172436168803323" lon="57.49156140442396"><ele>326.9</ele><time>2026-10-01T14:01:20.000Z</time></trkpt><trkpt lat="-20.172437002136668" lon="57.49156140442396"><ele>326.9</ele><time>2026-10-01T14:01:21.000Z</time></trkpt><trkpt lat="-20.17243826880337" lon="57.491561737757294"><ele>326.9</ele><time>2026-10-01T14:01:22.000Z</time></trkpt><trkpt lat="-20.172439835470065" lon="57.49156183775729"><ele>326.9</ele><time>2026-10-01T14:01:23.000Z</time></trkpt><trkpt lat="-20.172440302136742" lon="57.491561137757266"><ele>327.1</ele><time>2026-10-01T14:01:24.000Z</time></trkpt><trkpt lat="-20.17244070213676" lon="57.491561771090616"><ele>327.1</ele><time>2026-10-01T14:01:25.000Z</time></trkpt><trkpt lat="-20.172440768803426" lon="57.49156197109064"><ele>327.1</ele><time>2026-10-01T14:01:26.000Z</time></trkpt><trkpt lat="-20.172440402136743" lon="57.49156183775733"><ele>327.1</ele><time>2026-10-01T14:01:27.000Z</time></trkpt><trkpt lat="-20.17243963547005" lon="57.491561571090664"><ele>327.1</ele><time>2026-10-01T14:01:28.000Z</time></trkpt><trkpt lat="-20.17243933547002" lon="57.49156200442401"><ele>327.2</ele><time>2026-10-01T14:01:29.000Z</time></trkpt><trkpt lat="-20.172438402136656" lon="57.49156183775733"><ele>327.2</ele><time>2026-10-01T14:01:30.000Z</time></trkpt><trkpt lat="-20.172437868803307" lon="57.49156157109066"><ele>327.2</ele><time>2026-10-01T14:01:31.000Z</time></trkpt><trkpt lat="-20.17243693546996" lon="57.49156157109066"><ele>327.2</ele><time>2026-10-01T14:01:32.000Z</time></trkpt><trkpt lat="-20.172436302136624" lon="57.49156193775734"><ele>327.2</ele><time>2026-10-01T14:01:33.000Z</time></trkpt><trkpt lat="-20.172435268803287" lon="57.49156200442402"><ele>327.1</ele><time>2026-10-01T14:01:34.000Z</time></trkpt><trkpt lat="-20.172434768803285" lon="57.491562104424034"><ele>327.1</ele><time>2026-10-01T14:01:35.000Z</time></trkpt><trkpt lat="-20.172433635469922" lon="57.49156253775736"><ele>327.1</ele><time>2026-10-01T14:01:36.000Z</time></trkpt><trkpt lat="-20.172432635469896" lon="57.491563137757375"><ele>327.1</ele><time>2026-10-01T14:01:37.000Z</time></trkpt><trkpt lat="-20.172431635469867" lon="57.49156373775738"><ele>327.1</ele><time>2026-10-01T14:01:38.000Z</time></trkpt><trkpt lat="-20.17243093546984" lon="57.49156440442406"><ele>326.8</ele><time>2026-10-01T14:01:39.000Z</time></trkpt><trkpt lat="-20.172430168803146" lon="57.49156460442405"><ele>326.8</ele><time>2026-10-01T14:01:40.000Z</time></trkpt><trkpt lat="-20.172429968803147" lon="57.49156433775736"><ele>326.8</ele><time>2026-10-01T14:01:41.000Z</time></trkpt><trkpt lat="-20.172429768803145" lon="57.491563637757324"><ele>326.8</ele><time>2026-10-01T14:01:42.000Z</time></trkpt><trkpt lat="-20.172429568803146" lon="57.491562937757294"><ele>326.8</ele><time>2026-10-01T14:01:43.000Z</time></trkpt><trkpt lat="-20.17242940213648" lon="57.49156217109059"><ele>326.9</ele><time>2026-10-01T14:01:44.000Z</time></trkpt><trkpt lat="-20.17242930213648" lon="57.49156187109058"><ele>326.9</ele><time>2026-10-01T14:01:45.000Z</time></trkpt><trkpt lat="-20.17242910213648" lon="57.49156180442392"><ele>326.9</ele><time>2026-10-01T14:01:46.000Z</time></trkpt><trkpt lat="-20.17242916880315" lon="57.49156173775725"><ele>326.9</ele><time>2026-10-01T14:01:47.000Z</time></trkpt><trkpt lat="-20.172429068803147" lon="57.49156153775725"><ele>326.9</ele><time>2026-10-01T14:01:48.000Z</time></trkpt><trkpt lat="-20.17242890213648" lon="57.49156140442392"><ele>327.1</ele><time>2026-10-01T14:01:49.000Z</time></trkpt><trkpt lat="-20.172428635469817" lon="57.49156163775725"><ele>327.1</ele><time>2026-10-01T14:01:50.000Z</time></trkpt><trkpt lat="-20.17242836880315" lon="57.49156187109058"><ele>327.1</ele><time>2026-10-01T14:01:51.000Z</time></trkpt><trkpt lat="-20.172428102136486" lon="57.49156210442392"><ele>327.1</ele><time>2026-10-01T14:01:52.000Z</time></trkpt><trkpt lat="-20.172427968803152" lon="57.49156283775726"><ele>327.1</ele><time>2026-10-01T14:01:53.000Z</time></trkpt><trkpt lat="-20.17242783546982" lon="57.4915635710906"><ele>327.6</ele><time>2026-10-01T14:01:54.000Z</time></trkpt><trkpt lat="-20.17242826880318" lon="57.49156393775728"><ele>327.6</ele><time>2026-10-01T14:01:55.000Z</time></trkpt><trkpt lat="-20.17242870213654" lon="57.49156430442396"><ele>327.6</ele><time>2026-10-01T14:01:56.000Z</time></trkpt><trkpt lat="-20.172429535469902" lon="57.4915649377573"><ele>327.6</ele><time>2026-10-01T14:01:57.000Z</time></trkpt><trkpt lat="-20.172430602136597" lon="57.491565204423964"><ele>327.6</ele><time>2026-10-01T14:01:58.000Z</time></trkpt><trkpt lat="-20.17243166880329" lon="57.49156547109063"><ele>327.7</ele><time>2026-10-01T14:01:59.000Z</time></trkpt><trkpt lat="-20.172432268803295" lon="57.4915657377573"><ele>327.7</ele><time>2026-10-01T14:02:00.000Z</time></trkpt><trkpt lat="-20.172432868803295" lon="57.491566004423966"><ele>327.7</ele><time>2026-10-01T14:02:01.000Z</time></trkpt><trkpt lat="-20.172433068803294" lon="57.491566004423966"><ele>327.7</ele><time>2026-10-01T14:02:02.000Z</time></trkpt><trkpt lat="-20.172433068803294" lon="57.491566004423966"><ele>327.7</ele><time>2026-10-01T14:02:03.000Z</time></trkpt><trkpt lat="-20.172433068803294" lon="57.491566004423966"><ele>327.7</ele><time>2026-10-01T14:02:04.000Z</time></trkpt><trkpt lat="-20.172433068803294" lon="57.491566004423966"><ele>327.7</ele><time>2026-10-01T14:02:05.000Z</time></trkpt><trkpt lat="-20.172433068803294" lon="57.491566004423966"><ele>327.7</ele><time>2026-10-01T14:02:06.000Z</time></trkpt><trkpt lat="-20.172433068803294" lon="57.491566004423966"><ele>327.7</ele><time>2026-10-01T14:02:07.000Z</time></trkpt><trkpt lat="-20.172433068803294" lon="57.491566004423966"><ele>327.7</ele><time>2026-10-01T14:02:08.000Z</time></trkpt><trkpt lat="-20.172433068803294" lon="57.491566004423966"><ele>327.8</ele><time>2026-10-01T14:02:09.000Z</time></trkpt><trkpt lat="-20.172433068803294" lon="57.491566004423966"><ele>327.8</ele><time>2026-10-01T14:02:10.000Z</time></trkpt><trkpt lat="-20.172433068803294" lon="57.491566004423966"><ele>327.8</ele><time>2026-10-01T14:02:11.000Z</time></trkpt><trkpt lat="-20.172433068803294" lon="57.491566004423966"><ele>327.8</ele><time>2026-10-01T14:02:12.000Z</time></trkpt><trkpt lat="-20.172433068803294" lon="57.491566004423966"><ele>327.8</ele><time>2026-10-01T14:02:13.000Z</time></trkpt><trkpt lat="-20.172432668803296" lon="57.49156677109063"><ele>327.9</ele><time>2026-10-01T14:02:14.000Z</time></trkpt><trkpt lat="-20.17243213546996" lon="57.49156810442395"><ele>327.9</ele><time>2026-10-01T14:02:15.000Z</time></trkpt><trkpt lat="-20.172431602136626" lon="57.49156943775726"><ele>327.9</ele><time>2026-10-01T14:02:16.000Z</time></trkpt><trkpt lat="-20.17243106880329" lon="57.491570771090586"><ele>327.9</ele><time>2026-10-01T14:02:17.000Z</time></trkpt><trkpt lat="-20.17243090213664" lon="57.49157207109057"><ele>327.9</ele><time>2026-10-01T14:02:18.000Z</time></trkpt><trkpt lat="-20.172431135469985" lon="57.491572604423894"><ele>327.8</ele><time>2026-10-01T14:02:19.000Z</time></trkpt><trkpt lat="-20.172431502136668" lon="57.49157257109056"><ele>327.8</ele><time>2026-10-01T14:02:20.000Z</time></trkpt><trkpt lat="-20.17243186880335" lon="57.49157253775722"><ele>327.8</ele><time>2026-10-01T14:02:21.000Z</time></trkpt><trkpt lat="-20.172432235470033" lon="57.49157250442389"><ele>327.8</ele><time>2026-10-01T14:02:22.000Z</time></trkpt><trkpt lat="-20.17243253547005" lon="57.49157197109055"><ele>327.8</ele><time>2026-10-01T14:02:23.000Z</time></trkpt><trkpt lat="-20.1724327688034" lon="57.491571271090535"><ele>327.8</ele><time>2026-10-01T14:02:24.000Z</time></trkpt><trkpt lat="-20.17243310213675" lon="57.49157050442385"><ele>327.8</ele><time>2026-10-01T14:02:25.000Z</time></trkpt><trkpt lat="-20.1724334354701" lon="57.491569737757175"><ele>327.8</ele><time>2026-10-01T14:02:26.000Z</time></trkpt><trkpt lat="-20.172433544561017" lon="57.49156905290867"><ele>327.8</ele><time>2026-10-01T14:02:27.000Z</time></trkpt><trkpt lat="-20.172433305167072" lon="57.491568871090486"><ele>327.8</ele><time>2026-10-01T14:02:28.000Z</time></trkpt><trkpt lat="-20.172433056682216" lon="57.49156887412079"><ele>328.0</ele><time>2026-10-01T14:02:29.000Z</time></trkpt><trkpt lat="-20.172432638500393" lon="57.49156897715109"><ele>328.0</ele><time>2026-10-01T14:02:30.000Z</time></trkpt><trkpt lat="-20.1724321536519" lon="57.49156911048442"><ele>328.0</ele><time>2026-10-01T14:02:31.000Z</time></trkpt><trkpt lat="-20.17243181122759" lon="57.49156918624189"><ele>328.0</ele><time>2026-10-01T14:02:32.000Z</time></trkpt><trkpt lat="-20.172431477894246" lon="57.491569337757035"><ele>328.0</ele><time>2026-10-01T14:02:33.000Z</time></trkpt><trkpt lat="-20.172431144560907" lon="57.49156948927218"><ele>328.1</ele><time>2026-10-01T14:02:34.000Z</time></trkpt><trkpt lat="-20.17243088698514" lon="57.4915697165449"><ele>328.1</ele><time>2026-10-01T14:02:35.000Z</time></trkpt><trkpt lat="-20.17243061122756" lon="57.491569922605514"><ele>328.1</ele><time>2026-10-01T14:02:36.000Z</time></trkpt><trkpt lat="-20.172430429409374" lon="57.49157009230248"><ele>328.1</ele><time>2026-10-01T14:02:37.000Z</time></trkpt><trkpt lat="-20.172430299106342" lon="57.4915702165449"><ele>328.1</ele><time>2026-10-01T14:02:38.000Z</time></trkpt><trkpt lat="-20.17243022031846" lon="57.49157029533278"><ele>328.3</ele><time>2026-10-01T14:02:39.000Z</time></trkpt><trkpt lat="-20.172430193045734" lon="57.491570328666114"><ele>328.3</ele><time>2026-10-01T14:02:40.000Z</time></trkpt><trkpt lat="-20.17243003546998" lon="57.49157010442368"><ele>328.3</ele><time>2026-10-01T14:02:41.000Z</time></trkpt><trkpt lat="-20.17242976880331" lon="57.49156940442365"><ele>328.3</ele><time>2026-10-01T14:02:42.000Z</time></trkpt><trkpt lat="-20.172429435469976" lon="57.4915684044236"><ele>328.3</ele><time>2026-10-01T14:02:43.000Z</time></trkpt><trkpt lat="-20.172428868803294" lon="57.491567137756896"><ele>328.2</ele><time>2026-10-01T14:02:44.000Z</time></trkpt><trkpt lat="-20.172428302136613" lon="57.49156587109019"><ele>328.2</ele><time>2026-10-01T14:02:45.000Z</time></trkpt><trkpt lat="-20.17242793546993" lon="57.491564837756826"><ele>328.2</ele><time>2026-10-01T14:02:46.000Z</time></trkpt><trkpt lat="-20.172427635469916" lon="57.49156427109015"><ele>328.2</ele><time>2026-10-01T14:02:47.000Z</time></trkpt><trkpt lat="-20.172427402136567" lon="57.49156400442348"><ele>328.2</ele><time>2026-10-01T14:02:48.000Z</time></trkpt><trkpt lat="-20.172427402136567" lon="57.49156400442348"><ele>328.2</ele><time>2026-10-01T14:02:49.000Z</time></trkpt><trkpt lat="-20.172427402136567" lon="57.49156400442348"><ele>328.2</ele><time>2026-10-01T14:02:50.000Z</time></trkpt><trkpt lat="-20.172427268803233" lon="57.491564071090146"><ele>328.2</ele><time>2026-10-01T14:02:51.000Z</time></trkpt><trkpt lat="-20.1724272354699" lon="57.49156427109015"><ele>328.2</ele><time>2026-10-01T14:02:52.000Z</time></trkpt><trkpt lat="-20.17242740213657" lon="57.491564771090154"><ele>328.2</ele><time>2026-10-01T14:02:53.000Z</time></trkpt><trkpt lat="-20.172427568803236" lon="57.49156527109017"><ele>328.3</ele><time>2026-10-01T14:02:54.000Z</time></trkpt><trkpt lat="-20.172427735469903" lon="57.49156577109018"><ele>328.3</ele><time>2026-10-01T14:02:55.000Z</time></trkpt><trkpt lat="-20.1724280354699" lon="57.49156620442352"><ele>328.3</ele><time>2026-10-01T14:02:56.000Z</time></trkpt><trkpt lat="-20.1724282354699" lon="57.49156650442353"><ele>328.3</ele><time>2026-10-01T14:02:57.000Z</time></trkpt><trkpt lat="-20.172428135469897" lon="57.49156570442351"><ele>328.3</ele><time>2026-10-01T14:02:58.000Z</time></trkpt><trkpt lat="-20.172427635469898" lon="57.49156467109016"><ele>328.5</ele><time>2026-10-01T14:02:59.000Z</time></trkpt><trkpt lat="-20.1724271354699" lon="57.491563637756805"><ele>328.5</ele><time>2026-10-01T14:03:00.000Z</time></trkpt><trkpt lat="-20.1724266354699" lon="57.49156260442345"><ele>328.5</ele><time>2026-10-01T14:03:01.000Z</time></trkpt><trkpt lat="-20.1724261354699" lon="57.491561571090095"><ele>328.5</ele><time>2026-10-01T14:03:02.000Z</time></trkpt><trkpt lat="-20.172425435469886" lon="57.49156147109009"><ele>328.5</ele><time>2026-10-01T14:03:03.000Z</time></trkpt><trkpt lat="-20.172425268803206" lon="57.49156167109008"><ele>328.5</ele><time>2026-10-01T14:03:04.000Z</time></trkpt><trkpt lat="-20.172425102136526" lon="57.491561871090084"><ele>328.5</ele><time>2026-10-01T14:03:05.000Z</time></trkpt><trkpt lat="-20.172424935469845" lon="57.49156207109009"><ele>328.5</ele><time>2026-10-01T14:03:06.000Z</time></trkpt><trkpt lat="-20.172424668803163" lon="57.49156243775675"><ele>328.5</ele><time>2026-10-01T14:03:07.000Z</time></trkpt><trkpt lat="-20.172424702136496" lon="57.49156267109008"><ele>328.5</ele><time>2026-10-01T14:03:08.000Z</time></trkpt><trkpt lat="-20.172424602136495" lon="57.491562837756746"><ele>328.4</ele><time>2026-10-01T14:03:09.000Z</time></trkpt><trkpt lat="-20.172424502136494" lon="57.49156300442341"><ele>328.4</ele><time>2026-10-01T14:03:10.000Z</time></trkpt><trkpt lat="-20.172424402136492" lon="57.49156317109008"><ele>328.4</ele><time>2026-10-01T14:03:11.000Z</time></trkpt><trkpt lat="-20.172424402136492" lon="57.49156317109008"><ele>328.4</ele><time>2026-10-01T14:03:12.000Z</time></trkpt><trkpt lat="-20.172424402136492" lon="57.49156317109008"><ele>328.4</ele><time>2026-10-01T14:03:13.000Z</time></trkpt><trkpt lat="-20.172424402136492" lon="57.49156317109008"><ele>328.3</ele><time>2026-10-01T14:03:14.000Z</time></trkpt><trkpt lat="-20.172424402136492" lon="57.49156317109008"><ele>328.3</ele><time>2026-10-01T14:03:15.000Z</time></trkpt><trkpt lat="-20.172424402136492" lon="57.49156317109008"><ele>328.3</ele><time>2026-10-01T14:03:16.000Z</time></trkpt><trkpt lat="-20.172424402136492" lon="57.49156317109008"><ele>328.3</ele><time>2026-10-01T14:03:17.000Z</time></trkpt><trkpt lat="-20.172424402136492" lon="57.49156317109008"><ele>328.3</ele><time>2026-10-01T14:03:18.000Z</time></trkpt><trkpt lat="-20.172424402136492" lon="57.49156317109008"><ele>328.3</ele><time>2026-10-01T14:03:19.000Z</time></trkpt><trkpt lat="-20.172424402136492" lon="57.49156317109008"><ele>328.3</ele><time>2026-10-01T14:03:20.000Z</time></trkpt><trkpt lat="-20.172424402136492" lon="57.49156317109008"><ele>328.3</ele><time>2026-10-01T14:03:21.000Z</time></trkpt><trkpt lat="-20.172424402136492" lon="57.49156317109008"><ele>328.3</ele><time>2026-10-01T14:03:22.000Z</time></trkpt><trkpt lat="-20.172424402136492" lon="57.49156317109008"><ele>328.3</ele><time>2026-10-01T14:03:23.000Z</time></trkpt><trkpt lat="-20.172424402136492" lon="57.49156317109008"><ele>328.3</ele><time>2026-10-01T14:03:24.000Z</time></trkpt><trkpt lat="-20.172424402136492" lon="57.49156317109008"><ele>328.3</ele><time>2026-10-01T14:03:25.000Z</time></trkpt><trkpt lat="-20.172424402136492" lon="57.49156317109008"><ele>328.3</ele><time>2026-10-01T14:03:26.000Z</time></trkpt><trkpt lat="-20.172424402136492" lon="57.49156317109008"><ele>328.3</ele><time>2026-10-01T14:03:27.000Z</time></trkpt><trkpt lat="-20.172424402136492" lon="57.49156317109008"><ele>328.3</ele><time>2026-10-01T14:03:28.000Z</time></trkpt><trkpt lat="-20.172424402136492" lon="57.49156317109008"><ele>328.2</ele><time>2026-10-01T14:03:29.000Z</time></trkpt><trkpt lat="-20.172424402136492" lon="57.49156317109008"><ele>328.2</ele><time>2026-10-01T14:03:30.000Z</time></trkpt><trkpt lat="-20.172424402136492" lon="57.49156317109008"><ele>328.2</ele><time>2026-10-01T14:03:31.000Z</time></trkpt><trkpt lat="-20.172424402136492" lon="57.49156317109008"><ele>328.2</ele><time>2026-10-01T14:03:32.000Z</time></trkpt><trkpt lat="-20.172424402136492" lon="57.49156317109008"><ele>328.2</ele><time>2026-10-01T14:03:33.000Z</time></trkpt><trkpt lat="-20.172424402136492" lon="57.49156317109008"><ele>328.1</ele><time>2026-10-01T14:03:34.000Z</time></trkpt><trkpt lat="-20.172424402136492" lon="57.49156317109008"><ele>328.1</ele><time>2026-10-01T14:03:35.000Z</time></trkpt><trkpt lat="-20.172424402136492" lon="57.49156317109008"><ele>328.1</ele><time>2026-10-01T14:03:36.000Z</time></trkpt><trkpt lat="-20.172424402136492" lon="57.49156317109008"><ele>328.1</ele><time>2026-10-01T14:03:37.000Z</time></trkpt><trkpt lat="-20.172424768803175" lon="57.49156273775674"><ele>328.1</ele><time>2026-10-01T14:03:38.000Z</time></trkpt><trkpt lat="-20.172425135469858" lon="57.4915623044234"><ele>327.9</ele><time>2026-10-01T14:03:39.000Z</time></trkpt><trkpt lat="-20.17242550213654" lon="57.49156187109005"><ele>327.9</ele><time>2026-10-01T14:03:40.000Z</time></trkpt><trkpt lat="-20.172425868803224" lon="57.49156143775671"><ele>327.9</ele><time>2026-10-01T14:03:41.000Z</time></trkpt><trkpt lat="-20.172426235469906" lon="57.49156100442336"><ele>327.9</ele><time>2026-10-01T14:03:42.000Z</time></trkpt><trkpt lat="-20.172426868803257" lon="57.49156037109002"><ele>327.9</ele><time>2026-10-01T14:03:43.000Z</time></trkpt><trkpt lat="-20.172427502136607" lon="57.491559737756674"><ele>327.8</ele><time>2026-10-01T14:03:44.000Z</time></trkpt><trkpt lat="-20.172428135469954" lon="57.49155910442333"><ele>327.8</ele><time>2026-10-01T14:03:45.000Z</time></trkpt><trkpt lat="-20.172428768803304" lon="57.49155847108999"><ele>327.8</ele><time>2026-10-01T14:03:46.000Z</time></trkpt><trkpt lat="-20.172429235469984" lon="57.491558137756655"><ele>327.8</ele><time>2026-10-01T14:03:47.000Z</time></trkpt><trkpt lat="-20.172428902136648" lon="57.49155860442333"><ele>327.8</ele><time>2026-10-01T14:03:48.000Z</time></trkpt><trkpt lat="-20.172428335469966" lon="57.49155893775669"><ele>327.8</ele><time>2026-10-01T14:03:49.000Z</time></trkpt><trkpt lat="-20.172427868803283" lon="57.491559171090046"><ele>327.8</ele><time>2026-10-01T14:03:50.000Z</time></trkpt><trkpt lat="-20.1724274021366" lon="57.4915594044234"><ele>327.8</ele><time>2026-10-01T14:03:51.000Z</time></trkpt><trkpt lat="-20.172427102136584" lon="57.49155933775675"><ele>327.8</ele><time>2026-10-01T14:03:52.000Z</time></trkpt><trkpt lat="-20.172426968803236" lon="57.49155910442342"><ele>327.8</ele><time>2026-10-01T14:03:53.000Z</time></trkpt><trkpt lat="-20.172427068803238" lon="57.49155900442342"><ele>327.7</ele><time>2026-10-01T14:03:54.000Z</time></trkpt><trkpt lat="-20.17242700213657" lon="57.491558404423394"><ele>327.7</ele><time>2026-10-01T14:03:55.000Z</time></trkpt><trkpt lat="-20.172426935469904" lon="57.49155780442337"><ele>327.7</ele><time>2026-10-01T14:03:56.000Z</time></trkpt><trkpt lat="-20.172426868803235" lon="57.49155720442335"><ele>327.7</ele><time>2026-10-01T14:03:57.000Z</time></trkpt><trkpt lat="-20.172427068803238" lon="57.49155663775666"><ele>327.7</ele><time>2026-10-01T14:03:58.000Z</time></trkpt><trkpt lat="-20.172427135469906" lon="57.49155590442331"><ele>327.8</ele><time>2026-10-01T14:03:59.000Z</time></trkpt><trkpt lat="-20.17242726880324" lon="57.49155577108998"><ele>327.8</ele><time>2026-10-01T14:04:00.000Z</time></trkpt><trkpt lat="-20.17242740213657" lon="57.49155563775664"><ele>327.8</ele><time>2026-10-01T14:04:01.000Z</time></trkpt><trkpt lat="-20.172427335469905" lon="57.49155500442332"><ele>327.8</ele><time>2026-10-01T14:04:02.000Z</time></trkpt><trkpt lat="-20.17242740213657" lon="57.49155400442332"><ele>327.8</ele><time>2026-10-01T14:04:03.000Z</time></trkpt><trkpt lat="-20.172427602136572" lon="57.49155317108999"><ele>327.8</ele><time>2026-10-01T14:04:04.000Z</time></trkpt><trkpt lat="-20.172427802136575" lon="57.49155233775666"><ele>327.8</ele><time>2026-10-01T14:04:05.000Z</time></trkpt><trkpt lat="-20.172428268803245" lon="57.49155140442333"><ele>327.8</ele><time>2026-10-01T14:04:06.000Z</time></trkpt><trkpt lat="-20.172428935469913" lon="57.49155097109"><ele>327.8</ele><time>2026-10-01T14:04:07.000Z</time></trkpt><trkpt lat="-20.172429202136577" lon="57.49155087109"><ele>327.8</ele><time>2026-10-01T14:04:08.000Z</time></trkpt><trkpt lat="-20.172429468803244" lon="57.49155077109"><ele>327.7</ele><time>2026-10-01T14:04:09.000Z</time></trkpt><trkpt lat="-20.172429735469912" lon="57.491550671089996"><ele>327.7</ele><time>2026-10-01T14:04:10.000Z</time></trkpt><trkpt lat="-20.172429735469912" lon="57.491550671089996"><ele>327.7</ele><time>2026-10-01T14:04:11.000Z</time></trkpt><trkpt lat="-20.172429735469912" lon="57.491550671089996"><ele>327.7</ele><time>2026-10-01T14:04:12.000Z</time></trkpt><trkpt lat="-20.172429735469912" lon="57.491550671089996"><ele>327.7</ele><time>2026-10-01T14:04:13.000Z</time></trkpt><trkpt lat="-20.172429735469912" lon="57.491550671089996"><ele>327.3</ele><time>2026-10-01T14:04:14.000Z</time></trkpt><trkpt lat="-20.172429735469912" lon="57.491550671089996"><ele>327.3</ele><time>2026-10-01T14:04:15.000Z</time></trkpt><trkpt lat="-20.172429735469912" lon="57.491550671089996"><ele>327.3</ele><time>2026-10-01T14:04:16.000Z</time></trkpt><trkpt lat="-20.172429468803244" lon="57.49155050442333"><ele>327.3</ele><time>2026-10-01T14:04:17.000Z</time></trkpt><trkpt lat="-20.17242910213658" lon="57.491550904423306"><ele>327.3</ele><time>2026-10-01T14:04:18.000Z</time></trkpt><trkpt lat="-20.172428735469914" lon="57.49155130442328"><ele>327.2</ele><time>2026-10-01T14:04:19.000Z</time></trkpt><trkpt lat="-20.172428368803246" lon="57.49155170442326"><ele>327.2</ele><time>2026-10-01T14:04:20.000Z</time></trkpt><trkpt lat="-20.17242800213658" lon="57.491552104423235"><ele>327.2</ele><time>2026-10-01T14:04:21.000Z</time></trkpt><trkpt lat="-20.172427768803246" lon="57.49155277108988"><ele>327.2</ele><time>2026-10-01T14:04:22.000Z</time></trkpt><trkpt lat="-20.17242763546991" lon="57.49155287108988"><ele>327.2</ele><time>2026-10-01T14:04:23.000Z</time></trkpt><trkpt lat="-20.17242750213658" lon="57.49155297108988"><ele>327.1</ele><time>2026-10-01T14:04:24.000Z</time></trkpt><trkpt lat="-20.172427802136593" lon="57.49155310442321"><ele>327.1</ele><time>2026-10-01T14:04:25.000Z</time></trkpt><trkpt lat="-20.172428168803275" lon="57.491553404423215"><ele>327.1</ele><time>2026-10-01T14:04:26.000Z</time></trkpt><trkpt lat="-20.172428668803292" lon="57.49155360442321"><ele>327.1</ele><time>2026-10-01T14:04:27.000Z</time></trkpt><trkpt lat="-20.17242916880331" lon="57.49155380442321"><ele>327.1</ele><time>2026-10-01T14:04:28.000Z</time></trkpt><trkpt lat="-20.172430035470004" lon="57.49155403775654"><ele>327.3</ele><time>2026-10-01T14:04:29.000Z</time></trkpt><trkpt lat="-20.17243046880335" lon="57.491554237756546"><ele>327.3</ele><time>2026-10-01T14:04:30.000Z</time></trkpt><trkpt lat="-20.17243073547003" lon="57.491554571089864"><ele>327.3</ele><time>2026-10-01T14:04:31.000Z</time></trkpt><trkpt lat="-20.17243100213671" lon="57.49155490442318"><ele>327.3</ele><time>2026-10-01T14:04:32.000Z</time></trkpt><trkpt lat="-20.172431135470056" lon="57.491555404423174"><ele>327.3</ele><time>2026-10-01T14:04:33.000Z</time></trkpt><trkpt lat="-20.172430902136725" lon="57.49155590442316"><ele>327.4</ele><time>2026-10-01T14:04:34.000Z</time></trkpt><trkpt lat="-20.172430668803393" lon="57.49155640442315"><ele>327.4</ele><time>2026-10-01T14:04:35.000Z</time></trkpt><trkpt lat="-20.17243053547006" lon="57.491556604423145"><ele>327.4</ele><time>2026-10-01T14:04:36.000Z</time></trkpt><trkpt lat="-20.172430402136726" lon="57.49155680442315"><ele>327.4</ele><time>2026-10-01T14:04:37.000Z</time></trkpt><trkpt lat="-20.172430402136726" lon="57.49155683775648"><ele>327.4</ele><time>2026-10-01T14:04:38.000Z</time></trkpt><trkpt lat="-20.17243053547006" lon="57.49155730442313"><ele>327.6</ele><time>2026-10-01T14:04:39.000Z</time></trkpt><trkpt lat="-20.172430668803393" lon="57.49155777108979"><ele>327.6</ele><time>2026-10-01T14:04:40.000Z</time></trkpt><trkpt lat="-20.172430802136724" lon="57.49155823775644"><ele>327.6</ele><time>2026-10-01T14:04:41.000Z</time></trkpt><trkpt lat="-20.172430935470057" lon="57.4915587044231"><ele>327.6</ele><time>2026-10-01T14:04:42.000Z</time></trkpt><trkpt lat="-20.17243106880339" lon="57.49155917108975"><ele>327.6</ele><time>2026-10-01T14:04:43.000Z</time></trkpt><trkpt lat="-20.17243106880339" lon="57.49155917108975"><ele>327.8</ele><time>2026-10-01T14:04:44.000Z</time></trkpt><trkpt lat="-20.17243106880339" lon="57.49155917108975"><ele>327.8</ele><time>2026-10-01T14:04:45.000Z</time></trkpt><trkpt lat="-20.172431302136737" lon="57.49155907108975"><ele>327.8</ele><time>2026-10-01T14:04:46.000Z</time></trkpt><trkpt lat="-20.172431535470086" lon="57.49155897108975"><ele>327.8</ele><time>2026-10-01T14:04:47.000Z</time></trkpt><trkpt lat="-20.17243176880343" lon="57.49155887108975"><ele>327.8</ele><time>2026-10-01T14:04:48.000Z</time></trkpt><trkpt lat="-20.17243200213678" lon="57.49155877108975"><ele>327.8</ele><time>2026-10-01T14:04:49.000Z</time></trkpt><trkpt lat="-20.172432235470126" lon="57.49155867108975"><ele>327.8</ele><time>2026-10-01T14:04:50.000Z</time></trkpt><trkpt lat="-20.172432235470126" lon="57.49155867108975"><ele>327.8</ele><time>2026-10-01T14:04:51.000Z</time></trkpt><trkpt lat="-20.172432235470126" lon="57.49155867108975"><ele>327.8</ele><time>2026-10-01T14:04:52.000Z</time></trkpt><trkpt lat="-20.17243226880346" lon="57.49155873775641"><ele>327.8</ele><time>2026-10-01T14:04:53.000Z</time></trkpt><trkpt lat="-20.17243230213679" lon="57.49155880442307"><ele>327.7</ele><time>2026-10-01T14:04:54.000Z</time></trkpt><trkpt lat="-20.172432335470127" lon="57.49155887108974"><ele>327.7</ele><time>2026-10-01T14:04:55.000Z</time></trkpt><trkpt lat="-20.17243236880346" lon="57.49155893775641"><ele>327.7</ele><time>2026-10-01T14:04:56.000Z</time></trkpt><trkpt lat="-20.172432402136792" lon="57.491559004423074"><ele>327.7</ele><time>2026-10-01T14:04:57.000Z</time></trkpt><trkpt lat="-20.172432402136792" lon="57.49155900442308"><ele>327.7</ele><time>2026-10-01T14:04:58.000Z</time></trkpt><trkpt lat="-20.172432402136792" lon="57.49155900442308"><ele>327.5</ele><time>2026-10-01T14:04:59.000Z</time></trkpt><trkpt lat="-20.172432402136792" lon="57.49155900442308"><ele>327.5</ele><time>2026-10-01T14:05:00.000Z</time></trkpt><trkpt lat="-20.172431935470097" lon="57.49155963775645"><ele>327.5</ele><time>2026-10-01T14:05:01.000Z</time></trkpt><trkpt lat="-20.172431468803403" lon="57.49156027108982"><ele>327.5</ele><time>2026-10-01T14:05:02.000Z</time></trkpt><trkpt lat="-20.17243100213671" lon="57.49156090442318"><ele>327.5</ele><time>2026-10-01T14:05:03.000Z</time></trkpt><trkpt lat="-20.17243066880335" lon="57.491561971089894"><ele>327.5</ele><time>2026-10-01T14:05:04.000Z</time></trkpt><trkpt lat="-20.17242996880331" lon="57.49156280442325"><ele>327.5</ele><time>2026-10-01T14:05:05.000Z</time></trkpt><trkpt lat="-20.17242960213663" lon="57.491562971089934"><ele>327.5</ele><time>2026-10-01T14:05:06.000Z</time></trkpt><trkpt lat="-20.172429768803287" lon="57.49156260442328"><ele>327.5</ele><time>2026-10-01T14:05:07.000Z</time></trkpt><trkpt lat="-20.172429935469943" lon="57.491562237756625"><ele>327.5</ele><time>2026-10-01T14:05:08.000Z</time></trkpt><trkpt lat="-20.172430002136593" lon="57.49156167108997"><ele>327.8</ele><time>2026-10-01T14:05:09.000Z</time></trkpt><trkpt lat="-20.172430435469927" lon="57.49156133775665"><ele>327.8</ele><time>2026-10-01T14:05:10.000Z</time></trkpt><trkpt lat="-20.172431002136598" lon="57.491561037756654"><ele>327.8</ele><time>2026-10-01T14:05:11.000Z</time></trkpt><trkpt lat="-20.17243103546993" lon="57.491561271089985"><ele>327.8</ele><time>2026-10-01T14:05:12.000Z</time></trkpt><trkpt lat="-20.172431068803263" lon="57.4915615044233"><ele>327.8</ele><time>2026-10-01T14:05:13.000Z</time></trkpt><trkpt lat="-20.172431068803263" lon="57.49156140442331"><ele>328.0</ele><time>2026-10-01T14:05:14.000Z</time></trkpt><trkpt lat="-20.172431068803263" lon="57.49156130442329"><ele>328.0</ele><time>2026-10-01T14:05:15.000Z</time></trkpt><trkpt lat="-20.172431068803263" lon="57.491561204423284"><ele>328.0</ele><time>2026-10-01T14:05:16.000Z</time></trkpt><trkpt lat="-20.172431068803263" lon="57.49156110442327"><ele>328.0</ele><time>2026-10-01T14:05:17.000Z</time></trkpt><trkpt lat="-20.172431068803263" lon="57.49156100442326"><ele>328.0</ele><time>2026-10-01T14:05:18.000Z</time></trkpt><trkpt lat="-20.172431068803263" lon="57.49156100442326"><ele>328.0</ele><time>2026-10-01T14:05:19.000Z</time></trkpt><trkpt lat="-20.172431068803263" lon="57.49156100442326"><ele>328.0</ele><time>2026-10-01T14:05:20.000Z</time></trkpt><trkpt lat="-20.17243123546993" lon="57.49156087108993"><ele>328.0</ele><time>2026-10-01T14:05:21.000Z</time></trkpt><trkpt lat="-20.172430835469942" lon="57.491560404423254"><ele>328.0</ele><time>2026-10-01T14:05:22.000Z</time></trkpt><trkpt lat="-20.172430435469956" lon="57.49155993775658"><ele>328.0</ele><time>2026-10-01T14:05:23.000Z</time></trkpt><trkpt lat="-20.172430035469965" lon="57.4915594710899"><ele>327.9</ele><time>2026-10-01T14:05:24.000Z</time></trkpt><trkpt lat="-20.172430068803326" lon="57.49155947108991"><ele>327.9</ele><time>2026-10-01T14:05:25.000Z</time></trkpt><trkpt lat="-20.1724307021367" lon="57.4915587710899"><ele>327.9</ele><time>2026-10-01T14:05:26.000Z</time></trkpt><trkpt lat="-20.172431468803385" lon="57.49155860442323"><ele>327.9</ele><time>2026-10-01T14:05:27.000Z</time></trkpt><trkpt lat="-20.172432235470065" lon="57.49155850442323"><ele>327.9</ele><time>2026-10-01T14:05:28.000Z</time></trkpt><trkpt lat="-20.172433068803414" lon="57.4915583710899"><ele>327.9</ele><time>2026-10-01T14:05:29.000Z</time></trkpt><trkpt lat="-20.172433468803415" lon="57.49155787108989"><ele>327.9</ele><time>2026-10-01T14:05:30.000Z</time></trkpt><trkpt lat="-20.17243343547007" lon="57.491558137756556"><ele>327.9</ele><time>2026-10-01T14:05:31.000Z</time></trkpt><trkpt lat="-20.17243383547007" lon="57.49155820442322"><ele>327.9</ele><time>2026-10-01T14:05:32.000Z</time></trkpt><trkpt lat="-20.17243423547007" lon="57.49155820442322"><ele>327.9</ele><time>2026-10-01T14:05:33.000Z</time></trkpt><trkpt lat="-20.172434568803407" lon="57.49155823775656"><ele>327.9</ele><time>2026-10-01T14:05:34.000Z</time></trkpt><trkpt lat="-20.17243453547006" lon="57.49155970442323"><ele>327.9</ele><time>2026-10-01T14:05:35.000Z</time></trkpt><trkpt lat="-20.17243426880338" lon="57.49156117108989"><ele>327.9</ele><time>2026-10-01T14:05:36.000Z</time></trkpt><trkpt lat="-20.1724340021367" lon="57.49156263775656"><ele>327.9</ele><time>2026-10-01T14:05:37.000Z</time></trkpt><trkpt lat="-20.17243373547002" lon="57.49156367108988"><ele>327.9</ele><time>2026-10-01T14:05:38.000Z</time></trkpt><trkpt lat="-20.172432668803335" lon="57.49156367108983"><ele>327.5</ele><time>2026-10-01T14:05:39.000Z</time></trkpt><trkpt lat="-20.172432335470017" lon="57.491562037756445"><ele>327.5</ele><time>2026-10-01T14:05:40.000Z</time></trkpt><trkpt lat="-20.172431735470028" lon="57.49156030442307"><ele>327.5</ele><time>2026-10-01T14:05:41.000Z</time></trkpt><trkpt lat="-20.17243153547004" lon="57.4915589710897"><ele>327.5</ele><time>2026-10-01T14:05:42.000Z</time></trkpt><trkpt lat="-20.172432068803413" lon="57.49155837108968"><ele>327.5</ele><time>2026-10-01T14:05:43.000Z</time></trkpt><trkpt lat="-20.172433602136792" lon="57.49155900442302"><ele>327.2</ele><time>2026-10-01T14:05:44.000Z</time></trkpt><trkpt lat="-20.172436135470143" lon="57.491559571089695"><ele>327.2</ele><time>2026-10-01T14:05:45.000Z</time></trkpt><trkpt lat="-20.172439068803513" lon="57.49156060442306"><ele>327.2</ele><time>2026-10-01T14:05:46.000Z</time></trkpt><trkpt lat="-20.172441268803546" lon="57.49156050442307"><ele>327.2</ele><time>2026-10-01T14:05:47.000Z</time></trkpt><trkpt lat="-20.17244273547022" lon="57.49156010442308"><ele>327.2</ele><time>2026-10-01T14:05:48.000Z</time></trkpt><trkpt lat="-20.17244436880357" lon="57.49155953775644"><ele>327.1</ele><time>2026-10-01T14:05:49.000Z</time></trkpt><trkpt lat="-20.17244490213693" lon="57.491558171089785"><ele>327.1</ele><time>2026-10-01T14:05:50.000Z</time></trkpt><trkpt lat="-20.172444802136944" lon="57.49155767108975"><ele>327.1</ele><time>2026-10-01T14:05:51.000Z</time></trkpt><trkpt lat="-20.172445035470293" lon="57.49155883775641"><ele>327.1</ele><time>2026-10-01T14:05:52.000Z</time></trkpt><trkpt lat="-20.17244596880363" lon="57.49156027108971"><ele>327.1</ele><time>2026-10-01T14:05:53.000Z</time></trkpt><trkpt lat="-20.17244640213695" lon="57.49156140442301"><ele>327.5</ele><time>2026-10-01T14:05:54.000Z</time></trkpt><trkpt lat="-20.17244643547027" lon="57.49156367108966"><ele>327.5</ele><time>2026-10-01T14:05:55.000Z</time></trkpt><trkpt lat="-20.172446768803592" lon="57.49156523775635"><ele>327.5</ele><time>2026-10-01T14:05:56.000Z</time></trkpt><trkpt lat="-20.17244706880358" lon="57.491566037756364"><ele>327.5</ele><time>2026-10-01T14:05:57.000Z</time></trkpt><trkpt lat="-20.17244666880358" lon="57.49156657108972"><ele>327.5</ele><time>2026-10-01T14:05:58.000Z</time></trkpt><trkpt lat="-20.17244640213691" lon="57.49156737108975"><ele>327.7</ele><time>2026-10-01T14:05:59.000Z</time></trkpt><trkpt lat="-20.172446268803576" lon="57.49156800442311"><ele>327.7</ele><time>2026-10-01T14:06:00.000Z</time></trkpt><trkpt lat="-20.172446235470243" lon="57.49156817108978"><ele>327.7</ele><time>2026-10-01T14:06:01.000Z</time></trkpt><trkpt lat="-20.172446235470243" lon="57.49156817108978"><ele>327.7</ele><time>2026-10-01T14:06:02.000Z</time></trkpt><trkpt lat="-20.172446235470243" lon="57.49156817108978"><ele>327.7</ele><time>2026-10-01T14:06:03.000Z</time></trkpt><trkpt lat="-20.172446235470243" lon="57.49156817108978"><ele>327.7</ele><time>2026-10-01T14:06:04.000Z</time></trkpt><trkpt lat="-20.172446235470243" lon="57.49156817108978"><ele>327.7</ele><time>2026-10-01T14:06:05.000Z</time></trkpt><trkpt lat="-20.172446168803578" lon="57.49156840442312"><ele>327.7</ele><time>2026-10-01T14:06:06.000Z</time></trkpt><trkpt lat="-20.17244626880358" lon="57.49156877108978"><ele>327.7</ele><time>2026-10-01T14:06:07.000Z</time></trkpt><trkpt lat="-20.172446235470247" lon="57.49156863775645"><ele>327.7</ele><time>2026-10-01T14:06:08.000Z</time></trkpt><trkpt lat="-20.172446202136914" lon="57.491568504423114"><ele>327.4</ele><time>2026-10-01T14:06:09.000Z</time></trkpt><trkpt lat="-20.17244616880358" lon="57.491568371089784"><ele>327.4</ele><time>2026-10-01T14:06:10.000Z</time></trkpt><trkpt lat="-20.172446202136914" lon="57.491568004423115"><ele>327.4</ele><time>2026-10-01T14:06:11.000Z</time></trkpt><trkpt lat="-20.17244666880361" lon="57.49156747108977"><ele>327.4</ele><time>2026-10-01T14:06:12.000Z</time></trkpt><trkpt lat="-20.17244726880364" lon="57.491567437756444"><ele>327.4</ele><time>2026-10-01T14:06:13.000Z</time></trkpt><trkpt lat="-20.17244786880367" lon="57.491567404423094"><ele>327.1</ele><time>2026-10-01T14:06:14.000Z</time></trkpt><trkpt lat="-20.172448535470366" lon="57.49156707108976"><ele>327.1</ele><time>2026-10-01T14:06:15.000Z</time></trkpt><trkpt lat="-20.17244990213705" lon="57.4915663044231"><ele>327.1</ele><time>2026-10-01T14:06:16.000Z</time></trkpt><trkpt lat="-20.172450835470368" lon="57.49156563775644"><ele>327.1</ele><time>2026-10-01T14:06:17.000Z</time></trkpt><trkpt lat="-20.17245170213702" lon="57.491563971089725"><ele>327.1</ele><time>2026-10-01T14:06:18.000Z</time></trkpt><trkpt lat="-20.172452935470357" lon="57.491561771089664"><ele>327.0</ele><time>2026-10-01T14:06:19.000Z</time></trkpt><trkpt lat="-20.172454602137044" lon="57.49156033775627"><ele>327.0</ele><time>2026-10-01T14:06:20.000Z</time></trkpt><trkpt lat="-20.17245600213709" lon="57.4915592377562"><ele>327.0</ele><time>2026-10-01T14:06:21.000Z</time></trkpt><trkpt lat="-20.172457302137133" lon="57.491558637756114"><ele>327.0</ele><time>2026-10-01T14:06:22.000Z</time></trkpt><trkpt lat="-20.172458868803847" lon="57.49155927108941"><ele>327.0</ele><time>2026-10-01T14:06:23.000Z</time></trkpt><trkpt lat="-20.172460568803892" lon="57.49156080442274"><ele>327.2</ele><time>2026-10-01T14:06:24.000Z</time></trkpt><trkpt lat="-20.172461935470587" lon="57.49156213775607"><ele>327.2</ele><time>2026-10-01T14:06:25.000Z</time></trkpt><trkpt lat="-20.172462868803937" lon="57.4915635710894"><ele>327.2</ele><time>2026-10-01T14:06:26.000Z</time></trkpt><trkpt lat="-20.172463735470618" lon="57.491564437756075"><ele>327.2</ele><time>2026-10-01T14:06:27.000Z</time></trkpt><trkpt lat="-20.17246423547063" lon="57.49156543775608"><ele>327.2</ele><time>2026-10-01T14:06:28.000Z</time></trkpt><trkpt lat="-20.17246423547063" lon="57.491566071089416"><ele>327.4</ele><time>2026-10-01T14:06:29.000Z</time></trkpt><trkpt lat="-20.1724639021373" lon="57.4915665710894"><ele>327.4</ele><time>2026-10-01T14:06:30.000Z</time></trkpt><trkpt lat="-20.172463568803966" lon="57.49156707108939"><ele>327.4</ele><time>2026-10-01T14:06:31.000Z</time></trkpt><trkpt lat="-20.172463235470634" lon="57.49156757108938"><ele>327.4</ele><time>2026-10-01T14:06:32.000Z</time></trkpt><trkpt lat="-20.172462768803953" lon="57.49156813775604"><ele>327.4</ele><time>2026-10-01T14:06:33.000Z</time></trkpt><trkpt lat="-20.172462302137273" lon="57.491568704422704"><ele>327.4</ele><time>2026-10-01T14:06:34.000Z</time></trkpt><trkpt lat="-20.17246200213726" lon="57.491568871089385"><ele>327.4</ele><time>2026-10-01T14:06:35.000Z</time></trkpt><trkpt lat="-20.172461702137248" lon="57.491569037756065"><ele>327.4</ele><time>2026-10-01T14:06:36.000Z</time></trkpt><trkpt lat="-20.172461402137234" lon="57.49156920442274"><ele>327.4</ele><time>2026-10-01T14:06:37.000Z</time></trkpt><trkpt lat="-20.172461402137234" lon="57.491568937756085"><ele>327.4</ele><time>2026-10-01T14:06:38.000Z</time></trkpt><trkpt lat="-20.172461402137234" lon="57.49156867108943"><ele>327.0</ele><time>2026-10-01T14:06:39.000Z</time></trkpt><trkpt lat="-20.172461402137234" lon="57.49156867108943"><ele>327.0</ele><time>2026-10-01T14:06:40.000Z</time></trkpt><trkpt lat="-20.172461402137234" lon="57.49156867108943"><ele>327.0</ele><time>2026-10-01T14:06:41.000Z</time></trkpt><trkpt lat="-20.172461402137234" lon="57.49156867108943"><ele>327.0</ele><time>2026-10-01T14:06:42.000Z</time></trkpt><trkpt lat="-20.172460835470577" lon="57.49156803775607"><ele>327.0</ele><time>2026-10-01T14:06:43.000Z</time></trkpt><trkpt lat="-20.172460268803924" lon="57.491567404422696"><ele>326.8</ele><time>2026-10-01T14:06:44.000Z</time></trkpt><trkpt lat="-20.172460402137254" lon="57.49156613775597"><ele>326.8</ele><time>2026-10-01T14:06:45.000Z</time></trkpt><trkpt lat="-20.172460535470588" lon="57.49156487108924"><ele>326.8</ele><time>2026-10-01T14:06:46.000Z</time></trkpt><trkpt lat="-20.172460835470588" lon="57.49156387108917"><ele>326.8</ele><time>2026-10-01T14:06:47.000Z</time></trkpt><trkpt lat="-20.17246170213724" lon="57.49156350442247"><ele>326.8</ele><time>2026-10-01T14:06:48.000Z</time></trkpt><trkpt lat="-20.172462402137228" lon="57.491563271089106"><ele>326.8</ele><time>2026-10-01T14:06:49.000Z</time></trkpt><trkpt lat="-20.17246220213723" lon="57.491563771089105"><ele>326.8</ele><time>2026-10-01T14:06:50.000Z</time></trkpt><trkpt lat="-20.17246173547056" lon="57.491564137755766"><ele>326.8</ele><time>2026-10-01T14:06:51.000Z</time></trkpt><trkpt lat="-20.172461102137227" lon="57.49156423775578"><ele>326.8</ele><time>2026-10-01T14:06:52.000Z</time></trkpt><trkpt lat="-20.1724595354705" lon="57.491563371089136"><ele>326.8</ele><time>2026-10-01T14:06:53.000Z</time></trkpt><trkpt lat="-20.172457002137133" lon="57.49156293775585"><ele>326.7</ele><time>2026-10-01T14:06:54.000Z</time></trkpt><trkpt lat="-20.1724544021371" lon="57.49156260442256"><ele>326.7</ele><time>2026-10-01T14:06:55.000Z</time></trkpt><trkpt lat="-20.172452402137065" lon="57.49156267108926"><ele>326.7</ele><time>2026-10-01T14:06:56.000Z</time></trkpt><trkpt lat="-20.172450368803702" lon="57.4915623710893"><ele>326.7</ele><time>2026-10-01T14:06:57.000Z</time></trkpt><trkpt lat="-20.17245010213705" lon="57.49156383775598"><ele>326.7</ele><time>2026-10-01T14:06:58.000Z</time></trkpt><trkpt lat="-20.17245110213704" lon="57.49156503775598"><ele>326.3</ele><time>2026-10-01T14:06:59.000Z</time></trkpt><trkpt lat="-20.172452602137046" lon="57.49156593775598"><ele>326.3</ele><time>2026-10-01T14:07:00.000Z</time></trkpt><trkpt lat="-20.17245350213705" lon="57.49156670442265"><ele>326.3</ele><time>2026-10-01T14:07:01.000Z</time></trkpt><trkpt lat="-20.172454468803718" lon="57.491567737756"><ele>326.3</ele><time>2026-10-01T14:07:02.000Z</time></trkpt><trkpt lat="-20.172454802137068" lon="57.49156793775601"><ele>326.3</ele><time>2026-10-01T14:07:03.000Z</time></trkpt><trkpt lat="-20.172455002137085" lon="57.49156783775601"><ele>326.2</ele><time>2026-10-01T14:07:04.000Z</time></trkpt><trkpt lat="-20.172454902137087" lon="57.49156780442269"><ele>326.2</ele><time>2026-10-01T14:07:05.000Z</time></trkpt><trkpt lat="-20.172455068803753" lon="57.49156763775602"><ele>326.2</ele><time>2026-10-01T14:07:06.000Z</time></trkpt><trkpt lat="-20.172455202137087" lon="57.49156757108936"><ele>326.2</ele><time>2026-10-01T14:07:07.000Z</time></trkpt><trkpt lat="-20.172455135470422" lon="57.49156753775603"><ele>326.2</ele><time>2026-10-01T14:07:08.000Z</time></trkpt><trkpt lat="-20.172455068803753" lon="57.49156750442271"><ele>326.5</ele><time>2026-10-01T14:07:09.000Z</time></trkpt><trkpt lat="-20.172455135470422" lon="57.491567337756045"><ele>326.5</ele><time>2026-10-01T14:07:10.000Z</time></trkpt><trkpt lat="-20.172455202137087" lon="57.49156717108938"><ele>326.5</ele><time>2026-10-01T14:07:11.000Z</time></trkpt><trkpt lat="-20.172455268803752" lon="57.49156700442271"><ele>326.5</ele><time>2026-10-01T14:07:12.000Z</time></trkpt><trkpt lat="-20.17245533547042" lon="57.49156683775605"><ele>326.5</ele><time>2026-10-01T14:07:13.000Z</time></trkpt><trkpt lat="-20.172455402137086" lon="57.49156667108938"><ele>327.1</ele><time>2026-10-01T14:07:14.000Z</time></trkpt><trkpt lat="-20.172455402137086" lon="57.49156667108938"><ele>327.1</ele><time>2026-10-01T14:07:15.000Z</time></trkpt><trkpt lat="-20.172455402137086" lon="57.49156667108938"><ele>327.1</ele><time>2026-10-01T14:07:16.000Z</time></trkpt><trkpt lat="-20.17245400213711" lon="57.49156697108938"><ele>327.1</ele><time>2026-10-01T14:07:17.000Z</time></trkpt><trkpt lat="-20.17245233547046" lon="57.49156803775605"><ele>327.1</ele><time>2026-10-01T14:07:18.000Z</time></trkpt><trkpt lat="-20.17245106880382" lon="57.491569671089394"><ele>327.3</ele><time>2026-10-01T14:07:19.000Z</time></trkpt><trkpt lat="-20.17245060213718" lon="57.49157197108938"><ele>327.3</ele><time>2026-10-01T14:07:20.000Z</time></trkpt><trkpt lat="-20.17244866880381" lon="57.49157393775603"><ele>327.3</ele><time>2026-10-01T14:07:21.000Z</time></trkpt><trkpt lat="-20.17244873547045" lon="57.49157557108934"><ele>327.3</ele><time>2026-10-01T14:07:22.000Z</time></trkpt><trkpt lat="-20.172449268803756" lon="57.49157663775598"><ele>327.3</ele><time>2026-10-01T14:07:23.000Z</time></trkpt><trkpt lat="-20.17244883547041" lon="57.4915765710893"><ele>327.8</ele><time>2026-10-01T14:07:24.000Z</time></trkpt><trkpt lat="-20.172447435470392" lon="57.49157560442262"><ele>327.8</ele><time>2026-10-01T14:07:25.000Z</time></trkpt><trkpt lat="-20.172447235470433" lon="57.49157383775597"><ele>327.8</ele><time>2026-10-01T14:07:26.000Z</time></trkpt><trkpt lat="-20.172445802137094" lon="57.491571337756"><ele>327.8</ele><time>2026-10-01T14:07:27.000Z</time></trkpt><trkpt lat="-20.17244253547043" lon="57.491567871089316"><ele>327.8</ele><time>2026-10-01T14:07:28.000Z</time></trkpt><trkpt lat="-20.172438802137073" lon="57.49156480442264"><ele>328.4</ele><time>2026-10-01T14:07:29.000Z</time></trkpt><trkpt lat="-20.172434668803728" lon="57.4915619710893"><ele>328.4</ele><time>2026-10-01T14:07:30.000Z</time></trkpt><trkpt lat="-20.172430602137048" lon="57.491560304422606"><ele>328.4</ele><time>2026-10-01T14:07:31.000Z</time></trkpt><trkpt lat="-20.17242736880372" lon="57.49155890442256"><ele>328.4</ele><time>2026-10-01T14:07:32.000Z</time></trkpt><trkpt lat="-20.17242530213702" lon="57.491558871089254"><ele>328.4</ele><time>2026-10-01T14:07:33.000Z</time></trkpt><trkpt lat="-20.172424368803675" lon="57.49155873775593"><ele>328.6</ele><time>2026-10-01T14:07:34.000Z</time></trkpt><trkpt lat="-20.17242400213698" lon="57.49155860442259"><ele>328.6</ele><time>2026-10-01T14:07:35.000Z</time></trkpt><trkpt lat="-20.172423735470286" lon="57.49155843775593"><ele>328.6</ele><time>2026-10-01T14:07:36.000Z</time></trkpt><trkpt lat="-20.17242293547026" lon="57.491558604422586"><ele>328.6</ele><time>2026-10-01T14:07:37.000Z</time></trkpt><trkpt lat="-20.172422602136926" lon="57.49155817108923"><ele>328.6</ele><time>2026-10-01T14:07:38.000Z</time></trkpt><trkpt lat="-20.17242216880359" lon="57.491558004422565"><ele>328.5</ele><time>2026-10-01T14:07:39.000Z</time></trkpt><trkpt lat="-20.17242140213692" lon="57.49155660442257"><ele>328.5</ele><time>2026-10-01T14:07:40.000Z</time></trkpt><trkpt lat="-20.17241986880355" lon="57.491555171089246"><ele>328.5</ele><time>2026-10-01T14:07:41.000Z</time></trkpt><trkpt lat="-20.172417802136827" lon="57.49155443775593"><ele>328.5</ele><time>2026-10-01T14:07:42.000Z</time></trkpt><trkpt lat="-20.172415868803434" lon="57.4915541044226"><ele>328.5</ele><time>2026-10-01T14:07:43.000Z</time></trkpt><trkpt lat="-20.172413902136707" lon="57.49155347108926"><ele>327.8</ele><time>2026-10-01T14:07:44.000Z</time></trkpt><trkpt lat="-20.172412535469984" lon="57.49155430442257"><ele>327.8</ele><time>2026-10-01T14:07:45.000Z</time></trkpt><trkpt lat="-20.172412535469974" lon="57.491554604422575"><ele>327.8</ele><time>2026-10-01T14:07:46.000Z</time></trkpt><trkpt lat="-20.172412968803307" lon="57.49155230442252"><ele>327.8</ele><time>2026-10-01T14:07:47.000Z</time></trkpt><trkpt lat="-20.172411802136583" lon="57.49154900442246"><ele>327.8</ele><time>2026-10-01T14:07:48.000Z</time></trkpt><trkpt lat="-20.172409535469882" lon="57.49154497108911"><ele>327.4</ele><time>2026-10-01T14:07:49.000Z</time></trkpt><trkpt lat="-20.17240610213655" lon="57.491539537755806"><ele>327.4</ele><time>2026-10-01T14:07:50.000Z</time></trkpt><trkpt lat="-20.172402002136533" lon="57.491534604422476"><ele>327.4</ele><time>2026-10-01T14:07:51.000Z</time></trkpt><trkpt lat="-20.172398402136533" lon="57.491532004422524"><ele>327.4</ele><time>2026-10-01T14:07:52.000Z</time></trkpt><trkpt lat="-20.172397068803264" lon="57.49152973775593"><ele>327.4</ele><time>2026-10-01T14:07:53.000Z</time></trkpt><trkpt lat="-20.17239680213664" lon="57.49152910442267"><ele>327.0</ele><time>2026-10-01T14:07:54.000Z</time></trkpt><trkpt lat="-20.172397435469975" lon="57.49152983775603"><ele>327.0</ele><time>2026-10-01T14:07:55.000Z</time></trkpt><trkpt lat="-20.172397868803294" lon="57.491530704422736"><ele>327.0</ele><time>2026-10-01T14:07:56.000Z</time></trkpt><trkpt lat="-20.172398068803282" lon="57.4915308377561"><ele>327.0</ele><time>2026-10-01T14:07:57.000Z</time></trkpt><trkpt lat="-20.172397768803286" lon="57.49153073775612"><ele>327.0</ele><time>2026-10-01T14:07:58.000Z</time></trkpt><trkpt lat="-20.17239753546995" lon="57.491530037756114"><ele>326.9</ele><time>2026-10-01T14:07:59.000Z</time></trkpt><trkpt lat="-20.17239730213662" lon="57.4915291377561"><ele>326.9</ele><time>2026-10-01T14:08:00.000Z</time></trkpt><trkpt lat="-20.172397402136635" lon="57.491527837756095"><ele>326.9</ele><time>2026-10-01T14:08:01.000Z</time></trkpt><trkpt lat="-20.17239750213665" lon="57.49152713775609"><ele>326.9</ele><time>2026-10-01T14:08:02.000Z</time></trkpt><trkpt lat="-20.172397402136646" lon="57.49152737108942"><ele>326.9</ele><time>2026-10-01T14:08:03.000Z</time></trkpt><trkpt lat="-20.172397268803316" lon="57.49152737108941"><ele>326.8</ele><time>2026-10-01T14:08:04.000Z</time></trkpt><trkpt lat="-20.17239710213665" lon="57.491527204422745"><ele>326.8</ele><time>2026-10-01T14:08:05.000Z</time></trkpt><trkpt lat="-20.172396968803316" lon="57.49152737108941"><ele>326.8</ele><time>2026-10-01T14:08:06.000Z</time></trkpt><trkpt lat="-20.172396768803303" lon="57.49152727108941"><ele>326.8</ele><time>2026-10-01T14:08:07.000Z</time></trkpt><trkpt lat="-20.172396435469956" lon="57.491526471089415"><ele>326.8</ele><time>2026-10-01T14:08:08.000Z</time></trkpt><trkpt lat="-20.172396135469942" lon="57.49152590442276"><ele>326.4</ele><time>2026-10-01T14:08:09.000Z</time></trkpt><trkpt lat="-20.17239586880326" lon="57.49152550442276"><ele>326.4</ele><time>2026-10-01T14:08:10.000Z</time></trkpt><trkpt lat="-20.172395602136582" lon="57.49152510442276"><ele>326.4</ele><time>2026-10-01T14:08:11.000Z</time></trkpt><trkpt lat="-20.172395568803246" lon="57.491524837756096"><ele>326.4</ele><time>2026-10-01T14:08:12.000Z</time></trkpt><trkpt lat="-20.172395568803246" lon="57.491524837756096"><ele>326.4</ele><time>2026-10-01T14:08:13.000Z</time></trkpt><trkpt lat="-20.172395368803244" lon="57.491524737756095"><ele>325.9</ele><time>2026-10-01T14:08:14.000Z</time></trkpt><trkpt lat="-20.17239516880324" lon="57.49152463775609"><ele>325.9</ele><time>2026-10-01T14:08:15.000Z</time></trkpt><trkpt lat="-20.172395435469934" lon="57.491524604422764"><ele>325.9</ele><time>2026-10-01T14:08:16.000Z</time></trkpt><trkpt lat="-20.17239570213663" lon="57.49152457108943"><ele>325.9</ele><time>2026-10-01T14:08:17.000Z</time></trkpt><trkpt lat="-20.172395968803322" lon="57.49152453775609"><ele>325.9</ele><time>2026-10-01T14:08:18.000Z</time></trkpt><trkpt lat="-20.17239643547002" lon="57.491524604422764"><ele>325.8</ele><time>2026-10-01T14:08:19.000Z</time></trkpt><trkpt lat="-20.172396835470046" lon="57.491524237756096"><ele>325.8</ele><time>2026-10-01T14:08:20.000Z</time></trkpt><trkpt lat="-20.172396768803377" lon="57.49152380442276"><ele>325.8</ele><time>2026-10-01T14:08:21.000Z</time></trkpt><trkpt lat="-20.172396702136712" lon="57.49152337108943"><ele>325.8</ele><time>2026-10-01T14:08:22.000Z</time></trkpt><trkpt lat="-20.172396635470044" lon="57.4915229377561"><ele>325.8</ele><time>2026-10-01T14:08:23.000Z</time></trkpt><trkpt lat="-20.17239656880338" lon="57.49152250442277"><ele>325.6</ele><time>2026-10-01T14:08:24.000Z</time></trkpt><trkpt lat="-20.17239656880338" lon="57.49152250442277"><ele>325.6</ele><time>2026-10-01T14:08:25.000Z</time></trkpt><trkpt lat="-20.17239656880338" lon="57.49152250442277"><ele>325.6</ele><time>2026-10-01T14:08:26.000Z</time></trkpt><trkpt lat="-20.17239656880338" lon="57.49152250442277"><ele>325.6</ele><time>2026-10-01T14:08:27.000Z</time></trkpt><trkpt lat="-20.17239660213671" lon="57.49152237108943"><ele>325.6</ele><time>2026-10-01T14:08:28.000Z</time></trkpt><trkpt lat="-20.172395602136696" lon="57.491521404422755"><ele>325.5</ele><time>2026-10-01T14:08:29.000Z</time></trkpt><trkpt lat="-20.17239380213668" lon="57.49152110442277"><ele>325.5</ele><time>2026-10-01T14:08:30.000Z</time></trkpt><trkpt lat="-20.17239200213666" lon="57.491520804422784"><ele>325.5</ele><time>2026-10-01T14:08:31.000Z</time></trkpt><trkpt lat="-20.172390202136643" lon="57.491520504422795"><ele>325.5</ele><time>2026-10-01T14:08:32.000Z</time></trkpt><trkpt lat="-20.172388002136607" lon="57.49152053775615"><ele>325.5</ele><time>2026-10-01T14:08:33.000Z</time></trkpt><trkpt lat="-20.172387802136633" lon="57.491521004422836"><ele>325.5</ele><time>2026-10-01T14:08:34.000Z</time></trkpt><trkpt lat="-20.17238876880334" lon="57.49152093775617"><ele>325.5</ele><time>2026-10-01T14:08:35.000Z</time></trkpt><trkpt lat="-20.1723893021367" lon="57.49152133775617"><ele>325.5</ele><time>2026-10-01T14:08:36.000Z</time></trkpt><trkpt lat="-20.172389402136712" lon="57.49152197108951"><ele>325.5</ele><time>2026-10-01T14:08:37.000Z</time></trkpt><trkpt lat="-20.17238970213674" lon="57.49152243775618"><ele>325.5</ele><time>2026-10-01T14:08:38.000Z</time></trkpt><trkpt lat="-20.17238860213671" lon="57.49152340442286"><ele>325.4</ele><time>2026-10-01T14:08:39.000Z</time></trkpt><trkpt lat="-20.172387135469997" lon="57.491524237756195"><ele>325.4</ele><time>2026-10-01T14:08:40.000Z</time></trkpt><trkpt lat="-20.172386102136635" lon="57.49152460442288"><ele>325.4</ele><time>2026-10-01T14:08:41.000Z</time></trkpt><trkpt lat="-20.172385502136617" lon="57.49152473775621"><ele>325.4</ele><time>2026-10-01T14:08:42.000Z</time></trkpt><trkpt lat="-20.17238506880327" lon="57.49152483775621"><ele>325.4</ele><time>2026-10-01T14:08:43.000Z</time></trkpt><trkpt lat="-20.17238506880327" lon="57.49152483775621"><ele>325.2</ele><time>2026-10-01T14:08:44.000Z</time></trkpt><trkpt lat="-20.17238506880327" lon="57.49152483775621"><ele>325.2</ele><time>2026-10-01T14:08:45.000Z</time></trkpt><trkpt lat="-20.17238506880327" lon="57.49152483775621"><ele>325.2</ele><time>2026-10-01T14:08:46.000Z</time></trkpt><trkpt lat="-20.17238506880327" lon="57.49152483775621"><ele>325.2</ele><time>2026-10-01T14:08:47.000Z</time></trkpt><trkpt lat="-20.17238506880327" lon="57.49152483775621"><ele>325.2</ele><time>2026-10-01T14:08:48.000Z</time></trkpt><trkpt lat="-20.17238506880327" lon="57.49152483775621"><ele>325.1</ele><time>2026-10-01T14:08:49.000Z</time></trkpt><trkpt lat="-20.172384935469935" lon="57.49152507108954"><ele>325.1</ele><time>2026-10-01T14:08:50.000Z</time></trkpt><trkpt lat="-20.1723848021366" lon="57.49152530442287"><ele>325.1</ele><time>2026-10-01T14:08:51.000Z</time></trkpt><trkpt lat="-20.172384668803268" lon="57.4915255377562"><ele>325.1</ele><time>2026-10-01T14:08:52.000Z</time></trkpt><trkpt lat="-20.172384535469938" lon="57.49152577108954"><ele>325.1</ele><time>2026-10-01T14:08:53.000Z</time></trkpt><trkpt lat="-20.172384402136604" lon="57.49152600442287"><ele>325.2</ele><time>2026-10-01T14:08:54.000Z</time></trkpt><trkpt lat="-20.172384402136604" lon="57.49152600442287"><ele>325.2</ele><time>2026-10-01T14:08:55.000Z</time></trkpt><trkpt lat="-20.172384402136604" lon="57.49152600442287"><ele>325.2</ele><time>2026-10-01T14:08:56.000Z</time></trkpt><trkpt lat="-20.172384402136604" lon="57.49152600442287"><ele>325.2</ele><time>2026-10-01T14:08:57.000Z</time></trkpt><trkpt lat="-20.172384668803268" lon="57.49152637108955"><ele>325.2</ele><time>2026-10-01T14:08:58.000Z</time></trkpt><trkpt lat="-20.172385602136604" lon="57.491526671089545"><ele>325.5</ele><time>2026-10-01T14:08:59.000Z</time></trkpt><trkpt lat="-20.17238653546994" lon="57.49152697108955"><ele>325.5</ele><time>2026-10-01T14:09:00.000Z</time></trkpt><trkpt lat="-20.172387468803276" lon="57.491527271089545"><ele>325.5</ele><time>2026-10-01T14:09:01.000Z</time></trkpt><trkpt lat="-20.17238840213661" lon="57.49152757108955"><ele>325.5</ele><time>2026-10-01T14:09:02.000Z</time></trkpt><trkpt lat="-20.172389068803284" lon="57.491527504422876"><ele>325.5</ele><time>2026-10-01T14:09:03.000Z</time></trkpt><trkpt lat="-20.172389068803284" lon="57.491527504422876"><ele>325.6</ele><time>2026-10-01T14:09:04.000Z</time></trkpt><trkpt lat="-20.172389068803284" lon="57.491527504422876"><ele>325.6</ele><time>2026-10-01T14:09:05.000Z</time></trkpt><trkpt lat="-20.172389068803284" lon="57.491527504422876"><ele>325.6</ele><time>2026-10-01T14:09:06.000Z</time></trkpt><trkpt lat="-20.172389102136616" lon="57.49152753775621"><ele>325.6</ele><time>2026-10-01T14:09:07.000Z</time></trkpt><trkpt lat="-20.172389202136618" lon="57.491527504422876"><ele>325.6</ele><time>2026-10-01T14:09:08.000Z</time></trkpt><trkpt lat="-20.172389702136616" lon="57.491527504422876"><ele>325.5</ele><time>2026-10-01T14:09:09.000Z</time></trkpt><trkpt lat="-20.172390202136615" lon="57.491527504422876"><ele>325.5</ele><time>2026-10-01T14:09:10.000Z</time></trkpt><trkpt lat="-20.172390702136614" lon="57.491527504422876"><ele>325.5</ele><time>2026-10-01T14:09:11.000Z</time></trkpt><trkpt lat="-20.17239116880328" lon="57.49152747108955"><ele>325.5</ele><time>2026-10-01T14:09:12.000Z</time></trkpt><trkpt lat="-20.172391102136583" lon="57.49152927108956"><ele>325.5</ele><time>2026-10-01T14:09:13.000Z</time></trkpt><trkpt lat="-20.172390135469875" lon="57.49153303775621"><ele>325.1</ele><time>2026-10-01T14:09:14.000Z</time></trkpt><trkpt lat="-20.172388102136495" lon="57.49153797108951"><ele>325.1</ele><time>2026-10-01T14:09:15.000Z</time></trkpt><trkpt lat="-20.172385035469766" lon="57.4915447044228"><ele>325.1</ele><time>2026-10-01T14:09:16.000Z</time></trkpt><trkpt lat="-20.17238186880304" lon="57.49155180442277"><ele>325.1</ele><time>2026-10-01T14:09:17.000Z</time></trkpt><trkpt lat="-20.172377468802935" lon="57.49155717108939"><ele>325.1</ele><time>2026-10-01T14:09:18.000Z</time></trkpt><trkpt lat="-20.172372935469497" lon="57.49156153775611"><ele>324.9</ele><time>2026-10-01T14:09:19.000Z</time></trkpt><trkpt lat="-20.172368735469366" lon="57.491566204422895"><ele>324.9</ele><time>2026-10-01T14:09:20.000Z</time></trkpt><trkpt lat="-20.172365535469247" lon="57.491569504423026"><ele>324.9</ele><time>2026-10-01T14:09:21.000Z</time></trkpt><trkpt lat="-20.17236200213578" lon="57.49157343775649"><ele>324.9</ele><time>2026-10-01T14:09:22.000Z</time></trkpt><trkpt lat="-20.172359835469056" lon="57.491577837756644"><ele>324.9</ele><time>2026-10-01T14:09:23.000Z</time></trkpt><trkpt lat="-20.17235783546898" lon="57.49158253775671"><ele>324.4</ele><time>2026-10-01T14:09:24.000Z</time></trkpt><trkpt lat="-20.17235676880227" lon="57.49158663775678"><ele>324.4</ele><time>2026-10-01T14:09:25.000Z</time></trkpt><trkpt lat="-20.172355468802227" lon="57.491590904423525"><ele>324.4</ele><time>2026-10-01T14:09:26.000Z</time></trkpt><trkpt lat="-20.172354068802196" lon="57.49159517109024"><ele>324.4</ele><time>2026-10-01T14:09:27.000Z</time></trkpt><trkpt lat="-20.172352568802154" lon="57.491599871090294"><ele>324.4</ele><time>2026-10-01T14:09:28.000Z</time></trkpt><trkpt lat="-20.172351202135467" lon="57.49160423775702"><ele>324.0</ele><time>2026-10-01T14:09:29.000Z</time></trkpt><trkpt lat="-20.172349635468784" lon="57.49160853775703"><ele>324.0</ele><time>2026-10-01T14:09:30.000Z</time></trkpt><trkpt lat="-20.17234786880207" lon="57.49161360442365"><ele>324.0</ele><time>2026-10-01T14:09:31.000Z</time></trkpt><trkpt lat="-20.172346235468694" lon="57.49161977109039"><ele>324.0</ele><time>2026-10-01T14:09:32.000Z</time></trkpt><trkpt lat="-20.172344702135327" lon="57.491626137757144"><ele>324.0</ele><time>2026-10-01T14:09:33.000Z</time></trkpt><trkpt lat="-20.172344568801968" lon="57.49163243775723"><ele>323.6</ele><time>2026-10-01T14:09:34.000Z</time></trkpt><trkpt lat="-20.17234640213524" lon="57.49163910442402"><ele>323.6</ele><time>2026-10-01T14:09:35.000Z</time></trkpt><trkpt lat="-20.172350768801902" lon="57.4916447377575"><ele>323.6</ele><time>2026-10-01T14:09:36.000Z</time></trkpt><trkpt lat="-20.17235756880184" lon="57.49164830442419"><ele>323.6</ele><time>2026-10-01T14:09:37.000Z</time></trkpt><trkpt lat="-20.17236590213517" lon="57.49165110442421"><ele>323.6</ele><time>2026-10-01T14:09:38.000Z</time></trkpt><trkpt lat="-20.17237530213517" lon="57.49165423775757"><ele>322.2</ele><time>2026-10-01T14:09:39.000Z</time></trkpt><trkpt lat="-20.172385035468583" lon="57.49165723775759"><ele>322.2</ele><time>2026-10-01T14:09:40.000Z</time></trkpt><trkpt lat="-20.17239523546869" lon="57.49166097109101"><ele>322.2</ele><time>2026-10-01T14:09:41.000Z</time></trkpt><trkpt lat="-20.17240533546895" lon="57.491665837757736"><ele>322.2</ele><time>2026-10-01T14:09:42.000Z</time></trkpt><trkpt lat="-20.17241610213593" lon="57.49167120442445"><ele>322.2</ele><time>2026-10-01T14:09:43.000Z</time></trkpt><trkpt lat="-20.17242646880296" lon="57.491676371091174"><ele>320.5</ele><time>2026-10-01T14:09:44.000Z</time></trkpt><trkpt lat="-20.172436668803286" lon="57.49168107109123"><ele>320.5</ele><time>2026-10-01T14:09:45.000Z</time></trkpt><trkpt lat="-20.172446335470276" lon="57.491685371091236"><ele>320.5</ele><time>2026-10-01T14:09:46.000Z</time></trkpt><trkpt lat="-20.17245616880397" lon="57.49168913775793"><ele>320.5</ele><time>2026-10-01T14:09:47.000Z</time></trkpt><trkpt lat="-20.17246610213752" lon="57.49169250442465"><ele>320.5</ele><time>2026-10-01T14:09:48.000Z</time></trkpt><trkpt lat="-20.172476568804296" lon="57.49169567109135"><ele>319.8</ele><time>2026-10-01T14:09:49.000Z</time></trkpt><trkpt lat="-20.17248656880438" lon="57.49169853775807"><ele>319.8</ele><time>2026-10-01T14:09:50.000Z</time></trkpt><trkpt lat="-20.172496402137753" lon="57.49170137109142"><ele>319.8</ele><time>2026-10-01T14:09:51.000Z</time></trkpt><trkpt lat="-20.172506502137686" lon="57.49170450442482"><ele>319.8</ele><time>2026-10-01T14:09:52.000Z</time></trkpt><trkpt lat="-20.172516435470918" lon="57.4917079377582"><ele>319.8</ele><time>2026-10-01T14:09:53.000Z</time></trkpt><trkpt lat="-20.17252563547089" lon="57.49171137109156"><ele>318.7</ele><time>2026-10-01T14:09:54.000Z</time></trkpt><trkpt lat="-20.172535535470907" lon="57.49171527109159"><ele>318.7</ele><time>2026-10-01T14:09:55.000Z</time></trkpt><trkpt lat="-20.172545235470896" lon="57.491719404425"><ele>318.7</ele><time>2026-10-01T14:09:56.000Z</time></trkpt><trkpt lat="-20.172554302137588" lon="57.49172337109171"><ele>318.7</ele><time>2026-10-01T14:09:57.000Z</time></trkpt><trkpt lat="-20.172563702137694" lon="57.49172667109176"><ele>318.7</ele><time>2026-10-01T14:09:58.000Z</time></trkpt><trkpt lat="-20.172573435471215" lon="57.49173000442513"><ele>317.7</ele><time>2026-10-01T14:09:59.000Z</time></trkpt><trkpt lat="-20.172582368804736" lon="57.49173313775846"><ele>317.7</ele><time>2026-10-01T14:10:00.000Z</time></trkpt><trkpt lat="-20.172591335471576" lon="57.491736237758445"><ele>317.7</ele><time>2026-10-01T14:10:01.000Z</time></trkpt><trkpt lat="-20.172600335471735" lon="57.49173890442512"><ele>317.7</ele><time>2026-10-01T14:10:02.000Z</time></trkpt><trkpt lat="-20.17260900213848" lon="57.49174190442513"><ele>317.7</ele><time>2026-10-01T14:10:03.000Z</time></trkpt><trkpt lat="-20.1726170021385" lon="57.49174403775849"><ele>317.1</ele><time>2026-10-01T14:10:04.000Z</time></trkpt><trkpt lat="-20.1726254354719" lon="57.49174663775858"><ele>317.1</ele><time>2026-10-01T14:10:05.000Z</time></trkpt><trkpt lat="-20.17263366880538" lon="57.49174867109199"><ele>317.1</ele><time>2026-10-01T14:10:06.000Z</time></trkpt><trkpt lat="-20.17264176880547" lon="57.491750271092044"><ele>317.1</ele><time>2026-10-01T14:10:07.000Z</time></trkpt><trkpt lat="-20.17265013547233" lon="57.49175173775875"><ele>317.1</ele><time>2026-10-01T14:10:08.000Z</time></trkpt><trkpt lat="-20.172659535472548" lon="57.491753904425444"><ele>315.9</ele><time>2026-10-01T14:10:09.000Z</time></trkpt><trkpt lat="-20.172668435472747" lon="57.491755337758754"><ele>315.9</ele><time>2026-10-01T14:10:10.000Z</time></trkpt><trkpt lat="-20.17267720213956" lon="57.49175700442544"><ele>315.9</ele><time>2026-10-01T14:10:11.000Z</time></trkpt><trkpt lat="-20.172685602139744" lon="57.491759037758776"><ele>315.9</ele><time>2026-10-01T14:10:12.000Z</time></trkpt><trkpt lat="-20.172693902139862" lon="57.49176130442546"><ele>315.9</ele><time>2026-10-01T14:10:13.000Z</time></trkpt><trkpt lat="-20.172701735473282" lon="57.49176377109217"><ele>314.7</ele><time>2026-10-01T14:10:14.000Z</time></trkpt><trkpt lat="-20.172709668806664" lon="57.49176667109219"><ele>314.7</ele><time>2026-10-01T14:10:15.000Z</time></trkpt><trkpt lat="-20.17271793547335" lon="57.491769771092194"><ele>314.7</ele><time>2026-10-01T14:10:16.000Z</time></trkpt><trkpt lat="-20.172726702140057" lon="57.49177263775888"><ele>314.7</ele><time>2026-10-01T14:10:17.000Z</time></trkpt><trkpt lat="-20.17273350214013" lon="57.491775137758886"><ele>314.7</ele><time>2026-10-01T14:10:18.000Z</time></trkpt><trkpt lat="-20.172739535473518" lon="57.491777271092204"><ele>314.1</ele><time>2026-10-01T14:10:19.000Z</time></trkpt><trkpt lat="-20.172744768806908" lon="57.491778871092194"><ele>314.1</ele><time>2026-10-01T14:10:20.000Z</time></trkpt><trkpt lat="-20.172749935473654" lon="57.491780471092206"><ele>314.1</ele><time>2026-10-01T14:10:21.000Z</time></trkpt><trkpt lat="-20.172755168807043" lon="57.49178290442556"><ele>314.1</ele><time>2026-10-01T14:10:22.000Z</time></trkpt><trkpt lat="-20.172761968807116" lon="57.49178613775889"><ele>314.1</ele><time>2026-10-01T14:10:23.000Z</time></trkpt><trkpt lat="-20.1727691021405" lon="57.4917894377589"><ele>312.7</ele><time>2026-10-01T14:10:24.000Z</time></trkpt><trkpt lat="-20.172776035473905" lon="57.491793004425574"><ele>312.7</ele><time>2026-10-01T14:10:25.000Z</time></trkpt><trkpt lat="-20.172782602140682" lon="57.491795971092245"><ele>312.7</ele><time>2026-10-01T14:10:26.000Z</time></trkpt><trkpt lat="-20.17278846880742" lon="57.49179870442557"><ele>312.7</ele><time>2026-10-01T14:10:27.000Z</time></trkpt><trkpt lat="-20.172794435474117" lon="57.49180167109232"><ele>312.7</ele><time>2026-10-01T14:10:28.000Z</time></trkpt><trkpt lat="-20.172800835474188" lon="57.491804537759094"><ele>311.1</ele><time>2026-10-01T14:10:29.000Z</time></trkpt><trkpt lat="-20.172808135474277" lon="57.49180820442589"><ele>311.1</ele><time>2026-10-01T14:10:30.000Z</time></trkpt><trkpt lat="-20.172816568807672" lon="57.49181210442599"><ele>311.1</ele><time>2026-10-01T14:10:31.000Z</time></trkpt><trkpt lat="-20.172825502141087" lon="57.49181603775946"><ele>311.1</ele><time>2026-10-01T14:10:32.000Z</time></trkpt><trkpt lat="-20.17283486880798" lon="57.49181907109289"><ele>311.1</ele><time>2026-10-01T14:10:33.000Z</time></trkpt><trkpt lat="-20.17284373547486" lon="57.49182240442633"><ele>310.4</ele><time>2026-10-01T14:10:34.000Z</time></trkpt><trkpt lat="-20.172853035475114" lon="57.49182513775973"><ele>310.4</ele><time>2026-10-01T14:10:35.000Z</time></trkpt><trkpt lat="-20.172861535475363" lon="57.4918279044265"><ele>310.4</ele><time>2026-10-01T14:10:36.000Z</time></trkpt><trkpt lat="-20.172869935475653" lon="57.49183000442656"><ele>310.4</ele><time>2026-10-01T14:10:37.000Z</time></trkpt><trkpt lat="-20.172877102142515" lon="57.491832204426615"><ele>310.4</ele><time>2026-10-01T14:10:38.000Z</time></trkpt><trkpt lat="-20.172884768809393" lon="57.49183400442662"><ele>309.2</ele><time>2026-10-01T14:10:39.000Z</time></trkpt><trkpt lat="-20.172892002142895" lon="57.49183597109334"><ele>309.2</ele><time>2026-10-01T14:10:40.000Z</time></trkpt><trkpt lat="-20.172899068809688" lon="57.491837537760034"><ele>309.2</ele><time>2026-10-01T14:10:41.000Z</time></trkpt><trkpt lat="-20.172906335476508" lon="57.49184027109344"><ele>309.2</ele><time>2026-10-01T14:10:42.000Z</time></trkpt><trkpt lat="-20.172914435476706" lon="57.49184290442683"><ele>309.2</ele><time>2026-10-01T14:10:43.000Z</time></trkpt><trkpt lat="-20.172922268810236" lon="57.49184560442692"><ele>308.1</ele><time>2026-10-01T14:10:44.000Z</time></trkpt><trkpt lat="-20.172930668810423" lon="57.49184810442695"><ele>308.1</ele><time>2026-10-01T14:10:45.000Z</time></trkpt><trkpt lat="-20.172939368810702" lon="57.49185150442702"><ele>308.1</ele><time>2026-10-01T14:10:46.000Z</time></trkpt><trkpt lat="-20.172947835477633" lon="57.491853871093724"><ele>308.1</ele><time>2026-10-01T14:10:47.000Z</time></trkpt><trkpt lat="-20.172956435477847" lon="57.491856537760405"><ele>308.1</ele><time>2026-10-01T14:10:48.000Z</time></trkpt><trkpt lat="-20.17296580214463" lon="57.4918592377604"><ele>307.4</ele><time>2026-10-01T14:10:49.000Z</time></trkpt><trkpt lat="-20.172974202144708" lon="57.49186180442706"><ele>307.4</ele><time>2026-10-01T14:10:50.000Z</time></trkpt><trkpt lat="-20.172982768811494" lon="57.491864504426985"><ele>307.4</ele><time>2026-10-01T14:10:51.000Z</time></trkpt><trkpt lat="-20.172991268811536" lon="57.491868037760256"><ele>307.4</ele><time>2026-10-01T14:10:52.000Z</time></trkpt><trkpt lat="-20.172999468811586" lon="57.49187160442691"><ele>307.4</ele><time>2026-10-01T14:10:53.000Z</time></trkpt><trkpt lat="-20.17300720214494" lon="57.49187520442691"><ele>306.0</ele><time>2026-10-01T14:10:54.000Z</time></trkpt><trkpt lat="-20.173015902145007" lon="57.49187900442691"><ele>306.0</ele><time>2026-10-01T14:10:55.000Z</time></trkpt><trkpt lat="-20.173024768811565" lon="57.491882504426975"><ele>306.0</ele><time>2026-10-01T14:10:56.000Z</time></trkpt><trkpt lat="-20.173034902144927" lon="57.49188500442701"><ele>306.0</ele><time>2026-10-01T14:10:57.000Z</time></trkpt><trkpt lat="-20.173045668811692" lon="57.49188713776037"><ele>306.0</ele><time>2026-10-01T14:10:58.000Z</time></trkpt><trkpt lat="-20.173057202145138" lon="57.491888304427064"><ele>304.6</ele><time>2026-10-01T14:10:59.000Z</time></trkpt><trkpt lat="-20.173068735478587" lon="57.491888571093774"><ele>304.6</ele><time>2026-10-01T14:11:00.000Z</time></trkpt><trkpt lat="-20.173080435478738" lon="57.491888104427105"><ele>304.6</ele><time>2026-10-01T14:11:01.000Z</time></trkpt><trkpt lat="-20.173092068812252" lon="57.49188773776045"><ele>304.6</ele><time>2026-10-01T14:11:02.000Z</time></trkpt><trkpt lat="-20.1731042354791" lon="57.49188683776045"><ele>304.6</ele><time>2026-10-01T14:11:03.000Z</time></trkpt><trkpt lat="-20.173116602146088" lon="57.491886204427104"><ele>303.9</ele><time>2026-10-01T14:11:04.000Z</time></trkpt><trkpt lat="-20.173129002146496" lon="57.4918858044271"><ele>303.9</ele><time>2026-10-01T14:11:05.000Z</time></trkpt><trkpt lat="-20.173141335480267" lon="57.49188543776044"><ele>303.9</ele><time>2026-10-01T14:11:06.000Z</time></trkpt><trkpt lat="-20.173153235480555" lon="57.49188443776039"><ele>303.9</ele><time>2026-10-01T14:11:07.000Z</time></trkpt><trkpt lat="-20.173164902147498" lon="57.49188347109369"><ele>303.9</ele><time>2026-10-01T14:11:08.000Z</time></trkpt><trkpt lat="-20.17317576881433" lon="57.491882404426995"><ele>303.0</ele><time>2026-10-01T14:11:09.000Z</time></trkpt><trkpt lat="-20.17318603548108" lon="57.49188177109363"><ele>303.0</ele><time>2026-10-01T14:11:10.000Z</time></trkpt><trkpt lat="-20.17319636881447" lon="57.49188103776025"><ele>303.0</ele><time>2026-10-01T14:11:11.000Z</time></trkpt><trkpt lat="-20.173206635481222" lon="57.491880604426896"><ele>303.0</ele><time>2026-10-01T14:11:12.000Z</time></trkpt><trkpt lat="-20.1732166354812" lon="57.49187997109355"><ele>303.0</ele><time>2026-10-01T14:11:13.000Z</time></trkpt><trkpt lat="-20.17322696881459" lon="57.49187973776022"><ele>302.4</ele><time>2026-10-01T14:11:14.000Z</time></trkpt><trkpt lat="-20.17323836881454" lon="57.49187947109357"><ele>302.4</ele><time>2026-10-01T14:11:15.000Z</time></trkpt><trkpt lat="-20.173250302147828" lon="57.49187940442691"><ele>302.4</ele><time>2026-10-01T14:11:16.000Z</time></trkpt><trkpt lat="-20.173261968814554" lon="57.491879804426944"><ele>302.4</ele><time>2026-10-01T14:11:17.000Z</time></trkpt><trkpt lat="-20.173273602148072" lon="57.49188070442697"><ele>302.4</ele><time>2026-10-01T14:11:18.000Z</time></trkpt><trkpt lat="-20.17328516881495" lon="57.49188213776031"><ele>302.2</ele><time>2026-10-01T14:11:19.000Z</time></trkpt><trkpt lat="-20.173296402148626" lon="57.49188370442702"><ele>302.2</ele><time>2026-10-01T14:11:20.000Z</time></trkpt><trkpt lat="-20.173307735482368" lon="57.49188527109372"><ele>302.2</ele><time>2026-10-01T14:11:21.000Z</time></trkpt><trkpt lat="-20.173319268816027" lon="57.49188713776042"><ele>302.2</ele><time>2026-10-01T14:11:22.000Z</time></trkpt><trkpt lat="-20.173330735483045" lon="57.49188933776046"><ele>302.2</ele><time>2026-10-01T14:11:23.000Z</time></trkpt><trkpt lat="-20.173341668816732" lon="57.49189140442719"><ele>301.9</ele><time>2026-10-01T14:11:24.000Z</time></trkpt><trkpt lat="-20.17335236881707" lon="57.49189310442722"><ele>301.9</ele><time>2026-10-01T14:11:25.000Z</time></trkpt><trkpt lat="-20.17336186881735" lon="57.49189490442725"><ele>301.9</ele><time>2026-10-01T14:11:26.000Z</time></trkpt><trkpt lat="-20.173371235484353" lon="57.49189743776064"><ele>301.9</ele><time>2026-10-01T14:11:27.000Z</time></trkpt><trkpt lat="-20.173380402151217" lon="57.49190040442737"><ele>301.9</ele><time>2026-10-01T14:11:28.000Z</time></trkpt><trkpt lat="-20.17338960215141" lon="57.491904704427455"><ele>301.7</ele><time>2026-10-01T14:11:29.000Z</time></trkpt><trkpt lat="-20.173398435484863" lon="57.49191007109423"><ele>301.7</ele><time>2026-10-01T14:11:30.000Z</time></trkpt><trkpt lat="-20.17340736881838" lon="57.49191660442765"><ele>301.7</ele><time>2026-10-01T14:11:31.000Z</time></trkpt><trkpt lat="-20.1734163021519" lon="57.49192350442769"><ele>301.7</ele><time>2026-10-01T14:11:32.000Z</time></trkpt><trkpt lat="-20.173424935485436" lon="57.49193160442771"><ele>301.7</ele><time>2026-10-01T14:11:33.000Z</time></trkpt><trkpt lat="-20.173433268818872" lon="57.49193943776108"><ele>301.6</ele><time>2026-10-01T14:11:34.000Z</time></trkpt><trkpt lat="-20.173441135485614" lon="57.4919476377611"><ele>301.6</ele><time>2026-10-01T14:11:35.000Z</time></trkpt><trkpt lat="-20.173448968819038" lon="57.491956137761164"><ele>301.6</ele><time>2026-10-01T14:11:36.000Z</time></trkpt><trkpt lat="-20.173456702152397" lon="57.49196497109468"><ele>301.6</ele><time>2026-10-01T14:11:37.000Z</time></trkpt><trkpt lat="-20.17346453548582" lon="57.49197450442824"><ele>301.6</ele><time>2026-10-01T14:11:38.000Z</time></trkpt><trkpt lat="-20.1734727688193" lon="57.491983871095144"><ele>301.5</ele><time>2026-10-01T14:11:39.000Z</time></trkpt><trkpt lat="-20.17348173548614" lon="57.4919930377621"><ele>301.5</ele><time>2026-10-01T14:11:40.000Z</time></trkpt><trkpt lat="-20.17349080215283" lon="57.492001604429035"><ele>301.5</ele><time>2026-10-01T14:11:41.000Z</time></trkpt><trkpt lat="-20.17349996881959" lon="57.49200970442919"><ele>301.5</ele><time>2026-10-01T14:11:42.000Z</time></trkpt><trkpt lat="-20.173509435486338" lon="57.49201683776264"><ele>301.5</ele><time>2026-10-01T14:11:43.000Z</time></trkpt><trkpt lat="-20.17351850215303" lon="57.49202437109602"><ele>301.4</ele><time>2026-10-01T14:11:44.000Z</time></trkpt><trkpt lat="-20.1735267354864" lon="57.49203187109602"><ele>301.4</ele><time>2026-10-01T14:11:45.000Z</time></trkpt><trkpt lat="-20.1735350021532" lon="57.49204043776278"><ele>301.4</ele><time>2026-10-01T14:11:46.000Z</time></trkpt><trkpt lat="-20.173542602153276" lon="57.492049437762944"><ele>301.4</ele><time>2026-10-01T14:11:47.000Z</time></trkpt><trkpt lat="-20.17354940215335" lon="57.49205860442986"><ele>301.4</ele><time>2026-10-01T14:11:48.000Z</time></trkpt><trkpt lat="-20.173555635486814" lon="57.492067604430154"><ele>301.4</ele><time>2026-10-01T14:11:49.000Z</time></trkpt><trkpt lat="-20.17356146882029" lon="57.492076971097106"><ele>301.4</ele><time>2026-10-01T14:11:50.000Z</time></trkpt><trkpt lat="-20.17356703548709" lon="57.492085904430596"><ele>301.4</ele><time>2026-10-01T14:11:51.000Z</time></trkpt><trkpt lat="-20.17357263548721" lon="57.49209437109745"><ele>301.4</ele><time>2026-10-01T14:11:52.000Z</time></trkpt><trkpt lat="-20.173578502153998" lon="57.49210290443087"><ele>301.4</ele><time>2026-10-01T14:11:53.000Z</time></trkpt><trkpt lat="-20.17358490215407" lon="57.492111637764324"><ele>301.7</ele><time>2026-10-01T14:11:54.000Z</time></trkpt><trkpt lat="-20.17359173548746" lon="57.49211997109776"><ele>301.7</ele><time>2026-10-01T14:11:55.000Z</time></trkpt><trkpt lat="-20.173598368820826" lon="57.492128004431244"><ele>301.7</ele><time>2026-10-01T14:11:56.000Z</time></trkpt><trkpt lat="-20.17360530215418" lon="57.492135971097994"><ele>301.7</ele><time>2026-10-01T14:11:57.000Z</time></trkpt><trkpt lat="-20.173612368820816" lon="57.49214250443142"><ele>301.7</ele><time>2026-10-01T14:11:58.000Z</time></trkpt><trkpt lat="-20.17361930215417" lon="57.492147771098146"><ele>302.1</ele><time>2026-10-01T14:11:59.000Z</time></trkpt><trkpt lat="-20.173626735487538" lon="57.492152937764885"><ele>302.1</ele><time>2026-10-01T14:12:00.000Z</time></trkpt><trkpt lat="-20.173634002154305" lon="57.49215803776491"><ele>302.1</ele><time>2026-10-01T14:12:01.000Z</time></trkpt><trkpt lat="-20.173640768821056" lon="57.492162604431634"><ele>302.1</ele><time>2026-10-01T14:12:02.000Z</time></trkpt><trkpt lat="-20.17364713548786" lon="57.49216690443167"><ele>302.1</ele><time>2026-10-01T14:12:03.000Z</time></trkpt><trkpt lat="-20.17365376882133" lon="57.492171637765054"><ele>302.4</ele><time>2026-10-01T14:12:04.000Z</time></trkpt><trkpt lat="-20.173660435488124" lon="57.49217603776513"><ele>302.4</ele><time>2026-10-01T14:12:05.000Z</time></trkpt><trkpt lat="-20.173665968821528" lon="57.49217960443186"><ele>302.4</ele><time>2026-10-01T14:12:06.000Z</time></trkpt><trkpt lat="-20.17367030215494" lon="57.4921820044319"><ele>302.4</ele><time>2026-10-01T14:12:07.000Z</time></trkpt><trkpt lat="-20.173673668821642" lon="57.49218387109861"><ele>302.4</ele><time>2026-10-01T14:12:08.000Z</time></trkpt><trkpt lat="-20.173675868821665" lon="57.49218420443192"><ele>303.0</ele><time>2026-10-01T14:12:09.000Z</time></trkpt><trkpt lat="-20.173676302155023" lon="57.49218387109856"><ele>303.0</ele><time>2026-10-01T14:12:10.000Z</time></trkpt><trkpt lat="-20.17367666882172" lon="57.49218303776521"><ele>303.0</ele><time>2026-10-01T14:12:11.000Z</time></trkpt><trkpt lat="-20.173676902155066" lon="57.49218227109854"><ele>303.0</ele><time>2026-10-01T14:12:12.000Z</time></trkpt><trkpt lat="-20.17367636882173" lon="57.492181571098556"><ele>303.0</ele><time>2026-10-01T14:12:13.000Z</time></trkpt><trkpt lat="-20.173675468821713" lon="57.49218137109858"><ele>303.5</ele><time>2026-10-01T14:12:14.000Z</time></trkpt><trkpt lat="-20.173674968821697" lon="57.492180537765265"><ele>303.5</ele><time>2026-10-01T14:12:15.000Z</time></trkpt><trkpt lat="-20.17367446882168" lon="57.49217970443194"><ele>303.5</ele><time>2026-10-01T14:12:16.000Z</time></trkpt><trkpt lat="-20.17367580215502" lon="57.492180237765254"><ele>303.5</ele><time>2026-10-01T14:12:17.000Z</time></trkpt><trkpt lat="-20.173678468821695" lon="57.49218087109855"><ele>303.5</ele><time>2026-10-01T14:12:18.000Z</time></trkpt><trkpt lat="-20.173681268821703" lon="57.49218167109852"><ele>303.7</ele><time>2026-10-01T14:12:19.000Z</time></trkpt><trkpt lat="-20.173683668821706" lon="57.49218293776518"><ele>303.7</ele><time>2026-10-01T14:12:20.000Z</time></trkpt><trkpt lat="-20.173686135488378" lon="57.49218430443183"><ele>303.7</ele><time>2026-10-01T14:12:21.000Z</time></trkpt><trkpt lat="-20.173686902155048" lon="57.4921843710985"><ele>303.7</ele><time>2026-10-01T14:12:22.000Z</time></trkpt><trkpt lat="-20.173686868821715" lon="57.49218450443185"><ele>303.7</ele><time>2026-10-01T14:12:23.000Z</time></trkpt><trkpt lat="-20.173686235488354" lon="57.49218357109852"><ele>303.8</ele><time>2026-10-01T14:12:24.000Z</time></trkpt><trkpt lat="-20.173685335488326" lon="57.492181771098515"><ele>303.8</ele><time>2026-10-01T14:12:25.000Z</time></trkpt><trkpt lat="-20.173683968821628" lon="57.49217943776516"><ele>303.8</ele><time>2026-10-01T14:12:26.000Z</time></trkpt><trkpt lat="-20.1736827688216" lon="57.492177237765155"><ele>303.8</ele><time>2026-10-01T14:12:27.000Z</time></trkpt><trkpt lat="-20.173682035488262" lon="57.49217533776514"><ele>303.8</ele><time>2026-10-01T14:12:28.000Z</time></trkpt><trkpt lat="-20.173681735488287" lon="57.49217433776512"><ele>303.9</ele><time>2026-10-01T14:12:29.000Z</time></trkpt><trkpt lat="-20.173681868821646" lon="57.492174104431776"><ele>303.9</ele><time>2026-10-01T14:12:30.000Z</time></trkpt><trkpt lat="-20.17368240215501" lon="57.49217430443177"><ele>303.9</ele><time>2026-10-01T14:12:31.000Z</time></trkpt><trkpt lat="-20.17368283548837" lon="57.492174704431775"><ele>303.9</ele><time>2026-10-01T14:12:32.000Z</time></trkpt><trkpt lat="-20.173682802155035" lon="57.49217480443177"><ele>303.9</ele><time>2026-10-01T14:12:33.000Z</time></trkpt><trkpt lat="-20.173682802155035" lon="57.49217490443177"><ele>304.0</ele><time>2026-10-01T14:12:34.000Z</time></trkpt><trkpt lat="-20.173682768821703" lon="57.49217503776511"><ele>304.0</ele><time>2026-10-01T14:12:35.000Z</time></trkpt><trkpt lat="-20.17368273548837" lon="57.49217517109844"><ele>304.0</ele><time>2026-10-01T14:12:36.000Z</time></trkpt><trkpt lat="-20.17368273548837" lon="57.49217517109844"><ele>304.0</ele><time>2026-10-01T14:12:37.000Z</time></trkpt><trkpt lat="-20.17368273548837" lon="57.49217517109844"><ele>304.0</ele><time>2026-10-01T14:12:38.000Z</time></trkpt><trkpt lat="-20.17368273548837" lon="57.49217517109844"><ele>304.0</ele><time>2026-10-01T14:12:39.000Z</time></trkpt><trkpt lat="-20.17368273548837" lon="57.49217517109844"><ele>304.0</ele><time>2026-10-01T14:12:40.000Z</time></trkpt><trkpt lat="-20.17368273548837" lon="57.49217517109844"><ele>304.0</ele><time>2026-10-01T14:12:41.000Z</time></trkpt><trkpt lat="-20.17368273548837" lon="57.49217517109844"><ele>304.0</ele><time>2026-10-01T14:12:42.000Z</time></trkpt><trkpt lat="-20.17368273548837" lon="57.49217517109844"><ele>304.0</ele><time>2026-10-01T14:12:43.000Z</time></trkpt><trkpt lat="-20.17368273548837" lon="57.49217517109844"><ele>304.1</ele><time>2026-10-01T14:12:44.000Z</time></trkpt><trkpt lat="-20.17368273548837" lon="57.49217517109844"><ele>304.1</ele><time>2026-10-01T14:12:45.000Z</time></trkpt><trkpt lat="-20.17368273548837" lon="57.49217517109844"><ele>304.1</ele><time>2026-10-01T14:12:46.000Z</time></trkpt><trkpt lat="-20.17368273548837" lon="57.49217517109844"><ele>304.1</ele><time>2026-10-01T14:12:47.000Z</time></trkpt><trkpt lat="-20.17368273548837" lon="57.49217517109844"><ele>304.1</ele><time>2026-10-01T14:12:48.000Z</time></trkpt><trkpt lat="-20.17368273548837" lon="57.49217517109844"><ele>304.2</ele><time>2026-10-01T14:12:49.000Z</time></trkpt><trkpt lat="-20.17368273548837" lon="57.49217517109844"><ele>304.2</ele><time>2026-10-01T14:12:50.000Z</time></trkpt><trkpt lat="-20.173682868821704" lon="57.49217480443177"><ele>304.2</ele><time>2026-10-01T14:12:51.000Z</time></trkpt><trkpt lat="-20.173683002155038" lon="57.49217443776511"><ele>304.2</ele><time>2026-10-01T14:12:52.000Z</time></trkpt><trkpt lat="-20.173683002155038" lon="57.492174104431776"><ele>304.2</ele><time>2026-10-01T14:12:53.000Z</time></trkpt><trkpt lat="-20.173682802155035" lon="57.49217380443177"><ele>304.2</ele><time>2026-10-01T14:12:54.000Z</time></trkpt><trkpt lat="-20.173682235488354" lon="57.49217333776511"><ele>304.2</ele><time>2026-10-01T14:12:55.000Z</time></trkpt><trkpt lat="-20.17368190215502" lon="57.49217310443178"><ele>304.2</ele><time>2026-10-01T14:12:56.000Z</time></trkpt><trkpt lat="-20.17368156882169" lon="57.49217287109845"><ele>304.2</ele><time>2026-10-01T14:12:57.000Z</time></trkpt><trkpt lat="-20.17368136882169" lon="57.49217260443178"><ele>304.2</ele><time>2026-10-01T14:12:58.000Z</time></trkpt><trkpt lat="-20.173681602155035" lon="57.49217240443178"><ele>304.2</ele><time>2026-10-01T14:12:59.000Z</time></trkpt><trkpt lat="-20.173682202155067" lon="57.49217237109845"><ele>304.2</ele><time>2026-10-01T14:13:00.000Z</time></trkpt><trkpt lat="-20.173682435488413" lon="57.49217247109844"><ele>304.2</ele><time>2026-10-01T14:13:01.000Z</time></trkpt><trkpt lat="-20.173682668821762" lon="57.49217257109844"><ele>304.2</ele><time>2026-10-01T14:13:02.000Z</time></trkpt><trkpt lat="-20.173682902155107" lon="57.492172671098444"><ele>304.2</ele><time>2026-10-01T14:13:03.000Z</time></trkpt><trkpt lat="-20.173682902155107" lon="57.492172671098444"><ele>304.1</ele><time>2026-10-01T14:13:04.000Z</time></trkpt><trkpt lat="-20.173682902155107" lon="57.492172671098444"><ele>304.1</ele><time>2026-10-01T14:13:05.000Z</time></trkpt><trkpt lat="-20.173682902155107" lon="57.492172671098444"><ele>304.1</ele><time>2026-10-01T14:13:06.000Z</time></trkpt><trkpt lat="-20.173682902155107" lon="57.492172671098444"><ele>304.1</ele><time>2026-10-01T14:13:07.000Z</time></trkpt><trkpt lat="-20.173682902155107" lon="57.492172671098444"><ele>304.1</ele><time>2026-10-01T14:13:08.000Z</time></trkpt><trkpt lat="-20.173682902155107" lon="57.492172671098444"><ele>304.2</ele><time>2026-10-01T14:13:09.000Z</time></trkpt><trkpt lat="-20.173682902155107" lon="57.492172671098444"><ele>304.2</ele><time>2026-10-01T14:13:10.000Z</time></trkpt><trkpt lat="-20.173682902155107" lon="57.492172671098444"><ele>304.2</ele><time>2026-10-01T14:13:11.000Z</time></trkpt><trkpt lat="-20.173682902155107" lon="57.492172671098444"><ele>304.2</ele><time>2026-10-01T14:13:12.000Z</time></trkpt><trkpt lat="-20.173682835488442" lon="57.49217250443178"><ele>304.2</ele><time>2026-10-01T14:13:13.000Z</time></trkpt><trkpt lat="-20.173682768821774" lon="57.49217233776511"><ele>304.3</ele><time>2026-10-01T14:13:14.000Z</time></trkpt><trkpt lat="-20.17368263548844" lon="57.492172037765116"><ele>304.3</ele><time>2026-10-01T14:13:15.000Z</time></trkpt><trkpt lat="-20.17368250215511" lon="57.49217173776511"><ele>304.3</ele><time>2026-10-01T14:13:16.000Z</time></trkpt><trkpt lat="-20.173682368821776" lon="57.492171437765116"><ele>304.3</ele><time>2026-10-01T14:13:17.000Z</time></trkpt><trkpt lat="-20.173682302155107" lon="57.49217130443178"><ele>304.3</ele><time>2026-10-01T14:13:18.000Z</time></trkpt><trkpt lat="-20.173682235488442" lon="57.49217117109845"><ele>304.3</ele><time>2026-10-01T14:13:19.000Z</time></trkpt><trkpt lat="-20.173682168821777" lon="57.492171471098445"><ele>304.3</ele><time>2026-10-01T14:13:20.000Z</time></trkpt><trkpt lat="-20.173682302155107" lon="57.49217200443178"><ele>304.3</ele><time>2026-10-01T14:13:21.000Z</time></trkpt><trkpt lat="-20.173681968821747" lon="57.49217287109845"><ele>304.3</ele><time>2026-10-01T14:13:22.000Z</time></trkpt><trkpt lat="-20.17368140215504" lon="57.49217377109844"><ele>304.3</ele><time>2026-10-01T14:13:23.000Z</time></trkpt><trkpt lat="-20.173680835488334" lon="57.49217467109844"><ele>304.0</ele><time>2026-10-01T14:13:24.000Z</time></trkpt><trkpt lat="-20.173680335488292" lon="57.49217527109844"><ele>304.0</ele><time>2026-10-01T14:13:25.000Z</time></trkpt><trkpt lat="-20.17367963548825" lon="57.4921756377651"><ele>304.0</ele><time>2026-10-01T14:13:26.000Z</time></trkpt><trkpt lat="-20.173679402154903" lon="57.49217567109844"><ele>304.0</ele><time>2026-10-01T14:13:27.000Z</time></trkpt><trkpt lat="-20.17367966882157" lon="57.49217570443177"><ele>304.0</ele><time>2026-10-01T14:13:28.000Z</time></trkpt><trkpt lat="-20.17368026882157" lon="57.49217587109844"><ele>303.9</ele><time>2026-10-01T14:13:29.000Z</time></trkpt><trkpt lat="-20.17368086882157" lon="57.492176037765105"><ele>303.9</ele><time>2026-10-01T14:13:30.000Z</time></trkpt><trkpt lat="-20.173681268821575" lon="57.49217597109843"><ele>303.9</ele><time>2026-10-01T14:13:31.000Z</time></trkpt><trkpt lat="-20.173681435488227" lon="57.49217580443177"><ele>303.9</ele><time>2026-10-01T14:13:32.000Z</time></trkpt><trkpt lat="-20.173681368821548" lon="57.49217540443177"><ele>303.9</ele><time>2026-10-01T14:13:33.000Z</time></trkpt><trkpt lat="-20.173680768821534" lon="57.492174837765106"><ele>303.9</ele><time>2026-10-01T14:13:34.000Z</time></trkpt><trkpt lat="-20.173680168821516" lon="57.49217427109844"><ele>303.9</ele><time>2026-10-01T14:13:35.000Z</time></trkpt><trkpt lat="-20.1736797688215" lon="57.49217393776511"><ele>303.9</ele><time>2026-10-01T14:13:36.000Z</time></trkpt><trkpt lat="-20.173679602154834" lon="57.49217370443178"><ele>303.9</ele><time>2026-10-01T14:13:37.000Z</time></trkpt><trkpt lat="-20.173679402154836" lon="57.49217367109844"><ele>303.9</ele><time>2026-10-01T14:13:38.000Z</time></trkpt><trkpt lat="-20.173679402154836" lon="57.49217367109844"><ele>304.0</ele><time>2026-10-01T14:13:39.000Z</time></trkpt><trkpt lat="-20.173679402154836" lon="57.49217367109844"><ele>304.0</ele><time>2026-10-01T14:13:40.000Z</time></trkpt><trkpt lat="-20.173679402154836" lon="57.49217367109844"><ele>304.0</ele><time>2026-10-01T14:13:41.000Z</time></trkpt><trkpt lat="-20.173679402154836" lon="57.49217367109844"><ele>304.0</ele><time>2026-10-01T14:13:42.000Z</time></trkpt><trkpt lat="-20.173679202154837" lon="57.492174904431785"><ele>304.0</ele><time>2026-10-01T14:13:43.000Z</time></trkpt><trkpt lat="-20.173678635488155" lon="57.49217613776513"><ele>304.1</ele><time>2026-10-01T14:13:44.000Z</time></trkpt><trkpt lat="-20.173678435488156" lon="57.49217810443183"><ele>304.1</ele><time>2026-10-01T14:13:45.000Z</time></trkpt><trkpt lat="-20.173678302154823" lon="57.49218023776522"><ele>304.1</ele><time>2026-10-01T14:13:46.000Z</time></trkpt><trkpt lat="-20.173678135488156" lon="57.4921824710986"><ele>304.1</ele><time>2026-10-01T14:13:47.000Z</time></trkpt><trkpt lat="-20.173678102154824" lon="57.49218387109867"><ele>304.1</ele><time>2026-10-01T14:13:48.000Z</time></trkpt><trkpt lat="-20.173678068821488" lon="57.49218537109873"><ele>304.2</ele><time>2026-10-01T14:13:49.000Z</time></trkpt><trkpt lat="-20.173677668821473" lon="57.49218613776543"><ele>304.2</ele><time>2026-10-01T14:13:50.000Z</time></trkpt><trkpt lat="-20.17367720215479" lon="57.49218673776545"><ele>304.2</ele><time>2026-10-01T14:13:51.000Z</time></trkpt><trkpt lat="-20.17367676882144" lon="57.49218723776547"><ele>304.2</ele><time>2026-10-01T14:13:52.000Z</time></trkpt><trkpt lat="-20.173676735488094" lon="57.49218720443214"><ele>304.2</ele><time>2026-10-01T14:13:53.000Z</time></trkpt><trkpt lat="-20.17367620215473" lon="57.4921876377655"><ele>304.3</ele><time>2026-10-01T14:13:54.000Z</time></trkpt><trkpt lat="-20.173675835488037" lon="57.49218813776552"><ele>304.3</ele><time>2026-10-01T14:13:55.000Z</time></trkpt><trkpt lat="-20.17367540215468" lon="57.492188837765546"><ele>304.3</ele><time>2026-10-01T14:13:56.000Z</time></trkpt><trkpt lat="-20.17367500215465" lon="57.49218947109891"><ele>304.3</ele><time>2026-10-01T14:13:57.000Z</time></trkpt><trkpt lat="-20.17367446882129" lon="57.492189971098924"><ele>304.3</ele><time>2026-10-01T14:13:58.000Z</time></trkpt><trkpt lat="-20.17367503548797" lon="57.492189971098924"><ele>304.3</ele><time>2026-10-01T14:13:59.000Z</time></trkpt><trkpt lat="-20.173675435487986" lon="57.49218990443226"><ele>304.3</ele><time>2026-10-01T14:14:00.000Z</time></trkpt><trkpt lat="-20.17367590215467" lon="57.49218963776558"><ele>304.3</ele><time>2026-10-01T14:14:01.000Z</time></trkpt><trkpt lat="-20.173676235488017" lon="57.49218963776557"><ele>304.3</ele><time>2026-10-01T14:14:02.000Z</time></trkpt><trkpt lat="-20.173676268821364" lon="57.492190371098914"><ele>304.3</ele><time>2026-10-01T14:14:03.000Z</time></trkpt><trkpt lat="-20.1736760021547" lon="57.492191771098966"><ele>304.2</ele><time>2026-10-01T14:14:04.000Z</time></trkpt><trkpt lat="-20.173675735488033" lon="57.492193171099004"><ele>304.2</ele><time>2026-10-01T14:14:05.000Z</time></trkpt><trkpt lat="-20.173675468821365" lon="57.49219457109905"><ele>304.2</ele><time>2026-10-01T14:14:06.000Z</time></trkpt><trkpt lat="-20.1736753021547" lon="57.49219577109909"><ele>304.2</ele><time>2026-10-01T14:14:07.000Z</time></trkpt><trkpt lat="-20.173675002154685" lon="57.4921969377658"><ele>304.2</ele><time>2026-10-01T14:14:08.000Z</time></trkpt><trkpt lat="-20.173674735488003" lon="57.49219717109914"><ele>304.1</ele><time>2026-10-01T14:14:09.000Z</time></trkpt><trkpt lat="-20.17367446882132" lon="57.49219740443249"><ele>304.1</ele><time>2026-10-01T14:14:10.000Z</time></trkpt><trkpt lat="-20.173674202154636" lon="57.492197637765834"><ele>304.1</ele><time>2026-10-01T14:14:11.000Z</time></trkpt><trkpt lat="-20.173673935487955" lon="57.49219787109918"><ele>304.1</ele><time>2026-10-01T14:14:12.000Z</time></trkpt><trkpt lat="-20.173673902154622" lon="57.49219767109918"><ele>304.1</ele><time>2026-10-01T14:14:13.000Z</time></trkpt><trkpt lat="-20.173673902154622" lon="57.49219767109918"><ele>303.9</ele><time>2026-10-01T14:14:14.000Z</time></trkpt><trkpt lat="-20.173673902154622" lon="57.49219767109918"><ele>303.9</ele><time>2026-10-01T14:14:15.000Z</time></trkpt><trkpt lat="-20.173673835487953" lon="57.49219807109919"><ele>303.9</ele><time>2026-10-01T14:14:16.000Z</time></trkpt><trkpt lat="-20.17367376882129" lon="57.49219847109919"><ele>303.9</ele><time>2026-10-01T14:14:17.000Z</time></trkpt><trkpt lat="-20.17367323548793" lon="57.492198537765844"><ele>303.9</ele><time>2026-10-01T14:14:18.000Z</time></trkpt><trkpt lat="-20.173672335487886" lon="57.492198171099176"><ele>303.9</ele><time>2026-10-01T14:14:19.000Z</time></trkpt><trkpt lat="-20.173671235487845" lon="57.492197437765846"><ele>303.9</ele><time>2026-10-01T14:14:20.000Z</time></trkpt><trkpt lat="-20.173670268821134" lon="57.492196104432516"><ele>303.9</ele><time>2026-10-01T14:14:21.000Z</time></trkpt><trkpt lat="-20.173669802154443" lon="57.49219463776583"><ele>303.9</ele><time>2026-10-01T14:14:22.000Z</time></trkpt><trkpt lat="-20.173670102154453" lon="57.49219323776582"><ele>303.9</ele><time>2026-10-01T14:14:23.000Z</time></trkpt><trkpt lat="-20.173671035487818" lon="57.492192371099144"><ele>303.9</ele><time>2026-10-01T14:14:24.000Z</time></trkpt><trkpt lat="-20.17367216882118" lon="57.49219187109914"><ele>303.9</ele><time>2026-10-01T14:14:25.000Z</time></trkpt><trkpt lat="-20.17367323548788" lon="57.49219157109913"><ele>303.9</ele><time>2026-10-01T14:14:26.000Z</time></trkpt><trkpt lat="-20.17367380215456" lon="57.49219140443246"><ele>303.9</ele><time>2026-10-01T14:14:27.000Z</time></trkpt><trkpt lat="-20.173674602154566" lon="57.49219087109914"><ele>303.9</ele><time>2026-10-01T14:14:28.000Z</time></trkpt><trkpt lat="-20.1736751354879" lon="57.49219023776582"><ele>303.9</ele><time>2026-10-01T14:14:29.000Z</time></trkpt><trkpt lat="-20.173675568821235" lon="57.49218917109913"><ele>303.9</ele><time>2026-10-01T14:14:30.000Z</time></trkpt><trkpt lat="-20.17367600215457" lon="57.492188104432444"><ele>303.9</ele><time>2026-10-01T14:14:31.000Z</time></trkpt><trkpt lat="-20.1736764354879" lon="57.49218703776576"><ele>303.9</ele><time>2026-10-01T14:14:32.000Z</time></trkpt><trkpt lat="-20.173676935487926" lon="57.49218517109904"><ele>303.9</ele><time>2026-10-01T14:14:33.000Z</time></trkpt><trkpt lat="-20.1736768688213" lon="57.49218223776567"><ele>303.9</ele><time>2026-10-01T14:14:34.000Z</time></trkpt><trkpt lat="-20.17367713548802" lon="57.492177704432365"><ele>303.9</ele><time>2026-10-01T14:14:35.000Z</time></trkpt><trkpt lat="-20.17367663548806" lon="57.49217187109902"><ele>303.9</ele><time>2026-10-01T14:14:36.000Z</time></trkpt><trkpt lat="-20.173675468821433" lon="57.49216483776561"><ele>303.9</ele><time>2026-10-01T14:14:37.000Z</time></trkpt><trkpt lat="-20.173673802154774" lon="57.4921581377655"><ele>303.9</ele><time>2026-10-01T14:14:38.000Z</time></trkpt><trkpt lat="-20.17367166882142" lon="57.492152337765376"><ele>303.9</ele><time>2026-10-01T14:14:39.000Z</time></trkpt><trkpt lat="-20.17366853548804" lon="57.49214800443184"><ele>303.9</ele><time>2026-10-01T14:14:40.000Z</time></trkpt><trkpt lat="-20.173665768821337" lon="57.49214447109834"><ele>303.9</ele><time>2026-10-01T14:14:41.000Z</time></trkpt><trkpt lat="-20.173663035487955" lon="57.49214163776488"><ele>303.9</ele><time>2026-10-01T14:14:42.000Z</time></trkpt><trkpt lat="-20.173659168821224" lon="57.49213927109817"><ele>303.9</ele><time>2026-10-01T14:14:43.000Z</time></trkpt><trkpt lat="-20.173656435487842" lon="57.49213713776479"><ele>303.8</ele><time>2026-10-01T14:14:44.000Z</time></trkpt><trkpt lat="-20.17365393548781" lon="57.49213520443143"><ele>303.8</ele><time>2026-10-01T14:14:45.000Z</time></trkpt><trkpt lat="-20.17365130215444" lon="57.492133837764754"><ele>303.8</ele><time>2026-10-01T14:14:46.000Z</time></trkpt><trkpt lat="-20.173648502154418" lon="57.49213243776476"><ele>303.8</ele><time>2026-10-01T14:14:47.000Z</time></trkpt><trkpt lat="-20.173647135487748" lon="57.49213073776476"><ele>303.8</ele><time>2026-10-01T14:14:48.000Z</time></trkpt><trkpt lat="-20.17364516882106" lon="57.49212830443141"><ele>303.6</ele><time>2026-10-01T14:14:49.000Z</time></trkpt><trkpt lat="-20.173643235487695" lon="57.49212573776473"><ele>303.6</ele><time>2026-10-01T14:14:50.000Z</time></trkpt><trkpt lat="-20.173641235487633" lon="57.49212307109805"><ele>303.6</ele><time>2026-10-01T14:14:51.000Z</time></trkpt><trkpt lat="-20.173638335487503" lon="57.492119971098056"><ele>303.6</ele><time>2026-10-01T14:14:52.000Z</time></trkpt><trkpt lat="-20.173634168820676" lon="57.49211700443137"><ele>303.6</ele><time>2026-10-01T14:14:53.000Z</time></trkpt><trkpt lat="-20.173630002153853" lon="57.49211483776471"><ele>303.3</ele><time>2026-10-01T14:14:54.000Z</time></trkpt><trkpt lat="-20.17362506882035" lon="57.492112704431406"><ele>303.3</ele><time>2026-10-01T14:14:55.000Z</time></trkpt><trkpt lat="-20.173620002153505" lon="57.492110204431434"><ele>303.3</ele><time>2026-10-01T14:14:56.000Z</time></trkpt><trkpt lat="-20.173615802153414" lon="57.492108537764786"><ele>303.3</ele><time>2026-10-01T14:14:57.000Z</time></trkpt><trkpt lat="-20.173611068820044" lon="57.49210723776481"><ele>303.3</ele><time>2026-10-01T14:14:58.000Z</time></trkpt><trkpt lat="-20.17360546882003" lon="57.49210587109817"><ele>303.1</ele><time>2026-10-01T14:14:59.000Z</time></trkpt><trkpt lat="-20.1736000021534" lon="57.492104904431514"><ele>303.1</ele><time>2026-10-01T14:15:00.000Z</time></trkpt><trkpt lat="-20.173595102153463" lon="57.49210320443147"><ele>303.1</ele><time>2026-10-01T14:15:01.000Z</time></trkpt><trkpt lat="-20.17359020215353" lon="57.49210147109809"><ele>303.1</ele><time>2026-10-01T14:15:02.000Z</time></trkpt><trkpt lat="-20.17358580215361" lon="57.49209920443138"><ele>303.1</ele><time>2026-10-01T14:15:03.000Z</time></trkpt><trkpt lat="-20.17358176882032" lon="57.49209577109802"><ele>303.0</ele><time>2026-10-01T14:15:04.000Z</time></trkpt><trkpt lat="-20.17357750215368" lon="57.492091671098"><ele>303.0</ele><time>2026-10-01T14:15:05.000Z</time></trkpt><trkpt lat="-20.173572335487037" lon="57.49208787109804"><ele>303.0</ele><time>2026-10-01T14:15:06.000Z</time></trkpt><trkpt lat="-20.173566668820378" lon="57.49208290443143"><ele>303.0</ele><time>2026-10-01T14:15:07.000Z</time></trkpt><trkpt lat="-20.173560602153668" lon="57.49207750443141"><ele>303.0</ele><time>2026-10-01T14:15:08.000Z</time></trkpt><trkpt lat="-20.17355433548693" lon="57.492072537764706"><ele>302.7</ele><time>2026-10-01T14:15:09.000Z</time></trkpt><trkpt lat="-20.17354826882022" lon="57.49206750443132"><ele>302.7</ele><time>2026-10-01T14:15:10.000Z</time></trkpt><trkpt lat="-20.173542368820215" lon="57.49206200443124"><ele>302.7</ele><time>2026-10-01T14:15:11.000Z</time></trkpt><trkpt lat="-20.17353706882019" lon="57.492056637764506"><ele>302.7</ele><time>2026-10-01T14:15:12.000Z</time></trkpt><trkpt lat="-20.17353200215351" lon="57.492051837764485"><ele>302.7</ele><time>2026-10-01T14:15:13.000Z</time></trkpt><trkpt lat="-20.17352750215354" lon="57.492046704431075"><ele>302.3</ele><time>2026-10-01T14:15:14.000Z</time></trkpt><trkpt lat="-20.17352280215354" lon="57.49204090443094"><ele>302.3</ele><time>2026-10-01T14:15:15.000Z</time></trkpt><trkpt lat="-20.173517335486856" lon="57.49203543776414"><ele>302.3</ele><time>2026-10-01T14:15:16.000Z</time></trkpt><trkpt lat="-20.173511435486905" lon="57.492031504430656"><ele>302.3</ele><time>2026-10-01T14:15:17.000Z</time></trkpt><trkpt lat="-20.173506368820277" lon="57.49202933776384"><ele>302.3</ele><time>2026-10-01T14:15:18.000Z</time></trkpt><trkpt lat="-20.17350206882033" lon="57.492028004430395"><ele>302.1</ele><time>2026-10-01T14:15:19.000Z</time></trkpt><trkpt lat="-20.173499068820373" lon="57.492028537763716"><ele>302.1</ele><time>2026-10-01T14:15:20.000Z</time></trkpt><trkpt lat="-20.1734980688204" lon="57.492030137763706"><ele>302.1</ele><time>2026-10-01T14:15:21.000Z</time></trkpt><trkpt lat="-20.1734984688204" lon="57.49203120443038"><ele>302.1</ele><time>2026-10-01T14:15:22.000Z</time></trkpt><trkpt lat="-20.173499668820405" lon="57.49203150443041"><ele>302.1</ele><time>2026-10-01T14:15:23.000Z</time></trkpt><trkpt lat="-20.17350086882041" lon="57.4920322710971"><ele>301.6</ele><time>2026-10-01T14:15:24.000Z</time></trkpt><trkpt lat="-20.17350213548708" lon="57.492032637763785"><ele>301.6</ele><time>2026-10-01T14:15:25.000Z</time></trkpt><trkpt lat="-20.17350356882043" lon="57.49203287109712"><ele>301.6</ele><time>2026-10-01T14:15:26.000Z</time></trkpt><trkpt lat="-20.173505202153784" lon="57.49203313776379"><ele>301.6</ele><time>2026-10-01T14:15:27.000Z</time></trkpt><trkpt lat="-20.17350626882048" lon="57.49203323776379"><ele>301.6</ele><time>2026-10-01T14:15:28.000Z</time></trkpt><trkpt lat="-20.17350720215384" lon="57.49203303776379"><ele>301.3</ele><time>2026-10-01T14:15:29.000Z</time></trkpt><trkpt lat="-20.173507902153855" lon="57.49203307109714"><ele>301.3</ele><time>2026-10-01T14:15:30.000Z</time></trkpt><trkpt lat="-20.173508102153857" lon="57.49203313776381"><ele>301.3</ele><time>2026-10-01T14:15:31.000Z</time></trkpt><trkpt lat="-20.17350743548716" lon="57.49203323776381"><ele>301.3</ele><time>2026-10-01T14:15:32.000Z</time></trkpt><trkpt lat="-20.173506768820467" lon="57.492033337763814"><ele>301.3</ele><time>2026-10-01T14:15:33.000Z</time></trkpt><trkpt lat="-20.17350610215377" lon="57.492033437763816"><ele>301.2</ele><time>2026-10-01T14:15:34.000Z</time></trkpt><trkpt lat="-20.173505668820418" lon="57.49203330443047"><ele>301.2</ele><time>2026-10-01T14:15:35.000Z</time></trkpt><trkpt lat="-20.17350523548707" lon="57.49203317109713"><ele>301.2</ele><time>2026-10-01T14:15:36.000Z</time></trkpt><trkpt lat="-20.17350523548707" lon="57.49203317109713"><ele>301.2</ele><time>2026-10-01T14:15:37.000Z</time></trkpt><trkpt lat="-20.17350523548707" lon="57.49203317109713"><ele>301.2</ele><time>2026-10-01T14:15:38.000Z</time></trkpt><trkpt lat="-20.17350513548707" lon="57.49203323776379"><ele>301.2</ele><time>2026-10-01T14:15:39.000Z</time></trkpt><trkpt lat="-20.17350503548707" lon="57.49203330443046"><ele>301.2</ele><time>2026-10-01T14:15:40.000Z</time></trkpt><trkpt lat="-20.17350533548707" lon="57.49203350443047"><ele>301.2</ele><time>2026-10-01T14:15:41.000Z</time></trkpt><trkpt lat="-20.173505635487075" lon="57.49203370443048"><ele>301.2</ele><time>2026-10-01T14:15:42.000Z</time></trkpt><trkpt lat="-20.17350593548708" lon="57.49203390443049"><ele>301.2</ele><time>2026-10-01T14:15:43.000Z</time></trkpt><trkpt lat="-20.17350633548708" lon="57.49203403776384"><ele>301.3</ele><time>2026-10-01T14:15:44.000Z</time></trkpt><trkpt lat="-20.17350673548708" lon="57.49203417109718"><ele>301.3</ele><time>2026-10-01T14:15:45.000Z</time></trkpt><trkpt lat="-20.17350673548708" lon="57.49203417109718"><ele>301.3</ele><time>2026-10-01T14:15:46.000Z</time></trkpt><trkpt lat="-20.17350713548708" lon="57.49203363776381"><ele>301.3</ele><time>2026-10-01T14:15:47.000Z</time></trkpt><trkpt lat="-20.17350746882041" lon="57.49203310443045"><ele>301.3</ele><time>2026-10-01T14:15:48.000Z</time></trkpt><trkpt lat="-20.173507802153743" lon="57.492032571097084"><ele>301.4</ele><time>2026-10-01T14:15:49.000Z</time></trkpt><trkpt lat="-20.173508402153747" lon="57.492032137763715"><ele>301.4</ele><time>2026-10-01T14:15:50.000Z</time></trkpt><trkpt lat="-20.173509368820426" lon="57.49203183776367"><ele>301.4</ele><time>2026-10-01T14:15:51.000Z</time></trkpt><trkpt lat="-20.173509935487107" lon="57.492032071097"><ele>301.4</ele><time>2026-10-01T14:15:52.000Z</time></trkpt><trkpt lat="-20.173510568820454" lon="57.492032304430325"><ele>301.4</ele><time>2026-10-01T14:15:53.000Z</time></trkpt><trkpt lat="-20.173511202153804" lon="57.49203253776365"><ele>301.5</ele><time>2026-10-01T14:15:54.000Z</time></trkpt><trkpt lat="-20.173511168820486" lon="57.49203273776364"><ele>301.5</ele><time>2026-10-01T14:15:55.000Z</time></trkpt><trkpt lat="-20.173510768820485" lon="57.4920328044303"><ele>301.5</ele><time>2026-10-01T14:15:56.000Z</time></trkpt><trkpt lat="-20.173510368820484" lon="57.49203287109697"><ele>301.5</ele><time>2026-10-01T14:15:57.000Z</time></trkpt><trkpt lat="-20.173509968820486" lon="57.49203293776363"><ele>301.5</ele><time>2026-10-01T14:15:58.000Z</time></trkpt><trkpt lat="-20.173509568820485" lon="57.4920330044303"><ele>301.4</ele><time>2026-10-01T14:15:59.000Z</time></trkpt><trkpt lat="-20.173509568820485" lon="57.4920330044303"><ele>301.4</ele><time>2026-10-01T14:16:00.000Z</time></trkpt><trkpt lat="-20.173509568820485" lon="57.4920330044303"><ele>301.4</ele><time>2026-10-01T14:16:01.000Z</time></trkpt><trkpt lat="-20.173509568820485" lon="57.4920330044303"><ele>301.4</ele><time>2026-10-01T14:16:02.000Z</time></trkpt><trkpt lat="-20.173509568820485" lon="57.4920330044303"><ele>301.4</ele><time>2026-10-01T14:16:03.000Z</time></trkpt><trkpt lat="-20.173509568820485" lon="57.4920330044303"><ele>301.2</ele><time>2026-10-01T14:16:04.000Z</time></trkpt><trkpt lat="-20.173509568820485" lon="57.4920330044303"><ele>301.2</ele><time>2026-10-01T14:16:05.000Z</time></trkpt><trkpt lat="-20.173509568820485" lon="57.4920330044303"><ele>301.2</ele><time>2026-10-01T14:16:06.000Z</time></trkpt><trkpt lat="-20.173509568820485" lon="57.49203303776365"><ele>301.2</ele><time>2026-10-01T14:16:07.000Z</time></trkpt><trkpt lat="-20.17350970215382" lon="57.49203330443032"><ele>301.2</ele><time>2026-10-01T14:16:08.000Z</time></trkpt><trkpt lat="-20.173509935487154" lon="57.492033637763654"><ele>301.0</ele><time>2026-10-01T14:16:09.000Z</time></trkpt><trkpt lat="-20.173510168820485" lon="57.49203397109699"><ele>301.0</ele><time>2026-10-01T14:16:10.000Z</time></trkpt><trkpt lat="-20.173510402153816" lon="57.49203430443032"><ele>301.0</ele><time>2026-10-01T14:16:11.000Z</time></trkpt><trkpt lat="-20.17351063548715" lon="57.49203460443031"><ele>301.0</ele><time>2026-10-01T14:16:12.000Z</time></trkpt><trkpt lat="-20.17351073548715" lon="57.49203467109696"><ele>301.0</ele><time>2026-10-01T14:16:13.000Z</time></trkpt><trkpt lat="-20.17351073548715" lon="57.49203467109696"><ele>300.9</ele><time>2026-10-01T14:16:14.000Z</time></trkpt><trkpt lat="-20.17351073548715" lon="57.49203467109696"><ele>300.9</ele><time>2026-10-01T14:16:15.000Z</time></trkpt><trkpt lat="-20.173510668820484" lon="57.49203500443029"><ele>300.9</ele><time>2026-10-01T14:16:16.000Z</time></trkpt><trkpt lat="-20.173509868820453" lon="57.492035804430294"><ele>300.9</ele><time>2026-10-01T14:16:17.000Z</time></trkpt><trkpt lat="-20.173509068820426" lon="57.49203660443029"><ele>300.9</ele><time>2026-10-01T14:16:18.000Z</time></trkpt><trkpt lat="-20.173508268820395" lon="57.49203740443029"><ele>301.0</ele><time>2026-10-01T14:16:19.000Z</time></trkpt><trkpt lat="-20.17350723548702" lon="57.492038571096984"><ele>301.0</ele><time>2026-10-01T14:16:20.000Z</time></trkpt><trkpt lat="-20.17350626882031" lon="57.49203940443034"><ele>301.0</ele><time>2026-10-01T14:16:21.000Z</time></trkpt><trkpt lat="-20.173506035486962" lon="57.492039771097026"><ele>301.0</ele><time>2026-10-01T14:16:22.000Z</time></trkpt><trkpt lat="-20.173505802153617" lon="57.492040137763716"><ele>301.0</ele><time>2026-10-01T14:16:23.000Z</time></trkpt><trkpt lat="-20.173505568820268" lon="57.492040504430406"><ele>301.1</ele><time>2026-10-01T14:16:24.000Z</time></trkpt><trkpt lat="-20.173505302153604" lon="57.49204033776374"><ele>301.1</ele><time>2026-10-01T14:16:25.000Z</time></trkpt><trkpt lat="-20.1735050021536" lon="57.49204033776374"><ele>301.1</ele><time>2026-10-01T14:16:26.000Z</time></trkpt><trkpt lat="-20.1735047021536" lon="57.49204033776374"><ele>301.1</ele><time>2026-10-01T14:16:27.000Z</time></trkpt><trkpt lat="-20.173504402153597" lon="57.49204033776374"><ele>301.1</ele><time>2026-10-01T14:16:28.000Z</time></trkpt><trkpt lat="-20.173504102153593" lon="57.49204033776374"><ele>301.1</ele><time>2026-10-01T14:16:29.000Z</time></trkpt><trkpt lat="-20.17350406882026" lon="57.492040504430406"><ele>301.1</ele><time>2026-10-01T14:16:30.000Z</time></trkpt><trkpt lat="-20.173503935486927" lon="57.49204067109706"><ele>301.1</ele><time>2026-10-01T14:16:31.000Z</time></trkpt><trkpt lat="-20.173503802153597" lon="57.49204083776372"><ele>301.1</ele><time>2026-10-01T14:16:32.000Z</time></trkpt><trkpt lat="-20.173503668820263" lon="57.49204100443037"><ele>301.1</ele><time>2026-10-01T14:16:33.000Z</time></trkpt><trkpt lat="-20.173503468820265" lon="57.492040871097025"><ele>301.0</ele><time>2026-10-01T14:16:34.000Z</time></trkpt><trkpt lat="-20.173503268820262" lon="57.49204073776368"><ele>301.0</ele><time>2026-10-01T14:16:35.000Z</time></trkpt><trkpt lat="-20.173503202153597" lon="57.492040437763684"><ele>301.0</ele><time>2026-10-01T14:16:36.000Z</time></trkpt><trkpt lat="-20.17350293548693" lon="57.49204037109702"><ele>301.0</ele><time>2026-10-01T14:16:37.000Z</time></trkpt><trkpt lat="-20.173502668820262" lon="57.49204030443035"><ele>301.0</ele><time>2026-10-01T14:16:38.000Z</time></trkpt><trkpt lat="-20.173502468820264" lon="57.492040537763685"><ele>300.9</ele><time>2026-10-01T14:16:39.000Z</time></trkpt><trkpt lat="-20.173502268820265" lon="57.492040771097024"><ele>300.9</ele><time>2026-10-01T14:16:40.000Z</time></trkpt><trkpt lat="-20.173502068820262" lon="57.49204100443037"><ele>300.9</ele><time>2026-10-01T14:16:41.000Z</time></trkpt><trkpt lat="-20.17350193548693" lon="57.492040971097026"><ele>300.9</ele><time>2026-10-01T14:16:42.000Z</time></trkpt><trkpt lat="-20.173501402153597" lon="57.492040837763696"><ele>300.9</ele><time>2026-10-01T14:16:43.000Z</time></trkpt><trkpt lat="-20.173500868820263" lon="57.49204070443036"><ele>300.7</ele><time>2026-10-01T14:16:44.000Z</time></trkpt><trkpt lat="-20.17350033548693" lon="57.49204057109703"><ele>300.7</ele><time>2026-10-01T14:16:45.000Z</time></trkpt><trkpt lat="-20.1734998021536" lon="57.49204043776369"><ele>300.7</ele><time>2026-10-01T14:16:46.000Z</time></trkpt><trkpt lat="-20.173499435486935" lon="57.492040037763694"><ele>300.7</ele><time>2026-10-01T14:16:47.000Z</time></trkpt><trkpt lat="-20.173499468820268" lon="57.4920397377637"><ele>300.7</ele><time>2026-10-01T14:16:48.000Z</time></trkpt><trkpt lat="-20.1734995021536" lon="57.492039437763694"><ele>300.6</ele><time>2026-10-01T14:16:49.000Z</time></trkpt><trkpt lat="-20.173499535486933" lon="57.4920391377637"><ele>300.6</ele><time>2026-10-01T14:16:50.000Z</time></trkpt><trkpt lat="-20.17349956882027" lon="57.4920388377637"><ele>300.6</ele><time>2026-10-01T14:16:51.000Z</time></trkpt><trkpt lat="-20.17349956882027" lon="57.4920388377637"><ele>300.6</ele><time>2026-10-01T14:16:52.000Z</time></trkpt><trkpt lat="-20.173499802153618" lon="57.49203823776371"><ele>300.6</ele><time>2026-10-01T14:16:53.000Z</time></trkpt><trkpt lat="-20.173500035486967" lon="57.49203763776374"><ele>300.5</ele><time>2026-10-01T14:16:54.000Z</time></trkpt><trkpt lat="-20.173500268820316" lon="57.49203703776376"><ele>300.5</ele><time>2026-10-01T14:16:55.000Z</time></trkpt><trkpt lat="-20.173500502153665" lon="57.49203643776379"><ele>300.5</ele><time>2026-10-01T14:16:56.000Z</time></trkpt><trkpt lat="-20.173500735487018" lon="57.49203583776381"><ele>300.5</ele><time>2026-10-01T14:16:57.000Z</time></trkpt><trkpt lat="-20.17349950215364" lon="57.49203477109713"><ele>300.5</ele><time>2026-10-01T14:16:58.000Z</time></trkpt><trkpt lat="-20.173497935486925" lon="57.49203303776378"><ele>300.5</ele><time>2026-10-01T14:16:59.000Z</time></trkpt><trkpt lat="-20.17349576882018" lon="57.492030871097086"><ele>300.5</ele><time>2026-10-01T14:17:00.000Z</time></trkpt><trkpt lat="-20.173493435486776" lon="57.492028804430376"><ele>300.5</ele><time>2026-10-01T14:17:01.000Z</time></trkpt><trkpt lat="-20.173490702153366" lon="57.4920274377637"><ele>300.5</ele><time>2026-10-01T14:17:02.000Z</time></trkpt><trkpt lat="-20.17348976881999" lon="57.492027537763725"><ele>300.5</ele><time>2026-10-01T14:17:03.000Z</time></trkpt><trkpt lat="-20.173489035486615" lon="57.49202877109707"><ele>300.4</ele><time>2026-10-01T14:17:04.000Z</time></trkpt><trkpt lat="-20.173489002153268" lon="57.49203033776378"><ele>300.4</ele><time>2026-10-01T14:17:05.000Z</time></trkpt><trkpt lat="-20.173488935486585" lon="57.492031904430476"><ele>300.4</ele><time>2026-10-01T14:17:06.000Z</time></trkpt><trkpt lat="-20.173489335486572" lon="57.492032937763824"><ele>300.4</ele><time>2026-10-01T14:17:07.000Z</time></trkpt><trkpt lat="-20.173488968819907" lon="57.492033504430495"><ele>300.4</ele><time>2026-10-01T14:17:08.000Z</time></trkpt><trkpt lat="-20.173488735486576" lon="57.49203360443052"><ele>300.4</ele><time>2026-10-01T14:17:09.000Z</time></trkpt><trkpt lat="-20.173488402153243" lon="57.49203380443053"><ele>300.4</ele><time>2026-10-01T14:17:10.000Z</time></trkpt><trkpt lat="-20.173488168819908" lon="57.49203383776387"><ele>300.4</ele><time>2026-10-01T14:17:11.000Z</time></trkpt><trkpt lat="-20.173487868819905" lon="57.49203370443054"><ele>300.4</ele><time>2026-10-01T14:17:12.000Z</time></trkpt><trkpt lat="-20.173487768819903" lon="57.49203363776387"><ele>300.4</ele><time>2026-10-01T14:17:13.000Z</time></trkpt><trkpt lat="-20.173487668819906" lon="57.4920335710972"><ele>300.4</ele><time>2026-10-01T14:17:14.000Z</time></trkpt><trkpt lat="-20.173487568819905" lon="57.49203350443054"><ele>300.4</ele><time>2026-10-01T14:17:15.000Z</time></trkpt><trkpt lat="-20.173487568819905" lon="57.49203350443054"><ele>300.4</ele><time>2026-10-01T14:17:16.000Z</time></trkpt><trkpt lat="-20.173487568819905" lon="57.49203350443054"><ele>300.4</ele><time>2026-10-01T14:17:17.000Z</time></trkpt><trkpt lat="-20.173487768819907" lon="57.49203397109723"><ele>300.4</ele><time>2026-10-01T14:17:18.000Z</time></trkpt><trkpt lat="-20.173488102153243" lon="57.49203487109726"><ele>300.4</ele><time>2026-10-01T14:17:19.000Z</time></trkpt><trkpt lat="-20.17348846881991" lon="57.49203607109729"><ele>300.4</ele><time>2026-10-01T14:17:20.000Z</time></trkpt><trkpt lat="-20.17348883548658" lon="57.49203727109732"><ele>300.4</ele><time>2026-10-01T14:17:21.000Z</time></trkpt><trkpt lat="-20.17348920215325" lon="57.49203847109735"><ele>300.4</ele><time>2026-10-01T14:17:22.000Z</time></trkpt><trkpt lat="-20.173489368819915" lon="57.4920392044307"><ele>300.4</ele><time>2026-10-01T14:17:23.000Z</time></trkpt><trkpt lat="-20.173489402153248" lon="57.49203950443069"><ele>300.4</ele><time>2026-10-01T14:17:24.000Z</time></trkpt><trkpt lat="-20.173489402153248" lon="57.49203950443069"><ele>300.4</ele><time>2026-10-01T14:17:25.000Z</time></trkpt><trkpt lat="-20.173489402153248" lon="57.49203950443069"><ele>300.4</ele><time>2026-10-01T14:17:26.000Z</time></trkpt><trkpt lat="-20.173489402153248" lon="57.49203950443069"><ele>300.4</ele><time>2026-10-01T14:17:27.000Z</time></trkpt><trkpt lat="-20.173489402153248" lon="57.49203950443069"><ele>300.4</ele><time>2026-10-01T14:17:28.000Z</time></trkpt><trkpt lat="-20.173489002153246" lon="57.4920392044307"><ele>300.3</ele><time>2026-10-01T14:17:29.000Z</time></trkpt><trkpt lat="-20.173488602153245" lon="57.49203890443069"><ele>300.3</ele><time>2026-10-01T14:17:30.000Z</time></trkpt><trkpt lat="-20.173488202153244" lon="57.4920386044307"><ele>300.3</ele><time>2026-10-01T14:17:31.000Z</time></trkpt><trkpt lat="-20.17348780215324" lon="57.49203830443069"><ele>300.3</ele><time>2026-10-01T14:17:32.000Z</time></trkpt><trkpt lat="-20.17348740215324" lon="57.4920380044307"><ele>300.3</ele><time>2026-10-01T14:17:33.000Z</time></trkpt><trkpt lat="-20.17348740215324" lon="57.4920380044307"><ele>300.3</ele><time>2026-10-01T14:17:34.000Z</time></trkpt><trkpt lat="-20.17348740215324" lon="57.4920380044307"><ele>300.3</ele><time>2026-10-01T14:17:35.000Z</time></trkpt><trkpt lat="-20.173487368819906" lon="57.49203840443071"><ele>300.3</ele><time>2026-10-01T14:17:36.000Z</time></trkpt><trkpt lat="-20.17348730215324" lon="57.49203957109737"><ele>300.3</ele><time>2026-10-01T14:17:37.000Z</time></trkpt><trkpt lat="-20.17348666881992" lon="57.49204153776405"><ele>300.3</ele><time>2026-10-01T14:17:38.000Z</time></trkpt><trkpt lat="-20.17348600215326" lon="57.49204427109744"><ele>300.4</ele><time>2026-10-01T14:17:39.000Z</time></trkpt><trkpt lat="-20.17348466881994" lon="57.49204697109749"><ele>300.4</ele><time>2026-10-01T14:17:40.000Z</time></trkpt><trkpt lat="-20.173482202153316" lon="57.49204910443086"><ele>300.4</ele><time>2026-10-01T14:17:41.000Z</time></trkpt><trkpt lat="-20.17347840215337" lon="57.492050204430925"><ele>300.4</ele><time>2026-10-01T14:17:42.000Z</time></trkpt><trkpt lat="-20.173473835486746" lon="57.49205060443097"><ele>300.4</ele><time>2026-10-01T14:17:43.000Z</time></trkpt><trkpt lat="-20.173467968820113" lon="57.492049704431"><ele>300.4</ele><time>2026-10-01T14:17:44.000Z</time></trkpt><trkpt lat="-20.173461335486856" lon="57.49204853776437"><ele>300.4</ele><time>2026-10-01T14:17:45.000Z</time></trkpt><trkpt lat="-20.173454502153568" lon="57.49204710443106"><ele>300.4</ele><time>2026-10-01T14:17:46.000Z</time></trkpt><trkpt lat="-20.173447235487014" lon="57.49204567109773"><ele>300.4</ele><time>2026-10-01T14:17:47.000Z</time></trkpt><trkpt lat="-20.173439368820375" lon="57.492043871097735"><ele>300.4</ele><time>2026-10-01T14:17:48.000Z</time></trkpt><trkpt lat="-20.173431068820367" lon="57.492042371097725"><ele>300.4</ele><time>2026-10-01T14:17:49.000Z</time></trkpt><trkpt lat="-20.173422335486872" lon="57.49204073776438"><ele>300.4</ele><time>2026-10-01T14:17:50.000Z</time></trkpt><trkpt lat="-20.173413035486618" lon="57.492039504431034"><ele>300.4</ele><time>2026-10-01T14:17:51.000Z</time></trkpt><trkpt lat="-20.17340350215302" lon="57.492037704431006"><ele>300.4</ele><time>2026-10-01T14:17:52.000Z</time></trkpt><trkpt lat="-20.1733937688195" lon="57.492035471097644"><ele>300.4</ele><time>2026-10-01T14:17:53.000Z</time></trkpt><trkpt lat="-20.173384135486046" lon="57.4920331710976"><ele>300.2</ele><time>2026-10-01T14:17:54.000Z</time></trkpt><trkpt lat="-20.173374868819327" lon="57.49203087109756"><ele>300.2</ele><time>2026-10-01T14:17:55.000Z</time></trkpt><trkpt lat="-20.173365768819316" lon="57.492028437764176"><ele>300.2</ele><time>2026-10-01T14:17:56.000Z</time></trkpt><trkpt lat="-20.173356335485884" lon="57.492026871097494"><ele>300.2</ele><time>2026-10-01T14:17:57.000Z</time></trkpt><trkpt lat="-20.1733477688191" lon="57.49202643776416"><ele>300.2</ele><time>2026-10-01T14:17:58.000Z</time></trkpt><trkpt lat="-20.17333880215226" lon="57.49202743776418"><ele>299.9</ele><time>2026-10-01T14:17:59.000Z</time></trkpt><trkpt lat="-20.1733298021521" lon="57.49202830443083"><ele>299.9</ele><time>2026-10-01T14:18:00.000Z</time></trkpt><trkpt lat="-20.173320302152028" lon="57.492029204430835"><ele>299.9</ele><time>2026-10-01T14:18:01.000Z</time></trkpt><trkpt lat="-20.173312135485297" lon="57.49202913776416"><ele>299.9</ele><time>2026-10-01T14:18:02.000Z</time></trkpt><trkpt lat="-20.17330376881854" lon="57.492027304430806"><ele>299.9</ele><time>2026-10-01T14:18:03.000Z</time></trkpt><trkpt lat="-20.173296068818505" lon="57.49202340443078"><ele>299.6</ele><time>2026-10-01T14:18:04.000Z</time></trkpt><trkpt lat="-20.173288568818496" lon="57.49201980443079"><ele>299.6</ele><time>2026-10-01T14:18:05.000Z</time></trkpt><trkpt lat="-20.173281302151835" lon="57.49201590443077"><ele>299.6</ele><time>2026-10-01T14:18:06.000Z</time></trkpt><trkpt lat="-20.173273968818535" lon="57.492012771097436"><ele>299.6</ele><time>2026-10-01T14:18:07.000Z</time></trkpt><trkpt lat="-20.17326566881863" lon="57.49201023776411"><ele>299.6</ele><time>2026-10-01T14:18:08.000Z</time></trkpt><trkpt lat="-20.173256502152082" lon="57.49200840443075"><ele>298.8</ele><time>2026-10-01T14:18:09.000Z</time></trkpt><trkpt lat="-20.173246568818747" lon="57.49200663776405"><ele>298.8</ele><time>2026-10-01T14:18:10.000Z</time></trkpt><trkpt lat="-20.173237535485377" lon="57.49200583776402"><ele>298.8</ele><time>2026-10-01T14:18:11.000Z</time></trkpt><trkpt lat="-20.173227468818656" lon="57.49200547109732"><ele>298.8</ele><time>2026-10-01T14:18:12.000Z</time></trkpt><trkpt lat="-20.173217435485146" lon="57.492006604430614"><ele>298.8</ele><time>2026-10-01T14:18:13.000Z</time></trkpt><trkpt lat="-20.173207068818222" lon="57.49200827109727"><ele>298.1</ele><time>2026-10-01T14:18:14.000Z</time></trkpt><trkpt lat="-20.173196868818003" lon="57.492011004430616"><ele>298.1</ele><time>2026-10-01T14:18:15.000Z</time></trkpt><trkpt lat="-20.173185668817755" lon="57.492013137763976"><ele>298.1</ele><time>2026-10-01T14:18:16.000Z</time></trkpt><trkpt lat="-20.173174602150787" lon="57.49201403776399"><ele>298.1</ele><time>2026-10-01T14:18:17.000Z</time></trkpt><trkpt lat="-20.173163835483813" lon="57.492014204430674"><ele>298.1</ele><time>2026-10-01T14:18:18.000Z</time></trkpt><trkpt lat="-20.17315336881682" lon="57.49201520443072"><ele>297.8</ele><time>2026-10-01T14:18:19.000Z</time></trkpt><trkpt lat="-20.17314250214999" lon="57.49201490443072"><ele>297.8</ele><time>2026-10-01T14:18:20.000Z</time></trkpt><trkpt lat="-20.173131902149716" lon="57.49201443776407"><ele>297.8</ele><time>2026-10-01T14:18:21.000Z</time></trkpt><trkpt lat="-20.17312120214938" lon="57.49201473776408"><ele>297.8</ele><time>2026-10-01T14:18:22.000Z</time></trkpt><trkpt lat="-20.17311053548247" lon="57.49201517109741"><ele>297.8</ele><time>2026-10-01T14:18:23.000Z</time></trkpt><trkpt lat="-20.173099102148875" lon="57.492013437764015"><ele>297.3</ele><time>2026-10-01T14:18:24.000Z</time></trkpt><trkpt lat="-20.173087068815093" lon="57.49201097109731"><ele>297.3</ele><time>2026-10-01T14:18:25.000Z</time></trkpt><trkpt lat="-20.173074202147987" lon="57.4920085044306"><ele>297.3</ele><time>2026-10-01T14:18:26.000Z</time></trkpt><trkpt lat="-20.17306136881431" lon="57.492006737763894"><ele>297.3</ele><time>2026-10-01T14:18:27.000Z</time></trkpt><trkpt lat="-20.17304836881392" lon="57.49200503776385"><ele>297.3</ele><time>2026-10-01T14:18:28.000Z</time></trkpt><trkpt lat="-20.17303653548027" lon="57.4920052710972"><ele>296.9</ele><time>2026-10-01T14:18:29.000Z</time></trkpt><trkpt lat="-20.173025535479944" lon="57.492007004430526"><ele>296.9</ele><time>2026-10-01T14:18:30.000Z</time></trkpt><trkpt lat="-20.173015202146452" lon="57.49200913776385"><ele>296.9</ele><time>2026-10-01T14:18:31.000Z</time></trkpt><trkpt lat="-20.173004868812956" lon="57.49201063776387"><ele>296.9</ele><time>2026-10-01T14:18:32.000Z</time></trkpt><trkpt lat="-20.172994902146087" lon="57.49201183776388"><ele>296.9</ele><time>2026-10-01T14:18:33.000Z</time></trkpt><trkpt lat="-20.172984835479152" lon="57.49201220443056"><ele>296.6</ele><time>2026-10-01T14:18:34.000Z</time></trkpt><trkpt lat="-20.172975068812416" lon="57.492013104430576"><ele>296.6</ele><time>2026-10-01T14:18:35.000Z</time></trkpt><trkpt lat="-20.172964535479" lon="57.49201410443061"><ele>296.6</ele><time>2026-10-01T14:18:36.000Z</time></trkpt><trkpt lat="-20.17295373547902" lon="57.492015271097294"><ele>296.6</ele><time>2026-10-01T14:18:37.000Z</time></trkpt><trkpt lat="-20.172943568812443" lon="57.4920170710973"><ele>296.6</ele><time>2026-10-01T14:18:38.000Z</time></trkpt><trkpt lat="-20.172933168812516" lon="57.49201950443063"><ele>295.9</ele><time>2026-10-01T14:18:39.000Z</time></trkpt><trkpt lat="-20.17292240214575" lon="57.492021871097265"><ele>295.9</ele><time>2026-10-01T14:18:40.000Z</time></trkpt><trkpt lat="-20.172912268812176" lon="57.49202427109725"><ele>295.9</ele><time>2026-10-01T14:18:41.000Z</time></trkpt><trkpt lat="-20.172902435478584" lon="57.49202740443059"><ele>295.9</ele><time>2026-10-01T14:18:42.000Z</time></trkpt><trkpt lat="-20.172891835478314" lon="57.492029937763945"><ele>295.9</ele><time>2026-10-01T14:18:43.000Z</time></trkpt><trkpt lat="-20.17288140214475" lon="57.49203247109729"><ele>295.1</ele><time>2026-10-01T14:18:44.000Z</time></trkpt><trkpt lat="-20.172871102144683" lon="57.49203450443066"><ele>295.1</ele><time>2026-10-01T14:18:45.000Z</time></trkpt><trkpt lat="-20.17286106881139" lon="57.49203663776402"><ele>295.1</ele><time>2026-10-01T14:18:46.000Z</time></trkpt><trkpt lat="-20.172850868811388" lon="57.49203880443072"><ele>295.1</ele><time>2026-10-01T14:18:47.000Z</time></trkpt><trkpt lat="-20.17284020214469" lon="57.49204203776412"><ele>295.1</ele><time>2026-10-01T14:18:48.000Z</time></trkpt><trkpt lat="-20.172829435477926" lon="57.492045071097536"><ele>294.7</ele><time>2026-10-01T14:18:49.000Z</time></trkpt><trkpt lat="-20.172818535477667" lon="57.49204893776424"><ele>294.7</ele><time>2026-10-01T14:18:50.000Z</time></trkpt><trkpt lat="-20.172807035477433" lon="57.49205310443093"><ele>294.7</ele><time>2026-10-01T14:18:51.000Z</time></trkpt><trkpt lat="-20.172794602143806" lon="57.49205717109758"><ele>294.7</ele><time>2026-10-01T14:18:52.000Z</time></trkpt><trkpt lat="-20.172782002143475" lon="57.49206070443087"><ele>294.7</ele><time>2026-10-01T14:18:53.000Z</time></trkpt><trkpt lat="-20.172769335476506" lon="57.49206493776421"><ele>294.1</ele><time>2026-10-01T14:18:54.000Z</time></trkpt><trkpt lat="-20.172756268809692" lon="57.49206833776424"><ele>294.1</ele><time>2026-10-01T14:18:55.000Z</time></trkpt><trkpt lat="-20.172743868809494" lon="57.492072071097674"><ele>294.1</ele><time>2026-10-01T14:18:56.000Z</time></trkpt><trkpt lat="-20.1727324354759" lon="57.49207547109778"><ele>294.1</ele><time>2026-10-01T14:18:57.000Z</time></trkpt><trkpt lat="-20.172721402142358" lon="57.492078904431196"><ele>294.1</ele><time>2026-10-01T14:18:58.000Z</time></trkpt><trkpt lat="-20.172709635475563" lon="57.492082304431264"><ele>293.5</ele><time>2026-10-01T14:18:59.000Z</time></trkpt><trkpt lat="-20.172698702141986" lon="57.492085837764684"><ele>293.5</ele><time>2026-10-01T14:19:00.000Z</time></trkpt><trkpt lat="-20.17268776880841" lon="57.492088437764686"><ele>293.5</ele><time>2026-10-01T14:19:01.000Z</time></trkpt><trkpt lat="-20.17267690214147" lon="57.49209067109805"><ele>293.5</ele><time>2026-10-01T14:19:02.000Z</time></trkpt><trkpt lat="-20.17266673547457" lon="57.49209217109809"><ele>293.5</ele><time>2026-10-01T14:19:03.000Z</time></trkpt><trkpt lat="-20.17265760214092" lon="57.492092637764756"><ele>293.1</ele><time>2026-10-01T14:19:04.000Z</time></trkpt><trkpt lat="-20.17264803547389" lon="57.49209360443145"><ele>293.1</ele><time>2026-10-01T14:19:05.000Z</time></trkpt><trkpt lat="-20.172638435473434" lon="57.49209590443147"><ele>293.1</ele><time>2026-10-01T14:19:06.000Z</time></trkpt><trkpt lat="-20.172628868806402" lon="57.49209953776487"><ele>293.1</ele><time>2026-10-01T14:19:07.000Z</time></trkpt><trkpt lat="-20.17261853547269" lon="57.492104771098276"><ele>293.1</ele><time>2026-10-01T14:19:08.000Z</time></trkpt><trkpt lat="-20.172607568805795" lon="57.49211060443171"><ele>292.4</ele><time>2026-10-01T14:19:09.000Z</time></trkpt><trkpt lat="-20.172597202138977" lon="57.49211680443184"><ele>292.4</ele><time>2026-10-01T14:19:10.000Z</time></trkpt><trkpt lat="-20.172587202138892" lon="57.492122637765284"><ele>292.4</ele><time>2026-10-01T14:19:11.000Z</time></trkpt><trkpt lat="-20.172577735472146" lon="57.49212790443205"><ele>292.4</ele><time>2026-10-01T14:19:12.000Z</time></trkpt><trkpt lat="-20.17256916880547" lon="57.49213277109887"><ele>292.4</ele><time>2026-10-01T14:19:13.000Z</time></trkpt><trkpt lat="-20.172561402138687" lon="57.49213720443233"><ele>291.6</ele><time>2026-10-01T14:19:14.000Z</time></trkpt><trkpt lat="-20.172552602138555" lon="57.4921407044324"><ele>291.6</ele><time>2026-10-01T14:19:15.000Z</time></trkpt><trkpt lat="-20.1725446354718" lon="57.4921438044325"><ele>291.6</ele><time>2026-10-01T14:19:16.000Z</time></trkpt><trkpt lat="-20.17253580213829" lon="57.49214667109923"><ele>291.6</ele><time>2026-10-01T14:19:17.000Z</time></trkpt><trkpt lat="-20.172526502137988" lon="57.492148704432566"><ele>291.6</ele><time>2026-10-01T14:19:18.000Z</time></trkpt><trkpt lat="-20.1725170688044" lon="57.49215100443256"><ele>291.2</ele><time>2026-10-01T14:19:19.000Z</time></trkpt><trkpt lat="-20.172509802137494" lon="57.49215263776587"><ele>291.2</ele><time>2026-10-01T14:19:20.000Z</time></trkpt><trkpt lat="-20.172503868803933" lon="57.49215377109918"><ele>291.2</ele><time>2026-10-01T14:19:21.000Z</time></trkpt><trkpt lat="-20.172500635470495" lon="57.492154571099185"><ele>291.2</ele><time>2026-10-01T14:19:22.000Z</time></trkpt><trkpt lat="-20.172498735470505" lon="57.49215473776584"><ele>291.2</ele><time>2026-10-01T14:19:23.000Z</time></trkpt><trkpt lat="-20.172498835470503" lon="57.49215420443251"><ele>290.5</ele><time>2026-10-01T14:19:24.000Z</time></trkpt><trkpt lat="-20.172499302137187" lon="57.492153771099176"><ele>290.5</ele><time>2026-10-01T14:19:25.000Z</time></trkpt><trkpt lat="-20.1724991021372" lon="57.492153171099176"><ele>290.5</ele><time>2026-10-01T14:19:26.000Z</time></trkpt><trkpt lat="-20.172498568803864" lon="57.49215273776584"><ele>290.5</ele><time>2026-10-01T14:19:27.000Z</time></trkpt><trkpt lat="-20.172498568803864" lon="57.49215277109918"><ele>290.5</ele><time>2026-10-01T14:19:28.000Z</time></trkpt><trkpt lat="-20.172498468803862" lon="57.492152937765844"><ele>289.8</ele><time>2026-10-01T14:19:29.000Z</time></trkpt><trkpt lat="-20.17249843547053" lon="57.49215330443252"><ele>289.8</ele><time>2026-10-01T14:19:30.000Z</time></trkpt><trkpt lat="-20.17249853547053" lon="57.492153537765866"><ele>289.8</ele><time>2026-10-01T14:19:31.000Z</time></trkpt><trkpt lat="-20.17249866880386" lon="57.49215340443253"><ele>289.8</ele><time>2026-10-01T14:19:32.000Z</time></trkpt><trkpt lat="-20.17249826880386" lon="57.49215367109922"><ele>289.8</ele><time>2026-10-01T14:19:33.000Z</time></trkpt><trkpt lat="-20.172496068803934" lon="57.49215507109924"><ele>289.6</ele><time>2026-10-01T14:19:34.000Z</time></trkpt><trkpt lat="-20.172492035470658" lon="57.49215707109929"><ele>289.6</ele><time>2026-10-01T14:19:35.000Z</time></trkpt><trkpt lat="-20.17248630213736" lon="57.49215987109933"><ele>289.6</ele><time>2026-10-01T14:19:36.000Z</time></trkpt><trkpt lat="-20.172479135470766" lon="57.492162771099366"><ele>289.6</ele><time>2026-10-01T14:19:37.000Z</time></trkpt><trkpt lat="-20.17247120213749" lon="57.49216517109939"><ele>289.6</ele><time>2026-10-01T14:19:38.000Z</time></trkpt><trkpt lat="-20.172463502137454" lon="57.49216687109943"><ele>289.3</ele><time>2026-10-01T14:19:39.000Z</time></trkpt><trkpt lat="-20.172455502137428" lon="57.49216830443279"><ele>289.3</ele><time>2026-10-01T14:19:40.000Z</time></trkpt><trkpt lat="-20.172446435470626" lon="57.492169804432855"><ele>289.3</ele><time>2026-10-01T14:19:41.000Z</time></trkpt><trkpt lat="-20.172437002137197" lon="57.492171304432915"><ele>289.3</ele><time>2026-10-01T14:19:42.000Z</time></trkpt><trkpt lat="-20.172427702137156" lon="57.49217400443298"><ele>289.3</ele><time>2026-10-01T14:19:43.000Z</time></trkpt><trkpt lat="-20.172417568803688" lon="57.49217620443303"><ele>289.1</ele><time>2026-10-01T14:19:44.000Z</time></trkpt><trkpt lat="-20.172407102136802" lon="57.49217900443308"><ele>289.1</ele><time>2026-10-01T14:19:45.000Z</time></trkpt><trkpt lat="-20.172396968803334" lon="57.4921816710998"><ele>289.1</ele><time>2026-10-01T14:19:46.000Z</time></trkpt><trkpt lat="-20.172386668803153" lon="57.49218497109986"><ele>289.1</ele><time>2026-10-01T14:19:47.000Z</time></trkpt><trkpt lat="-20.17237536880284" lon="57.49218770443326"><ele>289.1</ele><time>2026-10-01T14:19:48.000Z</time></trkpt><trkpt lat="-20.172364235469235" lon="57.49219113776665"><ele>289.0</ele><time>2026-10-01T14:19:49.000Z</time></trkpt><trkpt lat="-20.172353402135617" lon="57.49219367110004"><ele>289.0</ele><time>2026-10-01T14:19:50.000Z</time></trkpt><trkpt lat="-20.172343002135264" lon="57.492196171100076"><ele>289.0</ele><time>2026-10-01T14:19:51.000Z</time></trkpt><trkpt lat="-20.172332568801487" lon="57.492198671100105"><ele>289.0</ele><time>2026-10-01T14:19:52.000Z</time></trkpt><trkpt lat="-20.172322102134494" lon="57.49220103776679"><ele>289.0</ele><time>2026-10-01T14:19:53.000Z</time></trkpt><trkpt lat="-20.172311468800793" lon="57.492203604433485"><ele>288.6</ele><time>2026-10-01T14:19:54.000Z</time></trkpt><trkpt lat="-20.172300635467174" lon="57.492206637766856"><ele>288.6</ele><time>2026-10-01T14:19:55.000Z</time></trkpt><trkpt lat="-20.172290235467038" lon="57.49221040443356"><ele>288.6</ele><time>2026-10-01T14:19:56.000Z</time></trkpt><trkpt lat="-20.172279868800324" lon="57.49221410443361"><ele>288.6</ele><time>2026-10-01T14:19:57.000Z</time></trkpt><trkpt lat="-20.17226926880027" lon="57.49221790443363"><ele>288.6</ele><time>2026-10-01T14:19:58.000Z</time></trkpt><trkpt lat="-20.172259435467" lon="57.49222203776695"><ele>288.0</ele><time>2026-10-01T14:19:59.000Z</time></trkpt><trkpt lat="-20.172250002133786" lon="57.492226071100276"><ele>288.0</ele><time>2026-10-01T14:20:00.000Z</time></trkpt><trkpt lat="-20.172240035467237" lon="57.492229971100315"><ele>288.0</ele><time>2026-10-01T14:20:01.000Z</time></trkpt><trkpt lat="-20.172229602133996" lon="57.492233137767"><ele>288.0</ele><time>2026-10-01T14:20:02.000Z</time></trkpt><trkpt lat="-20.172219435467316" lon="57.49223620443373"><ele>288.0</ele><time>2026-10-01T14:20:03.000Z</time></trkpt><trkpt lat="-20.17220866880055" lon="57.49223773776716"><ele>287.7</ele><time>2026-10-01T14:20:04.000Z</time></trkpt><trkpt lat="-20.172197968800425" lon="57.49223900443392"><ele>287.7</ele><time>2026-10-01T14:20:05.000Z</time></trkpt><trkpt lat="-20.172186935466886" lon="57.49223923776727"><ele>287.7</ele><time>2026-10-01T14:20:06.000Z</time></trkpt><trkpt lat="-20.172176268799973" lon="57.49223927110063"><ele>287.7</ele><time>2026-10-01T14:20:07.000Z</time></trkpt><trkpt lat="-20.17216523546643" lon="57.49223877110063"><ele>287.7</ele><time>2026-10-01T14:20:08.000Z</time></trkpt><trkpt lat="-20.17215433546617" lon="57.49223820443395"><ele>287.2</ele><time>2026-10-01T14:20:09.000Z</time></trkpt><trkpt lat="-20.172142935465793" lon="57.492236704433914"><ele>287.2</ele><time>2026-10-01T14:20:10.000Z</time></trkpt><trkpt lat="-20.172131602132048" lon="57.49223460443386"><ele>287.2</ele><time>2026-10-01T14:20:11.000Z</time></trkpt><trkpt lat="-20.17212006879839" lon="57.492232671100474"><ele>287.2</ele><time>2026-10-01T14:20:12.000Z</time></trkpt><trkpt lat="-20.172109202131345" lon="57.492231204433764"><ele>287.2</ele><time>2026-10-01T14:20:13.000Z</time></trkpt><trkpt lat="-20.172098568797644" lon="57.49223000443372"><ele>286.6</ele><time>2026-10-01T14:20:14.000Z</time></trkpt><trkpt lat="-20.172088368797425" lon="57.49222970443371"><ele>286.6</ele><time>2026-10-01T14:20:15.000Z</time></trkpt><trkpt lat="-20.17207860213069" lon="57.492230037767044"><ele>286.6</ele><time>2026-10-01T14:20:16.000Z</time></trkpt><trkpt lat="-20.172069335463863" lon="57.49223017110039"><ele>286.6</ele><time>2026-10-01T14:20:17.000Z</time></trkpt><trkpt lat="-20.172059968797182" lon="57.492229804433734"><ele>286.6</ele><time>2026-10-01T14:20:18.000Z</time></trkpt><trkpt lat="-20.172050302130515" lon="57.49222927110041"><ele>286.2</ele><time>2026-10-01T14:20:19.000Z</time></trkpt><trkpt lat="-20.17204050213035" lon="57.49222827110043"><ele>286.2</ele><time>2026-10-01T14:20:20.000Z</time></trkpt><trkpt lat="-20.172030502130056" lon="57.492226771100434"><ele>286.2</ele><time>2026-10-01T14:20:21.000Z</time></trkpt><trkpt lat="-20.17202050212976" lon="57.49222543776709"><ele>286.2</ele><time>2026-10-01T14:20:22.000Z</time></trkpt><trkpt lat="-20.17201030212933" lon="57.49222410443375"><ele>286.2</ele><time>2026-10-01T14:20:23.000Z</time></trkpt><trkpt lat="-20.172000368795672" lon="57.492222637767064"><ele>285.4</ele><time>2026-10-01T14:20:24.000Z</time></trkpt><trkpt lat="-20.17198990212868" lon="57.49222090443368"><ele>285.4</ele><time>2026-10-01T14:20:25.000Z</time></trkpt><trkpt lat="-20.17197930212841" lon="57.492218804433605"><ele>285.4</ele><time>2026-10-01T14:20:26.000Z</time></trkpt><trkpt lat="-20.171968368794722" lon="57.49221660443353"><ele>285.4</ele><time>2026-10-01T14:20:27.000Z</time></trkpt><trkpt lat="-20.17195770212781" lon="57.49221420443346"><ele>285.4</ele><time>2026-10-01T14:20:28.000Z</time></trkpt><trkpt lat="-20.171946802127554" lon="57.49221267110007"><ele>284.7</ele><time>2026-10-01T14:20:29.000Z</time></trkpt><trkpt lat="-20.171936468794055" lon="57.492212237766694"><ele>284.7</ele><time>2026-10-01T14:20:30.000Z</time></trkpt><trkpt lat="-20.171926768793853" lon="57.492213071100025"><ele>284.7</ele><time>2026-10-01T14:20:31.000Z</time></trkpt><trkpt lat="-20.1719169687938" lon="57.49221460443336"><ele>284.7</ele><time>2026-10-01T14:20:32.000Z</time></trkpt><trkpt lat="-20.171906802127115" lon="57.49221680443337"><ele>284.7</ele><time>2026-10-01T14:20:33.000Z</time></trkpt><trkpt lat="-20.171896202127165" lon="57.4922198711"><ele>284.3</ele><time>2026-10-01T14:20:34.000Z</time></trkpt><trkpt lat="-20.17188513546052" lon="57.4922240377667"><ele>284.3</ele><time>2026-10-01T14:20:35.000Z</time></trkpt><trkpt lat="-20.17187416879394" lon="57.49222923776675"><ele>284.3</ele><time>2026-10-01T14:20:36.000Z</time></trkpt><trkpt lat="-20.171863902127303" lon="57.49223640443362"><ele>284.3</ele><time>2026-10-01T14:20:37.000Z</time></trkpt><trkpt lat="-20.171854968793888" lon="57.49224580443375"><ele>284.3</ele><time>2026-10-01T14:20:38.000Z</time></trkpt><trkpt lat="-20.171848302127067" lon="57.49225707110052"><ele>283.5</ele><time>2026-10-01T14:20:39.000Z</time></trkpt><trkpt lat="-20.171844468793658" lon="57.49226947110053"><ele>283.5</ele><time>2026-10-01T14:20:40.000Z</time></trkpt><trkpt lat="-20.171842768793585" lon="57.49228317110061"><ele>283.5</ele><time>2026-10-01T14:20:41.000Z</time></trkpt><trkpt lat="-20.171843902126895" lon="57.49229763776717"><ele>283.5</ele><time>2026-10-01T14:20:42.000Z</time></trkpt><trkpt lat="-20.171847102126904" lon="57.49231167110054"><ele>283.5</ele><time>2026-10-01T14:20:43.000Z</time></trkpt><trkpt lat="-20.171851302126917" lon="57.49232547110056"><ele>282.5</ele><time>2026-10-01T14:20:44.000Z</time></trkpt><trkpt lat="-20.171857202126976" lon="57.492338771100535"><ele>282.5</ele><time>2026-10-01T14:20:45.000Z</time></trkpt><trkpt lat="-20.171865102126986" lon="57.49235103776711"><ele>282.5</ele><time>2026-10-01T14:20:46.000Z</time></trkpt><trkpt lat="-20.171874135460413" lon="57.492361937767114"><ele>282.5</ele><time>2026-10-01T14:20:47.000Z</time></trkpt><trkpt lat="-20.171885468793885" lon="57.49237237110041"><ele>282.5</ele><time>2026-10-01T14:20:48.000Z</time></trkpt><trkpt lat="-20.171898902127328" lon="57.492381171100405"><ele>281.9</ele><time>2026-10-01T14:20:49.000Z</time></trkpt><trkpt lat="-20.171913168794088" lon="57.49238860443383"><ele>281.9</ele><time>2026-10-01T14:20:50.000Z</time></trkpt><trkpt lat="-20.171927335461" lon="57.492395904433955"><ele>281.9</ele><time>2026-10-01T14:20:51.000Z</time></trkpt><trkpt lat="-20.171942168794523" lon="57.49240250443408"><ele>281.9</ele><time>2026-10-01T14:20:52.000Z</time></trkpt><trkpt lat="-20.171957002128046" lon="57.49240780443417"><ele>281.9</ele><time>2026-10-01T14:20:53.000Z</time></trkpt><trkpt lat="-20.171971968795066" lon="57.492413271101"><ele>280.8</ele><time>2026-10-01T14:20:54.000Z</time></trkpt><trkpt lat="-20.171986802128806" lon="57.492418571101155"><ele>280.8</ele><time>2026-10-01T14:20:55.000Z</time></trkpt><trkpt lat="-20.172001868795675" lon="57.49242287110123"><ele>280.8</ele><time>2026-10-01T14:20:56.000Z</time></trkpt><trkpt lat="-20.172015968795943" lon="57.49242730443459"><ele>280.8</ele><time>2026-10-01T14:20:57.000Z</time></trkpt><trkpt lat="-20.17202946879624" lon="57.492431537767935"><ele>280.8</ele><time>2026-10-01T14:20:58.000Z</time></trkpt><trkpt lat="-20.17204326879652" lon="57.49243483776793"><ele>279.5</ele><time>2026-10-01T14:20:59.000Z</time></trkpt><trkpt lat="-20.172059235463355" lon="57.49243743776791"><ele>279.5</ele><time>2026-10-01T14:21:00.000Z</time></trkpt><trkpt lat="-20.172077302130315" lon="57.49243950443457"><ele>279.5</ele><time>2026-10-01T14:21:01.000Z</time></trkpt><trkpt lat="-20.172098368797364" lon="57.49244027110124"><ele>279.5</ele><time>2026-10-01T14:21:02.000Z</time></trkpt><trkpt lat="-20.172122402131073" lon="57.49244123776791"><ele>279.5</ele><time>2026-10-01T14:21:03.000Z</time></trkpt><trkpt lat="-20.172148202131286" lon="57.49244157110125"><ele>278.8</ele><time>2026-10-01T14:21:04.000Z</time></trkpt><trkpt lat="-20.172174802131604" lon="57.49244233776793"><ele>278.8</ele><time>2026-10-01T14:21:05.000Z</time></trkpt><trkpt lat="-20.17220123546543" lon="57.49244283776794"><ele>278.8</ele><time>2026-10-01T14:21:06.000Z</time></trkpt><trkpt lat="-20.17222690213236" lon="57.49244423776794"><ele>278.8</ele><time>2026-10-01T14:21:07.000Z</time></trkpt><trkpt lat="-20.1722509687995" lon="57.492446271101244"><ele>278.8</ele><time>2026-10-01T14:21:08.000Z</time></trkpt><trkpt lat="-20.172274735466868" lon="57.49244910443455"><ele>277.5</ele><time>2026-10-01T14:21:09.000Z</time></trkpt><trkpt lat="-20.17229810213439" lon="57.49245243776784"><ele>277.5</ele><time>2026-10-01T14:21:10.000Z</time></trkpt><trkpt lat="-20.17232026880154" lon="57.492457304434446"><ele>277.5</ele><time>2026-10-01T14:21:11.000Z</time></trkpt><trkpt lat="-20.172342202135336" lon="57.49246137110107"><ele>277.5</ele><time>2026-10-01T14:21:12.000Z</time></trkpt><trkpt lat="-20.17236286880233" lon="57.492464437767715"><ele>277.5</ele><time>2026-10-01T14:21:13.000Z</time></trkpt><trkpt lat="-20.172381102135784" lon="57.49246750443435"><ele>276.2</ele><time>2026-10-01T14:21:14.000Z</time></trkpt><trkpt lat="-20.17239653546907" lon="57.492469704434335"><ele>276.2</ele><time>2026-10-01T14:21:15.000Z</time></trkpt><trkpt lat="-20.172411035469178" lon="57.492470437767665"><ele>276.2</ele><time>2026-10-01T14:21:16.000Z</time></trkpt><trkpt lat="-20.172423602136085" lon="57.49247140443433"><ele>276.2</ele><time>2026-10-01T14:21:17.000Z</time></trkpt><trkpt lat="-20.17243543546952" lon="57.49247240443433"><ele>276.2</ele><time>2026-10-01T14:21:18.000Z</time></trkpt><trkpt lat="-20.17244740213645" lon="57.492472771101006"><ele>275.5</ele><time>2026-10-01T14:21:19.000Z</time></trkpt><trkpt lat="-20.17245906880339" lon="57.49247320443434"><ele>275.5</ele><time>2026-10-01T14:21:20.000Z</time></trkpt><trkpt lat="-20.172470168803784" lon="57.492473971101006"><ele>275.5</ele><time>2026-10-01T14:21:21.000Z</time></trkpt><trkpt lat="-20.172480968804187" lon="57.49247480443434"><ele>275.5</ele><time>2026-10-01T14:21:22.000Z</time></trkpt><trkpt lat="-20.17249206880458" lon="57.492475371101"><ele>275.5</ele><time>2026-10-01T14:21:23.000Z</time></trkpt><trkpt lat="-20.172503735471523" lon="57.492476237767676"><ele>274.2</ele><time>2026-10-01T14:21:24.000Z</time></trkpt><trkpt lat="-20.17251563547181" lon="57.49247740443436"><ele>274.2</ele><time>2026-10-01T14:21:25.000Z</time></trkpt><trkpt lat="-20.17252803547201" lon="57.49247857110106"><ele>274.2</ele><time>2026-10-01T14:21:26.000Z</time></trkpt><trkpt lat="-20.172541268805528" lon="57.49247937110109"><ele>274.2</ele><time>2026-10-01T14:21:27.000Z</time></trkpt><trkpt lat="-20.172554335472338" lon="57.49248120443449"><ele>274.2</ele><time>2026-10-01T14:21:28.000Z</time></trkpt><trkpt lat="-20.172567102139162" lon="57.4924823711012"><ele>273.3</ele><time>2026-10-01T14:21:29.000Z</time></trkpt><trkpt lat="-20.17257970213928" lon="57.49248303776788"><ele>273.3</ele><time>2026-10-01T14:21:30.000Z</time></trkpt><trkpt lat="-20.172591535472712" lon="57.492483504434574"><ele>273.3</ele><time>2026-10-01T14:21:31.000Z</time></trkpt><trkpt lat="-20.172602968806096" lon="57.4924843044346"><ele>273.3</ele><time>2026-10-01T14:21:32.000Z</time></trkpt><trkpt lat="-20.172614568806182" lon="57.4924846377679"><ele>273.3</ele><time>2026-10-01T14:21:33.000Z</time></trkpt><trkpt lat="-20.17262626880634" lon="57.49248580443456"><ele>272.9</ele><time>2026-10-01T14:21:34.000Z</time></trkpt><trkpt lat="-20.172638368806552" lon="57.49248737110122"><ele>272.9</ele><time>2026-10-01T14:21:35.000Z</time></trkpt><trkpt lat="-20.172651135473377" lon="57.49248897110122"><ele>272.9</ele><time>2026-10-01T14:21:36.000Z</time></trkpt><trkpt lat="-20.172664068806906" lon="57.492489804434534"><ele>272.9</ele><time>2026-10-01T14:21:37.000Z</time></trkpt><trkpt lat="-20.17267673547388" lon="57.49249080443453"><ele>272.9</ele><time>2026-10-01T14:21:38.000Z</time></trkpt><trkpt lat="-20.172688735474235" lon="57.492491737767885"><ele>272.1</ele><time>2026-10-01T14:21:39.000Z</time></trkpt><trkpt lat="-20.17270000214112" lon="57.49249287110122"><ele>272.1</ele><time>2026-10-01T14:21:40.000Z</time></trkpt><trkpt lat="-20.172710235474767" lon="57.492494371101245"><ele>272.1</ele><time>2026-10-01T14:21:41.000Z</time></trkpt><trkpt lat="-20.172719868808436" lon="57.49249647110129"><ele>272.1</ele><time>2026-10-01T14:21:42.000Z</time></trkpt><trkpt lat="-20.172729735475453" lon="57.49249867110135"><ele>272.1</ele><time>2026-10-01T14:21:43.000Z</time></trkpt><trkpt lat="-20.172739702142326" lon="57.49250080443475"><ele>271.3</ele><time>2026-10-01T14:21:44.000Z</time></trkpt><trkpt lat="-20.172749468809275" lon="57.49250310443481"><ele>271.3</ele><time>2026-10-01T14:21:45.000Z</time></trkpt><trkpt lat="-20.17275976880956" lon="57.49250560443484"><ele>271.3</ele><time>2026-10-01T14:21:46.000Z</time></trkpt><trkpt lat="-20.17276933547648" lon="57.49250870443484"><ele>271.3</ele><time>2026-10-01T14:21:47.000Z</time></trkpt><trkpt lat="-20.172778302143424" lon="57.49251147110149"><ele>271.3</ele><time>2026-10-01T14:21:48.000Z</time></trkpt><trkpt lat="-20.172787035477022" lon="57.49251397110146"><ele>271.0</ele><time>2026-10-01T14:21:49.000Z</time></trkpt><trkpt lat="-20.172796302143958" lon="57.49251567110143"><ele>271.0</ele><time>2026-10-01T14:21:50.000Z</time></trkpt><trkpt lat="-20.172805968810945" lon="57.492516871101415"><ele>271.0</ele><time>2026-10-01T14:21:51.000Z</time></trkpt><trkpt lat="-20.172816968811272" lon="57.49251760443476"><ele>271.0</ele><time>2026-10-01T14:21:52.000Z</time></trkpt><trkpt lat="-20.172828635478215" lon="57.492518537768106"><ele>271.0</ele><time>2026-10-01T14:21:53.000Z</time></trkpt><trkpt lat="-20.172840935478558" lon="57.49251853776813"><ele>270.2</ele><time>2026-10-01T14:21:54.000Z</time></trkpt><trkpt lat="-20.17285280214542" lon="57.49251867110148"><ele>270.2</ele><time>2026-10-01T14:21:55.000Z</time></trkpt><trkpt lat="-20.172864135478946" lon="57.49251883776816"><ele>270.2</ele><time>2026-10-01T14:21:56.000Z</time></trkpt><trkpt lat="-20.172874168812456" lon="57.49251950443484"><ele>270.2</ele><time>2026-10-01T14:21:57.000Z</time></trkpt><trkpt lat="-20.172883568812562" lon="57.492520771101496"><ele>270.2</ele><time>2026-10-01T14:21:58.000Z</time></trkpt><trkpt lat="-20.17289186881268" lon="57.49252450443488"><ele>269.5</ele><time>2026-10-01T14:21:59.000Z</time></trkpt><trkpt lat="-20.172900568812857" lon="57.49252853776825"><ele>269.5</ele><time>2026-10-01T14:22:00.000Z</time></trkpt><trkpt lat="-20.17291040214634" lon="57.49253213776829"><ele>269.5</ele><time>2026-10-01T14:22:01.000Z</time></trkpt><trkpt lat="-20.17292173547976" lon="57.492534937768326"><ele>269.5</ele><time>2026-10-01T14:22:02.000Z</time></trkpt><trkpt lat="-20.17293290214658" lon="57.492537304435075"><ele>269.5</ele><time>2026-10-01T14:22:03.000Z</time></trkpt><trkpt lat="-20.172944168813363" lon="57.492539037768395"><ele>269.1</ele><time>2026-10-01T14:22:04.000Z</time></trkpt><trkpt lat="-20.17295466881346" lon="57.492541071101755"><ele>269.1</ele><time>2026-10-01T14:22:05.000Z</time></trkpt><trkpt lat="-20.17296416881353" lon="57.49254437110183"><ele>269.1</ele><time>2026-10-01T14:22:06.000Z</time></trkpt><trkpt lat="-20.172973002146982" lon="57.49254883776854"><ele>269.1</ele><time>2026-10-01T14:22:07.000Z</time></trkpt><trkpt lat="-20.172982202147168" lon="57.492552871101886"><ele>269.1</ele><time>2026-10-01T14:22:08.000Z</time></trkpt><trkpt lat="-20.17299173548077" lon="57.49255627110193"><ele>268.5</ele><time>2026-10-01T14:22:09.000Z</time></trkpt><trkpt lat="-20.173001835481138" lon="57.492559637768615"><ele>268.5</ele><time>2026-10-01T14:22:10.000Z</time></trkpt><trkpt lat="-20.1730119354815" lon="57.492562337768604"><ele>268.5</ele><time>2026-10-01T14:22:11.000Z</time></trkpt><trkpt lat="-20.173021935481795" lon="57.492564804435276"><ele>268.5</ele><time>2026-10-01T14:22:12.000Z</time></trkpt><trkpt lat="-20.173031568815357" lon="57.49256813776867"><ele>268.5</ele><time>2026-10-01T14:22:13.000Z</time></trkpt><trkpt lat="-20.173041735482254" lon="57.49257243776871"><ele>268.0</ele><time>2026-10-01T14:22:14.000Z</time></trkpt><trkpt lat="-20.173051868815726" lon="57.49257663776874"><ele>268.0</ele><time>2026-10-01T14:22:15.000Z</time></trkpt><trkpt lat="-20.173061935482554" lon="57.49258160443541"><ele>268.0</ele><time>2026-10-01T14:22:16.000Z</time></trkpt><trkpt lat="-20.173071835482677" lon="57.49258687110206"><ele>268.0</ele><time>2026-10-01T14:22:17.000Z</time></trkpt><trkpt lat="-20.17308166881605" lon="57.49259170443531"><ele>268.0</ele><time>2026-10-01T14:22:18.000Z</time></trkpt><trkpt lat="-20.17309076881606" lon="57.492595904435255"><ele>267.8</ele><time>2026-10-01T14:22:19.000Z</time></trkpt><trkpt lat="-20.173099768816222" lon="57.49260047110185"><ele>267.8</ele><time>2026-10-01T14:22:20.000Z</time></trkpt><trkpt lat="-20.17310863548289" lon="57.49260473776849"><ele>267.8</ele><time>2026-10-01T14:22:21.000Z</time></trkpt><trkpt lat="-20.173117902149613" lon="57.49260863776849"><ele>267.8</ele><time>2026-10-01T14:22:22.000Z</time></trkpt><trkpt lat="-20.17312690214967" lon="57.49261280443513"><ele>267.8</ele><time>2026-10-01T14:22:23.000Z</time></trkpt><trkpt lat="-20.17313593548304" lon="57.492616604435135"><ele>267.3</ele><time>2026-10-01T14:22:24.000Z</time></trkpt><trkpt lat="-20.17314523548297" lon="57.49262000443516"><ele>267.3</ele><time>2026-10-01T14:22:25.000Z</time></trkpt><trkpt lat="-20.1731550021496" lon="57.492623304435185"><ele>267.3</ele><time>2026-10-01T14:22:26.000Z</time></trkpt><trkpt lat="-20.17316460214952" lon="57.49262637110191"><ele>267.3</ele><time>2026-10-01T14:22:27.000Z</time></trkpt><trkpt lat="-20.17317436881615" lon="57.4926290044353"><ele>267.3</ele><time>2026-10-01T14:22:28.000Z</time></trkpt><trkpt lat="-20.173184602149473" lon="57.49263203776867"><ele>266.8</ele><time>2026-10-01T14:22:29.000Z</time></trkpt><trkpt lat="-20.173194535482807" lon="57.492635804435416"><ele>266.8</ele><time>2026-10-01T14:22:30.000Z</time></trkpt><trkpt lat="-20.17320436881629" lon="57.49263963776883"><ele>266.8</ele><time>2026-10-01T14:22:31.000Z</time></trkpt><trkpt lat="-20.17321436881648" lon="57.49264320443556"><ele>266.8</ele><time>2026-10-01T14:22:32.000Z</time></trkpt><trkpt lat="-20.17322440214999" lon="57.49264783776903"><ele>266.8</ele><time>2026-10-01T14:22:33.000Z</time></trkpt><trkpt lat="-20.17323430215022" lon="57.49265260443586"><ele>266.6</ele><time>2026-10-01T14:22:34.000Z</time></trkpt><trkpt lat="-20.173244568817076" lon="57.49265710443599"><ele>266.6</ele><time>2026-10-01T14:22:35.000Z</time></trkpt><trkpt lat="-20.173254868817146" lon="57.49266183776948"><ele>266.6</ele><time>2026-10-01T14:22:36.000Z</time></trkpt><trkpt lat="-20.173265035483936" lon="57.49266690443633"><ele>266.6</ele><time>2026-10-01T14:22:37.000Z</time></trkpt><trkpt lat="-20.1732758021507" lon="57.49267153776981"><ele>266.6</ele><time>2026-10-01T14:22:38.000Z</time></trkpt><trkpt lat="-20.173286568817467" lon="57.49267660443657"><ele>266.0</ele><time>2026-10-01T14:22:39.000Z</time></trkpt><trkpt lat="-20.17329666881762" lon="57.49268177110336"><ele>266.0</ele><time>2026-10-01T14:22:40.000Z</time></trkpt><trkpt lat="-20.173306802151195" lon="57.49268753777009"><ele>266.0</ele><time>2026-10-01T14:22:41.000Z</time></trkpt><trkpt lat="-20.173317302151403" lon="57.492693471103465"><ele>266.0</ele><time>2026-10-01T14:22:42.000Z</time></trkpt><trkpt lat="-20.173327768818396" lon="57.49269870443679"><ele>266.0</ele><time>2026-10-01T14:22:43.000Z</time></trkpt><trkpt lat="-20.173337902151975" lon="57.49270330443684"><ele>265.4</ele><time>2026-10-01T14:22:44.000Z</time></trkpt><trkpt lat="-20.17334816881883" lon="57.49270743777019"><ele>265.4</ele><time>2026-10-01T14:22:45.000Z</time></trkpt><trkpt lat="-20.173357668819005" lon="57.49271100443697"><ele>265.4</ele><time>2026-10-01T14:22:46.000Z</time></trkpt><trkpt lat="-20.17336616881915" lon="57.49271453777036"><ele>265.4</ele><time>2026-10-01T14:22:47.000Z</time></trkpt><trkpt lat="-20.17337426881924" lon="57.49271823777044"><ele>265.4</ele><time>2026-10-01T14:22:48.000Z</time></trkpt><trkpt lat="-20.173382135485987" lon="57.49272230443715"><ele>265.1</ele><time>2026-10-01T14:22:49.000Z</time></trkpt><trkpt lat="-20.173390102152798" lon="57.492726571103866"><ele>265.1</ele><time>2026-10-01T14:22:50.000Z</time></trkpt><trkpt lat="-20.173398435486234" lon="57.49273080443722"><ele>265.1</ele><time>2026-10-01T14:22:51.000Z</time></trkpt><trkpt lat="-20.173407368819646" lon="57.49273577110396"><ele>265.1</ele><time>2026-10-01T14:22:52.000Z</time></trkpt><trkpt lat="-20.1734163688197" lon="57.49274163777071"><ele>265.1</ele><time>2026-10-01T14:22:53.000Z</time></trkpt><trkpt lat="-20.173425335486435" lon="57.49274770443751"><ele>264.3</ele><time>2026-10-01T14:22:54.000Z</time></trkpt><trkpt lat="-20.1734342021531" lon="57.49275400443764"><ele>264.3</ele><time>2026-10-01T14:22:55.000Z</time></trkpt><trkpt lat="-20.173442268819763" lon="57.492760604437784"><ele>264.3</ele><time>2026-10-01T14:22:56.000Z</time></trkpt><trkpt lat="-20.173449635486495" lon="57.49276723777118"><ele>264.3</ele><time>2026-10-01T14:22:57.000Z</time></trkpt><trkpt lat="-20.173456535486526" lon="57.492773637771265"><ele>264.3</ele><time>2026-10-01T14:22:58.000Z</time></trkpt><trkpt lat="-20.173463035486503" lon="57.49278040443799"><ele>263.6</ele><time>2026-10-01T14:22:59.000Z</time></trkpt><trkpt lat="-20.17346890215319" lon="57.49278720443799"><ele>263.6</ele><time>2026-10-01T14:23:00.000Z</time></trkpt><trkpt lat="-20.17347506881986" lon="57.492793471104655"><ele>263.6</ele><time>2026-10-01T14:23:01.000Z</time></trkpt><trkpt lat="-20.173480935486545" lon="57.49279907110472"><ele>263.6</ele><time>2026-10-01T14:23:02.000Z</time></trkpt><trkpt lat="-20.17348743548663" lon="57.49280490443814"><ele>263.6</ele><time>2026-10-01T14:23:03.000Z</time></trkpt><trkpt lat="-20.173494468820053" lon="57.49281060443826"><ele>263.3</ele><time>2026-10-01T14:23:04.000Z</time></trkpt><trkpt lat="-20.173501935486847" lon="57.49281680443837"><ele>263.3</ele><time>2026-10-01T14:23:05.000Z</time></trkpt><trkpt lat="-20.173509735486952" lon="57.49282340443843"><ele>263.3</ele><time>2026-10-01T14:23:06.000Z</time></trkpt><trkpt lat="-20.17351816882035" lon="57.49283017110508"><ele>263.3</ele><time>2026-10-01T14:23:07.000Z</time></trkpt><trkpt lat="-20.173526768820455" lon="57.49283740443841"><ele>263.3</ele><time>2026-10-01T14:23:08.000Z</time></trkpt><trkpt lat="-20.17353530215392" lon="57.49284413777169"><ele>262.7</ele><time>2026-10-01T14:23:09.000Z</time></trkpt><trkpt lat="-20.17354410215405" lon="57.49285137110506"><ele>262.7</ele><time>2026-10-01T14:23:10.000Z</time></trkpt><trkpt lat="-20.173552868820867" lon="57.49285910443848"><ele>262.7</ele><time>2026-10-01T14:23:11.000Z</time></trkpt><trkpt lat="-20.17356163548768" lon="57.492867737771995"><ele>262.7</ele><time>2026-10-01T14:23:12.000Z</time></trkpt><trkpt lat="-20.173569568821062" lon="57.49287577110547"><ele>262.7</ele><time>2026-10-01T14:23:13.000Z</time></trkpt><trkpt lat="-20.173577402154486" lon="57.492884137772265"><ele>262.2</ele><time>2026-10-01T14:23:14.000Z</time></trkpt><trkpt lat="-20.173584835487855" lon="57.49289213777232"><ele>262.2</ele><time>2026-10-01T14:23:15.000Z</time></trkpt><trkpt lat="-20.17359246882125" lon="57.49289903777234"><ele>262.2</ele><time>2026-10-01T14:23:16.000Z</time></trkpt><trkpt lat="-20.173600168821398" lon="57.49290577110567"><ele>262.2</ele><time>2026-10-01T14:23:17.000Z</time></trkpt><trkpt lat="-20.173608235488278" lon="57.49291240443904"><ele>262.2</ele><time>2026-10-01T14:23:18.000Z</time></trkpt><trkpt lat="-20.173616668821783" lon="57.49291927110586"><ele>262.0</ele><time>2026-10-01T14:23:19.000Z</time></trkpt><trkpt lat="-20.17362553548866" lon="57.49292543777268"><ele>262.0</ele><time>2026-10-01T14:23:20.000Z</time></trkpt><trkpt lat="-20.173633835488886" lon="57.492931504439504"><ele>262.0</ele><time>2026-10-01T14:23:21.000Z</time></trkpt><trkpt lat="-20.173642068822364" lon="57.49293680443966"><ele>262.0</ele><time>2026-10-01T14:23:22.000Z</time></trkpt><trkpt lat="-20.173650435489122" lon="57.492942204439736"><ele>262.0</ele><time>2026-10-01T14:23:23.000Z</time></trkpt><trkpt lat="-20.173658802155877" lon="57.492946937773105"><ele>261.6</ele><time>2026-10-01T14:23:24.000Z</time></trkpt><trkpt lat="-20.173667602155906" lon="57.49295133777313"><ele>261.6</ele><time>2026-10-01T14:23:25.000Z</time></trkpt><trkpt lat="-20.17367676882256" lon="57.4929558044398"><ele>261.6</ele><time>2026-10-01T14:23:26.000Z</time></trkpt><trkpt lat="-20.17368596882264" lon="57.4929601044398"><ele>261.6</ele><time>2026-10-01T14:23:27.000Z</time></trkpt><trkpt lat="-20.17369483548941" lon="57.4929645377732"><ele>261.6</ele><time>2026-10-01T14:23:28.000Z</time></trkpt><trkpt lat="-20.173703502156158" lon="57.492969804439966"><ele>261.2</ele><time>2026-10-01T14:23:29.000Z</time></trkpt><trkpt lat="-20.17371153548961" lon="57.492975237773386"><ele>261.2</ele><time>2026-10-01T14:23:30.000Z</time></trkpt><trkpt lat="-20.17371956882306" lon="57.49298120444013"><ele>261.2</ele><time>2026-10-01T14:23:31.000Z</time></trkpt><trkpt lat="-20.173727368823165" lon="57.49298773777359"><ele>261.2</ele><time>2026-10-01T14:23:32.000Z</time></trkpt><trkpt lat="-20.173735368823294" lon="57.49299447110699"><ele>261.2</ele><time>2026-10-01T14:23:33.000Z</time></trkpt><trkpt lat="-20.173743468823496" lon="57.49300080444029"><ele>261.0</ele><time>2026-10-01T14:23:34.000Z</time></trkpt><trkpt lat="-20.173751935490422" lon="57.49300787110693"><ele>261.0</ele><time>2026-10-01T14:23:35.000Z</time></trkpt><trkpt lat="-20.17376076882409" lon="57.49301550444032"><ele>261.0</ele><time>2026-10-01T14:23:36.000Z</time></trkpt><trkpt lat="-20.173769902157744" lon="57.493022971106996"><ele>261.0</ele><time>2026-10-01T14:23:37.000Z</time></trkpt><trkpt lat="-20.173778835491373" lon="57.49303030444037"><ele>261.0</ele><time>2026-10-01T14:23:38.000Z</time></trkpt><trkpt lat="-20.173787535491652" lon="57.49303790444041"><ele>260.7</ele><time>2026-10-01T14:23:39.000Z</time></trkpt><trkpt lat="-20.1737958688252" lon="57.49304513777385"><ele>260.7</ele><time>2026-10-01T14:23:40.000Z</time></trkpt><trkpt lat="-20.17380370215873" lon="57.493052137773894"><ele>260.7</ele><time>2026-10-01T14:23:41.000Z</time></trkpt><trkpt lat="-20.173811602158896" lon="57.493059137773926"><ele>260.7</ele><time>2026-10-01T14:23:42.000Z</time></trkpt><trkpt lat="-20.173819802158942" lon="57.493066204440666"><ele>260.7</ele><time>2026-10-01T14:23:43.000Z</time></trkpt><trkpt lat="-20.173828102158957" lon="57.493073171107405"><ele>260.4</ele><time>2026-10-01T14:23:44.000Z</time></trkpt><trkpt lat="-20.173836368825647" lon="57.493079804440754"><ele>260.4</ele><time>2026-10-01T14:23:45.000Z</time></trkpt><trkpt lat="-20.17384466882566" lon="57.49308587110742"><ele>260.4</ele><time>2026-10-01T14:23:46.000Z</time></trkpt><trkpt lat="-20.173852702159003" lon="57.49309183777412"><ele>260.4</ele><time>2026-10-01T14:23:47.000Z</time></trkpt><trkpt lat="-20.173860668825814" lon="57.493098404440744"><ele>260.4</ele><time>2026-10-01T14:23:48.000Z</time></trkpt><trkpt lat="-20.173868768826008" lon="57.49310537110743"><ele>260.3</ele><time>2026-10-01T14:23:49.000Z</time></trkpt><trkpt lat="-20.173876902159527" lon="57.49311290444081"><ele>260.3</ele><time>2026-10-01T14:23:50.000Z</time></trkpt><trkpt lat="-20.173884735493054" lon="57.493120971107565"><ele>260.3</ele><time>2026-10-01T14:23:51.000Z</time></trkpt><trkpt lat="-20.17389270215997" lon="57.493128604441"><ele>260.3</ele><time>2026-10-01T14:23:52.000Z</time></trkpt><trkpt lat="-20.17390040216022" lon="57.493135104441095"><ele>260.3</ele><time>2026-10-01T14:23:53.000Z</time></trkpt><trkpt lat="-20.17390780216038" lon="57.49314097110785"><ele>259.9</ele><time>2026-10-01T14:23:54.000Z</time></trkpt><trkpt lat="-20.17391483549391" lon="57.49314717110792"><ele>259.9</ele><time>2026-10-01T14:23:55.000Z</time></trkpt><trkpt lat="-20.173922035494037" lon="57.493153904441364"><ele>259.9</ele><time>2026-10-01T14:23:56.000Z</time></trkpt><trkpt lat="-20.173929068827455" lon="57.49316127110818"><ele>259.9</ele><time>2026-10-01T14:23:57.000Z</time></trkpt><trkpt lat="-20.17393626882748" lon="57.49316897110837"><ele>259.9</ele><time>2026-10-01T14:23:58.000Z</time></trkpt><trkpt lat="-20.17394320216083" lon="57.49317657110847"><ele>259.4</ele><time>2026-10-01T14:23:59.000Z</time></trkpt><trkpt lat="-20.173950368827533" lon="57.493184137775316"><ele>259.4</ele><time>2026-10-01T14:24:00.000Z</time></trkpt><trkpt lat="-20.173957602160982" lon="57.49319103777542"><ele>259.4</ele><time>2026-10-01T14:24:01.000Z</time></trkpt><trkpt lat="-20.173964502161123" lon="57.493197871108784"><ele>259.4</ele><time>2026-10-01T14:24:02.000Z</time></trkpt><trkpt lat="-20.173971368827942" lon="57.493204971108824"><ele>259.4</ele><time>2026-10-01T14:24:03.000Z</time></trkpt><trkpt lat="-20.173978402161474" lon="57.49321233777562"><ele>259.1</ele><time>2026-10-01T14:24:04.000Z</time></trkpt><trkpt lat="-20.173985068828266" lon="57.49321933777575"><ele>259.1</ele><time>2026-10-01T14:24:05.000Z</time></trkpt><trkpt lat="-20.173991568828352" lon="57.49322663777589"><ele>259.1</ele><time>2026-10-01T14:24:06.000Z</time></trkpt><trkpt lat="-20.17399803549501" lon="57.49323383777613"><ele>259.1</ele><time>2026-10-01T14:24:07.000Z</time></trkpt><trkpt lat="-20.174004535494994" lon="57.49324120444296"><ele>259.1</ele><time>2026-10-01T14:24:08.000Z</time></trkpt><trkpt lat="-20.17401116882836" lon="57.49324797110976"><ele>258.6</ele><time>2026-10-01T14:24:09.000Z</time></trkpt><trkpt lat="-20.174018268828423" lon="57.49325507110982"><ele>258.6</ele><time>2026-10-01T14:24:10.000Z</time></trkpt><trkpt lat="-20.174025102161814" lon="57.493262271109884"><ele>258.6</ele><time>2026-10-01T14:24:11.000Z</time></trkpt><trkpt lat="-20.174031268828593" lon="57.493269804443216"><ele>258.6</ele><time>2026-10-01T14:24:12.000Z</time></trkpt><trkpt lat="-20.174036802162078" lon="57.49327693777657"><ele>258.6</ele><time>2026-10-01T14:24:13.000Z</time></trkpt><trkpt lat="-20.17404210216221" lon="57.49328460444326"><ele>258.1</ele><time>2026-10-01T14:24:14.000Z</time></trkpt><trkpt lat="-20.174046935495653" lon="57.49329223777668"><ele>258.1</ele><time>2026-10-01T14:24:15.000Z</time></trkpt><trkpt lat="-20.174051968829122" lon="57.49329993777678"><ele>258.1</ele><time>2026-10-01T14:24:16.000Z</time></trkpt><trkpt lat="-20.174057435495964" lon="57.49330857111014"><ele>258.1</ele><time>2026-10-01T14:24:17.000Z</time></trkpt><trkpt lat="-20.174063002162768" lon="57.49331710444352"><ele>258.1</ele><time>2026-10-01T14:24:18.000Z</time></trkpt><trkpt lat="-20.174068335496223" lon="57.493325171110214"><ele>257.8</ele><time>2026-10-01T14:24:19.000Z</time></trkpt><trkpt lat="-20.174073468829707" lon="57.4933321711102"><ele>257.8</ele><time>2026-10-01T14:24:20.000Z</time></trkpt><trkpt lat="-20.174077835496508" lon="57.493337804443456"><ele>257.8</ele><time>2026-10-01T14:24:21.000Z</time></trkpt><trkpt lat="-20.174082268829945" lon="57.49334187111013"><ele>257.8</ele><time>2026-10-01T14:24:22.000Z</time></trkpt><trkpt lat="-20.174086602163424" lon="57.493345204443514"><ele>257.8</ele><time>2026-10-01T14:24:23.000Z</time></trkpt><trkpt lat="-20.17409080216357" lon="57.4933481377769"><ele>257.4</ele><time>2026-10-01T14:24:24.000Z</time></trkpt><trkpt lat="-20.174094668830357" lon="57.4933510711103"><ele>257.4</ele><time>2026-10-01T14:24:25.000Z</time></trkpt><trkpt lat="-20.174098735497115" lon="57.493353804443686"><ele>257.4</ele><time>2026-10-01T14:24:26.000Z</time></trkpt><trkpt lat="-20.174102402163875" lon="57.493355571110406"><ele>257.4</ele><time>2026-10-01T14:24:27.000Z</time></trkpt><trkpt lat="-20.174105602163937" lon="57.493357937777056"><ele>257.4</ele><time>2026-10-01T14:24:28.000Z</time></trkpt><trkpt lat="-20.174108868830693" lon="57.49336113777705"><ele>257.1</ele><time>2026-10-01T14:24:29.000Z</time></trkpt><trkpt lat="-20.174112402164116" lon="57.49336410444372"><ele>257.1</ele><time>2026-10-01T14:24:30.000Z</time></trkpt><trkpt lat="-20.174115435497537" lon="57.493366671110394"><ele>257.1</ele><time>2026-10-01T14:24:31.000Z</time></trkpt><trkpt lat="-20.174117902164266" lon="57.49336943777705"><ele>257.1</ele><time>2026-10-01T14:24:32.000Z</time></trkpt><trkpt lat="-20.174120468831006" lon="57.493371771110425"><ele>257.1</ele><time>2026-10-01T14:24:33.000Z</time></trkpt><trkpt lat="-20.174122802164348" lon="57.49337347111045"><ele>257.0</ele><time>2026-10-01T14:24:34.000Z</time></trkpt><trkpt lat="-20.17412506883105" lon="57.49337543777714"><ele>257.0</ele><time>2026-10-01T14:24:35.000Z</time></trkpt><trkpt lat="-20.174127902164443" lon="57.4933779711105"><ele>257.0</ele><time>2026-10-01T14:24:36.000Z</time></trkpt><trkpt lat="-20.174131302164533" lon="57.493380537777185"><ele>257.0</ele><time>2026-10-01T14:24:37.000Z</time></trkpt><trkpt lat="-20.17413506883131" lon="57.4933831044439"><ele>257.0</ele><time>2026-10-01T14:24:38.000Z</time></trkpt><trkpt lat="-20.174139635498136" lon="57.49338597111064"><ele>256.8</ele><time>2026-10-01T14:24:39.000Z</time></trkpt><trkpt lat="-20.174144302164922" lon="57.493389737777456"><ele>256.8</ele><time>2026-10-01T14:24:40.000Z</time></trkpt><trkpt lat="-20.174149302165016" lon="57.493394537777576"><ele>256.8</ele><time>2026-10-01T14:24:41.000Z</time></trkpt><trkpt lat="-20.1741550021651" lon="57.49339973777772"><ele>256.8</ele><time>2026-10-01T14:24:42.000Z</time></trkpt><trkpt lat="-20.17416110216513" lon="57.493404904444525"><ele>256.8</ele><time>2026-10-01T14:24:43.000Z</time></trkpt><trkpt lat="-20.174166802165104" lon="57.49341003777799"><ele>256.7</ele><time>2026-10-01T14:24:44.000Z</time></trkpt><trkpt lat="-20.174172668831787" lon="57.49341440444476"><ele>256.7</ele><time>2026-10-01T14:24:45.000Z</time></trkpt><trkpt lat="-20.17417840216519" lon="57.493418304444944"><ele>256.7</ele><time>2026-10-01T14:24:46.000Z</time></trkpt><trkpt lat="-20.174183868831925" lon="57.493422837778496"><ele>256.7</ele><time>2026-10-01T14:24:47.000Z</time></trkpt><trkpt lat="-20.174189202165383" lon="57.49342763777869"><ele>256.7</ele><time>2026-10-01T14:24:48.000Z</time></trkpt><trkpt lat="-20.174194868832146" lon="57.493432771112225"><ele>256.5</ele><time>2026-10-01T14:24:49.000Z</time></trkpt><trkpt lat="-20.174201035498925" lon="57.49343840444577"><ele>256.5</ele><time>2026-10-01T14:24:50.000Z</time></trkpt><trkpt lat="-20.17420770216561" lon="57.493444571112605"><ele>256.5</ele><time>2026-10-01T14:24:51.000Z</time></trkpt><trkpt lat="-20.174214935498952" lon="57.49345130444608"><ele>256.5</ele><time>2026-10-01T14:24:52.000Z</time></trkpt><trkpt lat="-20.174222168832294" lon="57.493458204446256"><ele>256.5</ele><time>2026-10-01T14:24:53.000Z</time></trkpt><trkpt lat="-20.174229235499034" lon="57.493465004446406"><ele>256.2</ele><time>2026-10-01T14:24:54.000Z</time></trkpt><trkpt lat="-20.17423603549911" lon="57.49347147111321"><ele>256.2</ele><time>2026-10-01T14:24:55.000Z</time></trkpt><trkpt lat="-20.174242502165875" lon="57.49347753778003"><ele>256.2</ele><time>2026-10-01T14:24:56.000Z</time></trkpt><trkpt lat="-20.17424860216601" lon="57.49348233778018"><ele>256.2</ele><time>2026-10-01T14:24:57.000Z</time></trkpt><trkpt lat="-20.174254902166176" lon="57.49348683778027"><ele>256.2</ele><time>2026-10-01T14:24:58.000Z</time></trkpt><trkpt lat="-20.174261135499705" lon="57.49349087111365"><ele>255.8</ele><time>2026-10-01T14:24:59.000Z</time></trkpt><trkpt lat="-20.174267202166526" lon="57.49349493778035"><ele>255.8</ele><time>2026-10-01T14:25:00.000Z</time></trkpt><trkpt lat="-20.174273202166706" lon="57.493498837780386"><ele>255.8</ele><time>2026-10-01T14:25:01.000Z</time></trkpt><trkpt lat="-20.174279102166818" lon="57.49350323778039"><ele>255.8</ele><time>2026-10-01T14:25:02.000Z</time></trkpt><trkpt lat="-20.174284468833594" lon="57.49350777111376"><ele>255.8</ele><time>2026-10-01T14:25:03.000Z</time></trkpt><trkpt lat="-20.174289735500302" lon="57.49351210444716"><ele>255.6</ele><time>2026-10-01T14:25:04.000Z</time></trkpt><trkpt lat="-20.174295002167014" lon="57.4935166377806"><ele>255.6</ele><time>2026-10-01T14:25:05.000Z</time></trkpt><trkpt lat="-20.174300235500404" lon="57.493521637780724"><ele>255.6</ele><time>2026-10-01T14:25:06.000Z</time></trkpt><trkpt lat="-20.17430536883383" lon="57.493527071114194"><ele>255.6</ele><time>2026-10-01T14:25:07.000Z</time></trkpt><trkpt lat="-20.17431063550054" lon="57.49353203778097"><ele>255.6</ele><time>2026-10-01T14:25:08.000Z</time></trkpt><trkpt lat="-20.174316068833956" lon="57.493537437781086"><ele>255.2</ele><time>2026-10-01T14:25:09.000Z</time></trkpt><trkpt lat="-20.174321868834" lon="57.493542871114435"><ele>255.2</ele><time>2026-10-01T14:25:10.000Z</time></trkpt><trkpt lat="-20.17432786883407" lon="57.49354777111442"><ele>255.2</ele><time>2026-10-01T14:25:11.000Z</time></trkpt><trkpt lat="-20.174334335500834" lon="57.49355217111444"><ele>255.2</ele><time>2026-10-01T14:25:12.000Z</time></trkpt><trkpt lat="-20.1743408021676" lon="57.4935565377811"><ele>255.2</ele><time>2026-10-01T14:25:13.000Z</time></trkpt><trkpt lat="-20.174347135500977" lon="57.493560704447795"><ele>254.9</ele><time>2026-10-01T14:25:14.000Z</time></trkpt><trkpt lat="-20.17435310216773" lon="57.49356477111453"><ele>254.9</ele><time>2026-10-01T14:25:15.000Z</time></trkpt><trkpt lat="-20.17435900216773" lon="57.49356907111462"><ele>254.9</ele><time>2026-10-01T14:25:16.000Z</time></trkpt><trkpt lat="-20.174364702167708" lon="57.49357360444808"><ele>254.9</ele><time>2026-10-01T14:25:17.000Z</time></trkpt><trkpt lat="-20.174370668834353" lon="57.493578971114935"><ele>254.9</ele><time>2026-10-01T14:25:18.000Z</time></trkpt><trkpt lat="-20.174376735501063" lon="57.49358487111516"><ele>254.7</ele><time>2026-10-01T14:25:19.000Z</time></trkpt><trkpt lat="-20.174382668834497" lon="57.49359080444875"><ele>254.7</ele><time>2026-10-01T14:25:20.000Z</time></trkpt><trkpt lat="-20.17438856883461" lon="57.493596771115605"><ele>254.7</ele><time>2026-10-01T14:25:21.000Z</time></trkpt><trkpt lat="-20.174394302168015" lon="57.49360237111574"><ele>254.7</ele><time>2026-10-01T14:25:22.000Z</time></trkpt><trkpt lat="-20.17439973550143" lon="57.49360720444916"><ele>254.7</ele><time>2026-10-01T14:25:23.000Z</time></trkpt><trkpt lat="-20.1744049355015" lon="57.49361177111594"><ele>254.4</ele><time>2026-10-01T14:25:24.000Z</time></trkpt><trkpt lat="-20.174410135501567" lon="57.49361627111595"><ele>254.4</ele><time>2026-10-01T14:25:25.000Z</time></trkpt><trkpt lat="-20.17441513550161" lon="57.49362080444932"><ele>254.4</ele><time>2026-10-01T14:25:26.000Z</time></trkpt><trkpt lat="-20.174419768835023" lon="57.49362523778272"><ele>254.4</ele><time>2026-10-01T14:25:27.000Z</time></trkpt><trkpt lat="-20.174424335501794" lon="57.49363017111612"><ele>254.4</ele><time>2026-10-01T14:25:28.000Z</time></trkpt><trkpt lat="-20.174429002168527" lon="57.49363537111615"><ele>254.2</ele><time>2026-10-01T14:25:29.000Z</time></trkpt><trkpt lat="-20.174433768835218" lon="57.49364090444949"><ele>254.2</ele><time>2026-10-01T14:25:30.000Z</time></trkpt><trkpt lat="-20.174438902168646" lon="57.493646337782785"><ele>254.2</ele><time>2026-10-01T14:25:31.000Z</time></trkpt><trkpt lat="-20.17444443550202" lon="57.49365260444945"><ele>254.2</ele><time>2026-10-01T14:25:32.000Z</time></trkpt><trkpt lat="-20.17445000216872" lon="57.493659771116164"><ele>254.2</ele><time>2026-10-01T14:25:33.000Z</time></trkpt><trkpt lat="-20.174455202168787" lon="57.493666971116184"><ele>254.0</ele><time>2026-10-01T14:25:34.000Z</time></trkpt><trkpt lat="-20.174460602168885" lon="57.49367397111628"><ele>254.0</ele><time>2026-10-01T14:25:35.000Z</time></trkpt><trkpt lat="-20.174465535502286" lon="57.49368087111641"><ele>254.0</ele><time>2026-10-01T14:25:36.000Z</time></trkpt><trkpt lat="-20.174470702169035" lon="57.49368683778317"><ele>254.0</ele><time>2026-10-01T14:25:37.000Z</time></trkpt><trkpt lat="-20.17447586883578" lon="57.49369143778322"><ele>254.0</ele><time>2026-10-01T14:25:38.000Z</time></trkpt><trkpt lat="-20.17448093550252" lon="57.49369630445004"><ele>253.6</ele><time>2026-10-01T14:25:39.000Z</time></trkpt><trkpt lat="-20.174486002169253" lon="57.493701504450236"><ele>253.6</ele><time>2026-10-01T14:25:40.000Z</time></trkpt><trkpt lat="-20.174491435502617" lon="57.493707237783724"><ele>253.6</ele><time>2026-10-01T14:25:41.000Z</time></trkpt><trkpt lat="-20.17449666883606" lon="57.4937140377839"><ele>253.6</ele><time>2026-10-01T14:25:42.000Z</time></trkpt><trkpt lat="-20.174501768836166" lon="57.493721804450686"><ele>253.6</ele><time>2026-10-01T14:25:43.000Z</time></trkpt><trkpt lat="-20.17450770216965" lon="57.49372970445074"><ele>253.0</ele><time>2026-10-01T14:25:44.000Z</time></trkpt><trkpt lat="-20.174513635503132" lon="57.49373733778411"><ele>253.0</ele><time>2026-10-01T14:25:45.000Z</time></trkpt><trkpt lat="-20.174519402170016" lon="57.493745004450865"><ele>253.0</ele><time>2026-10-01T14:25:46.000Z</time></trkpt><trkpt lat="-20.17452546883689" lon="57.49375200445094"><ele>253.0</ele><time>2026-10-01T14:25:47.000Z</time></trkpt><trkpt lat="-20.174531902170447" lon="57.49375883778439"><ele>253.0</ele><time>2026-10-01T14:25:48.000Z</time></trkpt><trkpt lat="-20.174537968837264" lon="57.49376477111785"><ele>252.7</ele><time>2026-10-01T14:25:49.000Z</time></trkpt><trkpt lat="-20.174543568837386" lon="57.49377147111791"><ele>252.7</ele><time>2026-10-01T14:25:50.000Z</time></trkpt><trkpt lat="-20.17454920217083" lon="57.49377847111799"><ele>252.7</ele><time>2026-10-01T14:25:51.000Z</time></trkpt><trkpt lat="-20.17455450217086" lon="57.49378580445148"><ele>252.7</ele><time>2026-10-01T14:25:52.000Z</time></trkpt><trkpt lat="-20.174560135504198" lon="57.49379353778495"><ele>252.7</ele><time>2026-10-01T14:25:53.000Z</time></trkpt><trkpt lat="-20.174566268837548" lon="57.49380230445179"><ele>252.0</ele><time>2026-10-01T14:25:54.000Z</time></trkpt><trkpt lat="-20.174572835504275" lon="57.49381090445204"><ele>252.0</ele><time>2026-10-01T14:25:55.000Z</time></trkpt><trkpt lat="-20.174579568837707" lon="57.493819704452186"><ele>252.0</ele><time>2026-10-01T14:25:56.000Z</time></trkpt><trkpt lat="-20.174586468837852" lon="57.493829204452176"><ele>252.0</ele><time>2026-10-01T14:25:57.000Z</time></trkpt><trkpt lat="-20.174593535504698" lon="57.493838271118804"><ele>252.0</ele><time>2026-10-01T14:25:58.000Z</time></trkpt><trkpt lat="-20.174600935504962" lon="57.493847437785504"><ele>251.2</ele><time>2026-10-01T14:25:59.000Z</time></trkpt><trkpt lat="-20.17460880217181" lon="57.493856271118844"><ele>251.2</ele><time>2026-10-01T14:26:00.000Z</time></trkpt><trkpt lat="-20.174617302171956" lon="57.49386507111901"><ele>251.2</ele><time>2026-10-01T14:26:01.000Z</time></trkpt><trkpt lat="-20.174626135505406" lon="57.49387363778594"><ele>251.2</ele><time>2026-10-01T14:26:02.000Z</time></trkpt><trkpt lat="-20.174635068838818" lon="57.493882571119514"><ele>251.2</ele><time>2026-10-01T14:26:03.000Z</time></trkpt><trkpt lat="-20.174643768838884" lon="57.493891104452985"><ele>250.9</ele><time>2026-10-01T14:26:04.000Z</time></trkpt><trkpt lat="-20.17465260217223" lon="57.493899837786465"><ele>250.9</ele><time>2026-10-01T14:26:05.000Z</time></trkpt><trkpt lat="-20.174661302172296" lon="57.493907971119846"><ele>250.9</ele><time>2026-10-01T14:26:06.000Z</time></trkpt><trkpt lat="-20.174669602172415" lon="57.49391560445319"><ele>250.9</ele><time>2026-10-01T14:26:07.000Z</time></trkpt><trkpt lat="-20.17467750217248" lon="57.49392253778657"><ele>250.9</ele><time>2026-10-01T14:26:08.000Z</time></trkpt><trkpt lat="-20.17468483550578" lon="57.493929237786645"><ele>250.3</ele><time>2026-10-01T14:26:09.000Z</time></trkpt><trkpt lat="-20.174691502172465" lon="57.49393577112003"><ele>250.3</ele><time>2026-10-01T14:26:10.000Z</time></trkpt><trkpt lat="-20.174698002172445" lon="57.49394207112"><ele>250.3</ele><time>2026-10-01T14:26:11.000Z</time></trkpt><trkpt lat="-20.174704668839023" lon="57.493948604453394"><ele>250.3</ele><time>2026-10-01T14:26:12.000Z</time></trkpt><trkpt lat="-20.17471136883903" lon="57.493955604453525"><ele>250.3</ele><time>2026-10-01T14:26:13.000Z</time></trkpt><trkpt lat="-20.174718068839034" lon="57.4939627377869"><ele>249.8</ele><time>2026-10-01T14:26:14.000Z</time></trkpt><trkpt lat="-20.174724535505696" lon="57.49396960445362"><ele>249.8</ele><time>2026-10-01T14:26:15.000Z</time></trkpt><trkpt lat="-20.174731035505676" lon="57.49397680445371"><ele>249.8</ele><time>2026-10-01T14:26:16.000Z</time></trkpt><trkpt lat="-20.174737335505732" lon="57.49398327112042"><ele>249.8</ele><time>2026-10-01T14:26:17.000Z</time></trkpt><trkpt lat="-20.174743168839097" lon="57.49398937112045"><ele>249.8</ele><time>2026-10-01T14:26:18.000Z</time></trkpt><trkpt lat="-20.17474900217246" lon="57.49399520445384"><ele>249.5</ele><time>2026-10-01T14:26:19.000Z</time></trkpt><trkpt lat="-20.17475510217249" lon="57.494001004453864"><ele>249.5</ele><time>2026-10-01T14:26:20.000Z</time></trkpt><trkpt lat="-20.174760802172468" lon="57.49400630445395"><ele>249.5</ele><time>2026-10-01T14:26:21.000Z</time></trkpt><trkpt lat="-20.174766468839124" lon="57.49401167112067"><ele>249.5</ele><time>2026-10-01T14:26:22.000Z</time></trkpt><trkpt lat="-20.1747721688391" lon="57.49401733778733"><ele>249.5</ele><time>2026-10-01T14:26:23.000Z</time></trkpt><trkpt lat="-20.174778102172425" lon="57.49402273778732"><ele>249.0</ele><time>2026-10-01T14:26:24.000Z</time></trkpt><trkpt lat="-20.174784068839177" lon="57.49402773778736"><ele>249.0</ele><time>2026-10-01T14:26:25.000Z</time></trkpt><trkpt lat="-20.174790268839274" lon="57.494032404454046"><ele>249.0</ele><time>2026-10-01T14:26:26.000Z</time></trkpt><trkpt lat="-20.174796602172655" lon="57.49403677112074"><ele>249.0</ele><time>2026-10-01T14:26:27.000Z</time></trkpt><trkpt lat="-20.174803235506023" lon="57.49404130445413"><ele>249.0</ele><time>2026-10-01T14:26:28.000Z</time></trkpt><trkpt lat="-20.17480973550611" lon="57.494046337787495"><ele>248.6</ele><time>2026-10-01T14:26:29.000Z</time></trkpt><trkpt lat="-20.17481616883945" lon="57.494052137787506"><ele>248.6</ele><time>2026-10-01T14:26:30.000Z</time></trkpt><trkpt lat="-20.17482253550615" lon="57.49405857112089"><ele>248.6</ele><time>2026-10-01T14:26:31.000Z</time></trkpt><trkpt lat="-20.17482896883949" lon="57.49406553778763"><ele>248.6</ele><time>2026-10-01T14:26:32.000Z</time></trkpt><trkpt lat="-20.174835235506123" lon="57.49407227112101"><ele>248.6</ele><time>2026-10-01T14:26:33.000Z</time></trkpt><trkpt lat="-20.174841602172716" lon="57.4940796711212"><ele>248.5</ele><time>2026-10-01T14:26:34.000Z</time></trkpt><trkpt lat="-20.174848368839363" lon="57.494086737788095"><ele>248.5</ele><time>2026-10-01T14:26:35.000Z</time></trkpt><trkpt lat="-20.17485513550601" lon="57.494093771121655"><ele>248.5</ele><time>2026-10-01T14:26:36.000Z</time></trkpt><trkpt lat="-20.174862035506045" lon="57.494100704455185"><ele>248.5</ele><time>2026-10-01T14:26:37.000Z</time></trkpt><trkpt lat="-20.17486940217277" lon="57.494107471122064"><ele>248.5</ele><time>2026-10-01T14:26:38.000Z</time></trkpt><trkpt lat="-20.174876602172795" lon="57.494113137788894"><ele>248.1</ele><time>2026-10-01T14:26:39.000Z</time></trkpt><trkpt lat="-20.1748833021728" lon="57.49411850445565"><ele>248.1</ele><time>2026-10-01T14:26:40.000Z</time></trkpt><trkpt lat="-20.174889568839433" lon="57.49412407112237"><ele>248.1</ele><time>2026-10-01T14:26:41.000Z</time></trkpt><trkpt lat="-20.174895535506074" lon="57.49412993778915"><ele>248.1</ele><time>2026-10-01T14:26:42.000Z</time></trkpt><trkpt lat="-20.174901102172775" lon="57.49413633778922"><ele>248.1</ele><time>2026-10-01T14:26:43.000Z</time></trkpt><trkpt lat="-20.17490656883951" lon="57.49414207112257"><ele>247.5</ele><time>2026-10-01T14:26:44.000Z</time></trkpt><trkpt lat="-20.174912135506208" lon="57.494147637789254"><ele>247.5</ele><time>2026-10-01T14:26:45.000Z</time></trkpt><trkpt lat="-20.174918135506278" lon="57.49415290445595"><ele>247.5</ele><time>2026-10-01T14:26:46.000Z</time></trkpt><trkpt lat="-20.1749240688396" lon="57.494157937789325"><ele>247.5</ele><time>2026-10-01T14:26:47.000Z</time></trkpt><trkpt lat="-20.17492970217294" lon="57.49416217112275"><ele>247.5</ele><time>2026-10-01T14:26:48.000Z</time></trkpt><trkpt lat="-20.174935435506235" lon="57.494166937789544"><ele>247.3</ele><time>2026-10-01T14:26:49.000Z</time></trkpt><trkpt lat="-20.17494140217288" lon="57.49417247112306"><ele>247.3</ele><time>2026-10-01T14:26:50.000Z</time></trkpt><trkpt lat="-20.174947335506204" lon="57.494178137789845"><ele>247.3</ele><time>2026-10-01T14:26:51.000Z</time></trkpt><trkpt lat="-20.174953368839596" lon="57.494184271123274"><ele>247.3</ele><time>2026-10-01T14:26:52.000Z</time></trkpt><trkpt lat="-20.174959568839586" lon="57.49419083779005"><ele>247.3</ele><time>2026-10-01T14:26:53.000Z</time></trkpt><trkpt lat="-20.174965802173002" lon="57.494197737790174"><ele>246.8</ele><time>2026-10-01T14:26:54.000Z</time></trkpt><trkpt lat="-20.1749720021731" lon="57.49420400445693"><ele>246.8</ele><time>2026-10-01T14:26:55.000Z</time></trkpt><trkpt lat="-20.174978102173238" lon="57.49421033779045"><ele>246.8</ele><time>2026-10-01T14:26:56.000Z</time></trkpt><trkpt lat="-20.17498370217336" lon="57.494215871123934"><ele>246.8</ele><time>2026-10-01T14:26:57.000Z</time></trkpt><trkpt lat="-20.174989268840164" lon="57.49422100445738"><ele>246.8</ele><time>2026-10-01T14:26:58.000Z</time></trkpt><trkpt lat="-20.17499470217358" lon="57.494226371124135"><ele>246.5</ele><time>2026-10-01T14:26:59.000Z</time></trkpt><trkpt lat="-20.175000002173714" lon="57.49423177112418"><ele>246.5</ele><time>2026-10-01T14:27:00.000Z</time></trkpt><trkpt lat="-20.17500540217381" lon="57.49423693779088"><ele>246.5</ele><time>2026-10-01T14:27:01.000Z</time></trkpt><trkpt lat="-20.175011802173934" lon="57.49424247112429"><ele>246.5</ele><time>2026-10-01T14:27:02.000Z</time></trkpt><trkpt lat="-20.175018635507435" lon="57.494248271124356"><ele>246.5</ele><time>2026-10-01T14:27:03.000Z</time></trkpt><trkpt lat="-20.17502580217424" lon="57.494254704457816"><ele>246.3</ele><time>2026-10-01T14:27:04.000Z</time></trkpt><trkpt lat="-20.175032968841048" lon="57.494261837791285"><ele>246.3</ele><time>2026-10-01T14:27:05.000Z</time></trkpt><trkpt lat="-20.175040035507898" lon="57.49426877112474"><ele>246.3</ele><time>2026-10-01T14:27:06.000Z</time></trkpt><trkpt lat="-20.17504673550801" lon="57.49427590445809"><ele>246.3</ele><time>2026-10-01T14:27:07.000Z</time></trkpt><trkpt lat="-20.175053268841413" lon="57.4942830711248"><ele>246.3</ele><time>2026-10-01T14:27:08.000Z</time></trkpt><trkpt lat="-20.17505983550814" lon="57.49428940445813"><ele>245.8</ele><time>2026-10-01T14:27:09.000Z</time></trkpt><trkpt lat="-20.1750669355082" lon="57.49429520445817"><ele>245.8</ele><time>2026-10-01T14:27:10.000Z</time></trkpt><trkpt lat="-20.17507450217485" lon="57.49430103779157"><ele>245.8</ele><time>2026-10-01T14:27:11.000Z</time></trkpt><trkpt lat="-20.175082202174888" lon="57.494306904458384"><ele>245.8</ele><time>2026-10-01T14:27:12.000Z</time></trkpt><trkpt lat="-20.175090368841513" lon="57.49431303779185"><ele>245.8</ele><time>2026-10-01T14:27:13.000Z</time></trkpt><trkpt lat="-20.175098368841535" lon="57.494319437792"><ele>245.3</ele><time>2026-10-01T14:27:14.000Z</time></trkpt><trkpt lat="-20.175105835508223" lon="57.49432583779209"><ele>245.3</ele><time>2026-10-01T14:27:15.000Z</time></trkpt><trkpt lat="-20.175112735508257" lon="57.49433230445884"><ele>245.3</ele><time>2026-10-01T14:27:16.000Z</time></trkpt><trkpt lat="-20.175119602174973" lon="57.494339037792166"><ele>245.3</ele><time>2026-10-01T14:27:17.000Z</time></trkpt><trkpt lat="-20.175126168841807" lon="57.49434520445889"><ele>245.3</ele><time>2026-10-01T14:27:18.000Z</time></trkpt><trkpt lat="-20.17513280217528" lon="57.494351137792236"><ele>245.1</ele><time>2026-10-01T14:27:19.000Z</time></trkpt><trkpt lat="-20.17513993550877" lon="57.49435703779227"><ele>245.1</ele><time>2026-10-01T14:27:20.000Z</time></trkpt><trkpt lat="-20.175147402175565" lon="57.49436327112566"><ele>245.1</ele><time>2026-10-01T14:27:21.000Z</time></trkpt><trkpt lat="-20.175154902175684" lon="57.49436953779243"><ele>245.1</ele><time>2026-10-01T14:27:22.000Z</time></trkpt><trkpt lat="-20.175162602175828" lon="57.494375904459204"><ele>245.1</ele><time>2026-10-01T14:27:23.000Z</time></trkpt><trkpt lat="-20.175170502175998" lon="57.49438203779258"><ele>244.7</ele><time>2026-10-01T14:27:24.000Z</time></trkpt><trkpt lat="-20.175178335509422" lon="57.49438810445931"><ele>244.7</ele><time>2026-10-01T14:27:25.000Z</time></trkpt><trkpt lat="-20.175185768842898" lon="57.49439420445939"><ele>244.7</ele><time>2026-10-01T14:27:26.000Z</time></trkpt><trkpt lat="-20.175191635509673" lon="57.4943985711261"><ele>244.7</ele><time>2026-10-01T14:27:27.000Z</time></trkpt><trkpt lat="-20.17519573550971" lon="57.494401871126136"><ele>244.7</ele><time>2026-10-01T14:27:28.000Z</time></trkpt><trkpt lat="-20.175198502176386" lon="57.494404337792865"><ele>244.3</ele><time>2026-10-01T14:27:29.000Z</time></trkpt><trkpt lat="-20.175199568843073" lon="57.49440570445959"><ele>244.3</ele><time>2026-10-01T14:27:30.000Z</time></trkpt><trkpt lat="-20.17519960217641" lon="57.494405671126245"><ele>244.3</ele><time>2026-10-01T14:27:31.000Z</time></trkpt><trkpt lat="-20.175199668843074" lon="57.49440570445957"><ele>244.3</ele><time>2026-10-01T14:27:32.000Z</time></trkpt><trkpt lat="-20.175199802176408" lon="57.49440577112623"><ele>244.3</ele><time>2026-10-01T14:27:33.000Z</time></trkpt><trkpt lat="-20.17519973550974" lon="57.49440567112623"><ele>244.0</ele><time>2026-10-01T14:27:34.000Z</time></trkpt><trkpt lat="-20.17520026884307" lon="57.494407137792905"><ele>244.0</ele><time>2026-10-01T14:27:35.000Z</time></trkpt><trkpt lat="-20.175201702176366" lon="57.49440937112629"><ele>244.0</ele><time>2026-10-01T14:27:36.000Z</time></trkpt><trkpt lat="-20.17520336884301" lon="57.49441263779304"><ele>244.0</ele><time>2026-10-01T14:27:37.000Z</time></trkpt><trkpt lat="-20.17520593550962" lon="57.494416504459785"><ele>244.0</ele><time>2026-10-01T14:27:38.000Z</time></trkpt><trkpt lat="-20.17520966884286" lon="57.4944212377932"><ele>243.5</ele><time>2026-10-01T14:27:39.000Z</time></trkpt><trkpt lat="-20.17521383550947" lon="57.49442537112659"><ele>243.5</ele><time>2026-10-01T14:27:40.000Z</time></trkpt><trkpt lat="-20.17521813550947" lon="57.49442960445996"><ele>243.5</ele><time>2026-10-01T14:27:41.000Z</time></trkpt><trkpt lat="-20.175223335509433" lon="57.49443400445999"><ele>243.5</ele><time>2026-10-01T14:27:42.000Z</time></trkpt><trkpt lat="-20.17522900217609" lon="57.494439204459994"><ele>243.5</ele><time>2026-10-01T14:27:43.000Z</time></trkpt><trkpt lat="-20.17523480217613" lon="57.494445037793284"><ele>243.2</ele><time>2026-10-01T14:27:44.000Z</time></trkpt><trkpt lat="-20.175240835509523" lon="57.49445163779326"><ele>243.2</ele><time>2026-10-01T14:27:45.000Z</time></trkpt><trkpt lat="-20.175246902176234" lon="57.49445883779329"><ele>243.2</ele><time>2026-10-01T14:27:46.000Z</time></trkpt><trkpt lat="-20.17525326884293" lon="57.4944664711266"><ele>243.2</ele><time>2026-10-01T14:27:47.000Z</time></trkpt><trkpt lat="-20.175259435509602" lon="57.49447410445998"><ele>243.2</ele><time>2026-10-01T14:27:48.000Z</time></trkpt><trkpt lat="-20.175265502176313" lon="57.49448140446007"><ele>243.0</ele><time>2026-10-01T14:27:49.000Z</time></trkpt><trkpt lat="-20.175271468842958" lon="57.49448807112684"><ele>243.0</ele><time>2026-10-01T14:27:50.000Z</time></trkpt><trkpt lat="-20.175277602176312" lon="57.49449440446027"><ele>243.0</ele><time>2026-10-01T14:27:51.000Z</time></trkpt><trkpt lat="-20.175283668843022" lon="57.4945004044604"><ele>243.0</ele><time>2026-10-01T14:27:52.000Z</time></trkpt><trkpt lat="-20.1752898355098" lon="57.49450623779387"><ele>243.0</ele><time>2026-10-01T14:27:53.000Z</time></trkpt><trkpt lat="-20.17529606884322" lon="57.494512304460656"><ele>242.7</ele><time>2026-10-01T14:27:54.000Z</time></trkpt><trkpt lat="-20.175302568843307" lon="57.4945185711274"><ele>242.7</ele><time>2026-10-01T14:27:55.000Z</time></trkpt><trkpt lat="-20.175309235509992" lon="57.49452510446076"><ele>242.7</ele><time>2026-10-01T14:27:56.000Z</time></trkpt><trkpt lat="-20.175316235510092" lon="57.49453203779416"><ele>242.7</ele><time>2026-10-01T14:27:57.000Z</time></trkpt><trkpt lat="-20.17532350217686" lon="57.49453890446087"><ele>242.7</ele><time>2026-10-01T14:27:58.000Z</time></trkpt><trkpt lat="-20.175331102176933" lon="57.49454580446093"><ele>242.2</ele><time>2026-10-01T14:27:59.000Z</time></trkpt><trkpt lat="-20.175339068843744" lon="57.49455310446099"><ele>242.2</ele><time>2026-10-01T14:28:00.000Z</time></trkpt><trkpt lat="-20.175347335510647" lon="57.494560504461084"><ele>242.2</ele><time>2026-10-01T14:28:01.000Z</time></trkpt><trkpt lat="-20.175355102177537" lon="57.49456717112774"><ele>242.2</ele><time>2026-10-01T14:28:02.000Z</time></trkpt><trkpt lat="-20.17536253551112" lon="57.49457393779437"><ele>242.2</ele><time>2026-10-01T14:28:03.000Z</time></trkpt><trkpt lat="-20.175369402178045" lon="57.49458047112766"><ele>241.9</ele><time>2026-10-01T14:28:04.000Z</time></trkpt><trkpt lat="-20.17537573551164" lon="57.49458663779434"><ele>241.9</ele><time>2026-10-01T14:28:05.000Z</time></trkpt><trkpt lat="-20.17538140217851" lon="57.49459267112767"><ele>241.9</ele><time>2026-10-01T14:28:06.000Z</time></trkpt><trkpt lat="-20.17538706884538" lon="57.494599037794345"><ele>241.9</ele><time>2026-10-01T14:28:07.000Z</time></trkpt><trkpt lat="-20.175392702178826" lon="57.49460567112777"><ele>241.9</ele><time>2026-10-01T14:28:08.000Z</time></trkpt><trkpt lat="-20.17539843551223" lon="57.49461267112788"><ele>241.3</ele><time>2026-10-01T14:28:09.000Z</time></trkpt><trkpt lat="-20.175404035512248" lon="57.49462017112802"><ele>241.3</ele><time>2026-10-01T14:28:10.000Z</time></trkpt><trkpt lat="-20.175409635512263" lon="57.49462787112818"><ele>241.3</ele><time>2026-10-01T14:28:11.000Z</time></trkpt><trkpt lat="-20.175414735512213" lon="57.49463587112841"><ele>241.3</ele><time>2026-10-01T14:28:12.000Z</time></trkpt><trkpt lat="-20.17541950217885" lon="57.49464360446198"><ele>241.3</ele><time>2026-10-01T14:28:13.000Z</time></trkpt><trkpt lat="-20.17542446884552" lon="57.49465157112886"><ele>240.6</ele><time>2026-10-01T14:28:14.000Z</time></trkpt><trkpt lat="-20.17542920217884" lon="57.49465903779567"><ele>240.6</ele><time>2026-10-01T14:28:15.000Z</time></trkpt><trkpt lat="-20.17543406884544" lon="57.494666537795766"><ele>240.6</ele><time>2026-10-01T14:28:16.000Z</time></trkpt><trkpt lat="-20.175439368845367" lon="57.494673671129206"><ele>240.6</ele><time>2026-10-01T14:28:17.000Z</time></trkpt><trkpt lat="-20.17544506884534" lon="57.494681004462564"><ele>240.6</ele><time>2026-10-01T14:28:18.000Z</time></trkpt><trkpt lat="-20.175450602178614" lon="57.494688471129166"><ele>240.1</ele><time>2026-10-01T14:28:19.000Z</time></trkpt><trkpt lat="-20.175456502178616" lon="57.49469693779572"><ele>240.1</ele><time>2026-10-01T14:28:20.000Z</time></trkpt><trkpt lat="-20.175462135511953" lon="57.49470623779555"><ele>240.1</ele><time>2026-10-01T14:28:21.000Z</time></trkpt><trkpt lat="-20.17546770217865" lon="57.494716104461965"><ele>240.1</ele><time>2026-10-01T14:28:22.000Z</time></trkpt><trkpt lat="-20.175473002178677" lon="57.49472627112848"><ele>240.1</ele><time>2026-10-01T14:28:23.000Z</time></trkpt><trkpt lat="-20.175478368845454" lon="57.49473620446172"><ele>239.2</ele><time>2026-10-01T14:28:24.000Z</time></trkpt><trkpt lat="-20.175483802178867" lon="57.494745471128354"><ele>239.2</ele><time>2026-10-01T14:28:25.000Z</time></trkpt><trkpt lat="-20.175489468845633" lon="57.49475397112842"><ele>239.2</ele><time>2026-10-01T14:28:26.000Z</time></trkpt><trkpt lat="-20.175495235512354" lon="57.49476237112858"><ele>239.2</ele><time>2026-10-01T14:28:27.000Z</time></trkpt><trkpt lat="-20.175500902179067" lon="57.49477080446203"><ele>239.2</ele><time>2026-10-01T14:28:28.000Z</time></trkpt><trkpt lat="-20.17550630217911" lon="57.49477943779556"><ele>238.2</ele><time>2026-10-01T14:28:29.000Z</time></trkpt><trkpt lat="-20.175511268845778" lon="57.494788171129144"><ele>238.2</ele><time>2026-10-01T14:28:30.000Z</time></trkpt><trkpt lat="-20.17551566884579" lon="57.49479717112938"><ele>238.2</ele><time>2026-10-01T14:28:31.000Z</time></trkpt><trkpt lat="-20.175519735512495" lon="57.49480560446286"><ele>238.2</ele><time>2026-10-01T14:28:32.000Z</time></trkpt><trkpt lat="-20.17552336884585" lon="57.49481267112965"><ele>238.2</ele><time>2026-10-01T14:28:33.000Z</time></trkpt><trkpt lat="-20.1755262355125" lon="57.49481747112969"><ele>237.8</ele><time>2026-10-01T14:28:34.000Z</time></trkpt><trkpt lat="-20.175528268845824" lon="57.494820637796366"><ele>237.8</ele><time>2026-10-01T14:28:35.000Z</time></trkpt><trkpt lat="-20.175529702179162" lon="57.49482197112966"><ele>237.8</ele><time>2026-10-01T14:28:36.000Z</time></trkpt><trkpt lat="-20.175530335512512" lon="57.49482210446298"><ele>237.8</ele><time>2026-10-01T14:28:37.000Z</time></trkpt><trkpt lat="-20.175530535512515" lon="57.49482180446296"><ele>237.8</ele><time>2026-10-01T14:28:38.000Z</time></trkpt><trkpt lat="-20.175530535512515" lon="57.49482187112962"><ele>237.1</ele><time>2026-10-01T14:28:39.000Z</time></trkpt><trkpt lat="-20.175530535512515" lon="57.49482190446296"><ele>237.1</ele><time>2026-10-01T14:28:40.000Z</time></trkpt><trkpt lat="-20.175530568845847" lon="57.49482183779628"><ele>237.1</ele><time>2026-10-01T14:28:41.000Z</time></trkpt><trkpt lat="-20.175530568845847" lon="57.49482183779628"><ele>237.1</ele><time>2026-10-01T14:28:42.000Z</time></trkpt><trkpt lat="-20.175530568845847" lon="57.49482183779628"><ele>237.1</ele><time>2026-10-01T14:28:43.000Z</time></trkpt><trkpt lat="-20.175530568845847" lon="57.49482183779628"><ele>236.7</ele><time>2026-10-01T14:28:44.000Z</time></trkpt><trkpt lat="-20.175531168845875" lon="57.49482253779627"><ele>236.7</ele><time>2026-10-01T14:28:45.000Z</time></trkpt><trkpt lat="-20.175532068845918" lon="57.4948246377963"><ele>236.7</ele><time>2026-10-01T14:28:46.000Z</time></trkpt><trkpt lat="-20.175533735512644" lon="57.49482803779633"><ele>236.7</ele><time>2026-10-01T14:28:47.000Z</time></trkpt><trkpt lat="-20.17553636884608" lon="57.49483307112969"><ele>236.7</ele><time>2026-10-01T14:28:48.000Z</time></trkpt><trkpt lat="-20.17554003551286" lon="57.49483997112975"><ele>236.5</ele><time>2026-10-01T14:28:49.000Z</time></trkpt><trkpt lat="-20.175543735512964" lon="57.4948474044631"><ele>236.5</ele><time>2026-10-01T14:28:50.000Z</time></trkpt><trkpt lat="-20.175548068846442" lon="57.49485533779642"><ele>236.5</ele><time>2026-10-01T14:28:51.000Z</time></trkpt><trkpt lat="-20.175552302179906" lon="57.494863304463124"><ele>236.5</ele><time>2026-10-01T14:28:52.000Z</time></trkpt><trkpt lat="-20.17555616884669" lon="57.4948715044632"><ele>236.5</ele><time>2026-10-01T14:28:53.000Z</time></trkpt><trkpt lat="-20.175559635513473" lon="57.49488000446327"><ele>236.2</ele><time>2026-10-01T14:28:54.000Z</time></trkpt><trkpt lat="-20.175563502180257" lon="57.49488903779676"><ele>236.2</ele><time>2026-10-01T14:28:55.000Z</time></trkpt><trkpt lat="-20.17556770218035" lon="57.49489773779693"><ele>236.2</ele><time>2026-10-01T14:28:56.000Z</time></trkpt><trkpt lat="-20.175572335513763" lon="57.49490710446372"><ele>236.2</ele><time>2026-10-01T14:28:57.000Z</time></trkpt><trkpt lat="-20.175576935513803" lon="57.494916604463924"><ele>236.2</ele><time>2026-10-01T14:28:58.000Z</time></trkpt><trkpt lat="-20.175581835513885" lon="57.49492627113068"><ele>235.8</ele><time>2026-10-01T14:28:59.000Z</time></trkpt><trkpt lat="-20.17558716884734" lon="57.49493630446416"><ele>235.8</ele><time>2026-10-01T14:29:00.000Z</time></trkpt><trkpt lat="-20.17559300218081" lon="57.494946504464245"><ele>235.8</ele><time>2026-10-01T14:29:01.000Z</time></trkpt><trkpt lat="-20.17559826884763" lon="57.49495587113099"><ele>235.8</ele><time>2026-10-01T14:29:02.000Z</time></trkpt><trkpt lat="-20.17560413551442" lon="57.49496517113098"><ele>235.8</ele><time>2026-10-01T14:29:03.000Z</time></trkpt><trkpt lat="-20.1756103021812" lon="57.494974737797726"><ele>235.5</ele><time>2026-10-01T14:29:04.000Z</time></trkpt><trkpt lat="-20.175616402181234" lon="57.494984004464435"><ele>235.5</ele><time>2026-10-01T14:29:05.000Z</time></trkpt><trkpt lat="-20.17562193551461" lon="57.49499380446464"><ele>235.5</ele><time>2026-10-01T14:29:06.000Z</time></trkpt><trkpt lat="-20.175627802181346" lon="57.495004071131575"><ele>235.5</ele><time>2026-10-01T14:29:07.000Z</time></trkpt><trkpt lat="-20.17563336884815" lon="57.49501397113185"><ele>235.5</ele><time>2026-10-01T14:29:08.000Z</time></trkpt><trkpt lat="-20.17563783551491" lon="57.4950226711321"><ele>234.7</ele><time>2026-10-01T14:29:09.000Z</time></trkpt><trkpt lat="-20.17564136884838" lon="57.49503113779899"><ele>234.7</ele><time>2026-10-01T14:29:10.000Z</time></trkpt><trkpt lat="-20.1756433021818" lon="57.49503913779913"><ele>234.7</ele><time>2026-10-01T14:29:11.000Z</time></trkpt><trkpt lat="-20.17564453551519" lon="57.4950473377992"><ele>234.7</ele><time>2026-10-01T14:29:12.000Z</time></trkpt><trkpt lat="-20.175645702181885" lon="57.495055404465916"><ele>234.7</ele><time>2026-10-01T14:29:13.000Z</time></trkpt><trkpt lat="-20.175647602181943" lon="57.495064004466016"><ele>233.8</ele><time>2026-10-01T14:29:14.000Z</time></trkpt><trkpt lat="-20.175650102181976" lon="57.4950729711327"><ele>233.8</ele><time>2026-10-01T14:29:15.000Z</time></trkpt><trkpt lat="-20.175653935515403" lon="57.49508200446606"><ele>233.8</ele><time>2026-10-01T14:29:16.000Z</time></trkpt><trkpt lat="-20.175658102182172" lon="57.49509207113285"><ele>233.8</ele><time>2026-10-01T14:29:17.000Z</time></trkpt><trkpt lat="-20.17566256884893" lon="57.49510420446628"><ele>233.8</ele><time>2026-10-01T14:29:18.000Z</time></trkpt><trkpt lat="-20.175667435515695" lon="57.49511687113304"><ele>233.3</ele><time>2026-10-01T14:29:19.000Z</time></trkpt><trkpt lat="-20.175672335515777" lon="57.49513040446652"><ele>233.3</ele><time>2026-10-01T14:29:20.000Z</time></trkpt><trkpt lat="-20.175677235515856" lon="57.49514433779996"><ele>233.3</ele><time>2026-10-01T14:29:21.000Z</time></trkpt><trkpt lat="-20.175682568849318" lon="57.49515787113337"><ele>233.3</ele><time>2026-10-01T14:29:22.000Z</time></trkpt><trkpt lat="-20.175687768849492" lon="57.495170471133534"><ele>233.3</ele><time>2026-10-01T14:29:23.000Z</time></trkpt><trkpt lat="-20.175693202183012" lon="57.495182937800315"><ele>232.8</ele><time>2026-10-01T14:29:24.000Z</time></trkpt><trkpt lat="-20.175699002183272" lon="57.49519500446708"><ele>232.8</ele><time>2026-10-01T14:29:25.000Z</time></trkpt><trkpt lat="-20.175705202183476" lon="57.49520747113388"><ele>232.8</ele><time>2026-10-01T14:29:26.000Z</time></trkpt><trkpt lat="-20.175712202183682" lon="57.49522010446731"><ele>232.8</ele><time>2026-10-01T14:29:27.000Z</time></trkpt><trkpt lat="-20.17571943551724" lon="57.495232504467346"><ele>232.8</ele><time>2026-10-01T14:29:28.000Z</time></trkpt><trkpt lat="-20.1757262021841" lon="57.49524480446731"><ele>232.2</ele><time>2026-10-01T14:29:29.000Z</time></trkpt><trkpt lat="-20.17573253551759" lon="57.49525650446725"><ele>232.2</ele><time>2026-10-01T14:29:30.000Z</time></trkpt><trkpt lat="-20.17573920218438" lon="57.49526757113381"><ele>232.2</ele><time>2026-10-01T14:29:31.000Z</time></trkpt><trkpt lat="-20.17574473551781" lon="57.49527777113366"><ele>232.2</ele><time>2026-10-01T14:29:32.000Z</time></trkpt><trkpt lat="-20.17574966885121" lon="57.4952878378003"><ele>232.2</ele><time>2026-10-01T14:29:33.000Z</time></trkpt><trkpt lat="-20.175753902184596" lon="57.495297937800295"><ele>231.8</ele><time>2026-10-01T14:29:34.000Z</time></trkpt><trkpt lat="-20.17575843551797" lon="57.495308071133664"><ele>231.8</ele><time>2026-10-01T14:29:35.000Z</time></trkpt><trkpt lat="-20.175762635518034" lon="57.49531840446697"><ele>231.8</ele><time>2026-10-01T14:29:36.000Z</time></trkpt><trkpt lat="-20.1757668355181" lon="57.49532973780041"><ele>231.8</ele><time>2026-10-01T14:29:37.000Z</time></trkpt><trkpt lat="-20.17577123551814" lon="57.49534177113376"><ele>231.8</ele><time>2026-10-01T14:29:38.000Z</time></trkpt><trkpt lat="-20.175776302184875" lon="57.495353771133956"><ele>230.9</ele><time>2026-10-01T14:29:39.000Z</time></trkpt><trkpt lat="-20.175780668851623" lon="57.49536607113409"><ele>230.9</ele><time>2026-10-01T14:29:40.000Z</time></trkpt><trkpt lat="-20.17578463551842" lon="57.49537843780102"><ele>230.9</ele><time>2026-10-01T14:29:41.000Z</time></trkpt><trkpt lat="-20.175789368851845" lon="57.49539023780113"><ele>230.9</ele><time>2026-10-01T14:29:42.000Z</time></trkpt><trkpt lat="-20.175794835518637" lon="57.49540113780135"><ele>230.9</ele><time>2026-10-01T14:29:43.000Z</time></trkpt><trkpt lat="-20.175800468852024" lon="57.4954119711348"><ele>229.9</ele><time>2026-10-01T14:29:44.000Z</time></trkpt><trkpt lat="-20.17580693551879" lon="57.495423237801745"><ele>229.9</ele><time>2026-10-01T14:29:45.000Z</time></trkpt><trkpt lat="-20.17581326885217" lon="57.49543450446872"><ele>229.9</ele><time>2026-10-01T14:29:46.000Z</time></trkpt><trkpt lat="-20.17581933551888" lon="57.495445904469136"><ele>229.9</ele><time>2026-10-01T14:29:47.000Z</time></trkpt><trkpt lat="-20.17582463551891" lon="57.495457237802746"><ele>229.9</ele><time>2026-10-01T14:29:48.000Z</time></trkpt><trkpt lat="-20.175829702185702" lon="57.49546857113628"><ele>229.4</ele><time>2026-10-01T14:29:49.000Z</time></trkpt><trkpt lat="-20.175834568852462" lon="57.495479271136375"><ele>229.4</ele><time>2026-10-01T14:29:50.000Z</time></trkpt><trkpt lat="-20.175839035519225" lon="57.49548973780314"><ele>229.4</ele><time>2026-10-01T14:29:51.000Z</time></trkpt><trkpt lat="-20.175843302185957" lon="57.49549990446982"><ele>229.4</ele><time>2026-10-01T14:29:52.000Z</time></trkpt><trkpt lat="-20.17584763551933" lon="57.49551010446978"><ele>229.4</ele><time>2026-10-01T14:29:53.000Z</time></trkpt><trkpt lat="-20.175851468852663" lon="57.49552017113657"><ele>228.4</ele><time>2026-10-01T14:29:54.000Z</time></trkpt><trkpt lat="-20.175855002186005" lon="57.49553097113661"><ele>228.4</ele><time>2026-10-01T14:29:55.000Z</time></trkpt><trkpt lat="-20.17585846885268" lon="57.49554207113666"><ele>228.4</ele><time>2026-10-01T14:29:56.000Z</time></trkpt><trkpt lat="-20.17586136885273" lon="57.495553837803456"><ele>228.4</ele><time>2026-10-01T14:29:57.000Z</time></trkpt><trkpt lat="-20.17586460218609" lon="57.49556590447023"><ele>228.4</ele><time>2026-10-01T14:29:58.000Z</time></trkpt><trkpt lat="-20.175868102186083" lon="57.49557873780354"><ele>227.4</ele><time>2026-10-01T14:29:59.000Z</time></trkpt><trkpt lat="-20.175871902186067" lon="57.495590204470304"><ele>227.4</ele><time>2026-10-01T14:30:00.000Z</time></trkpt><trkpt lat="-20.175876435519385" lon="57.49560120447031"><ele>227.4</ele><time>2026-10-01T14:30:01.000Z</time></trkpt><trkpt lat="-20.17588176885268" lon="57.49561183780368"><ele>227.4</ele><time>2026-10-01T14:30:02.000Z</time></trkpt><trkpt lat="-20.175887335519324" lon="57.4956217378038"><ele>227.4</ele><time>2026-10-01T14:30:03.000Z</time></trkpt><trkpt lat="-20.175893068852673" lon="57.49563143780392"><ele>226.8</ele><time>2026-10-01T14:30:04.000Z</time></trkpt><trkpt lat="-20.175897868852662" lon="57.4956421378041"><ele>226.8</ele><time>2026-10-01T14:30:05.000Z</time></trkpt><trkpt lat="-20.175902302185968" lon="57.49565437113758"><ele>226.8</ele><time>2026-10-01T14:30:06.000Z</time></trkpt><trkpt lat="-20.175905802185966" lon="57.495666971137574"><ele>226.8</ele><time>2026-10-01T14:30:07.000Z</time></trkpt><trkpt lat="-20.17590936885271" lon="57.495680404471024"><ele>226.8</ele><time>2026-10-01T14:30:08.000Z</time></trkpt><trkpt lat="-20.175914135519456" lon="57.49569387113782"><ele>225.8</ele><time>2026-10-01T14:30:09.000Z</time></trkpt><trkpt lat="-20.175919402186192" lon="57.49570723780446"><ele>225.8</ele><time>2026-10-01T14:30:10.000Z</time></trkpt><trkpt lat="-20.17592513551957" lon="57.495719071137856"><ele>225.8</ele><time>2026-10-01T14:30:11.000Z</time></trkpt><trkpt lat="-20.175932568852936" lon="57.495730737804685"><ele>225.8</ele><time>2026-10-01T14:30:12.000Z</time></trkpt><trkpt lat="-20.175940002186305" lon="57.49574190447136"><ele>225.8</ele><time>2026-10-01T14:30:13.000Z</time></trkpt><trkpt lat="-20.175946335519686" lon="57.49575280447151"><ele>224.7</ele><time>2026-10-01T14:30:14.000Z</time></trkpt><trkpt lat="-20.17595236885308" lon="57.49576423780504"><ele>224.7</ele><time>2026-10-01T14:30:15.000Z</time></trkpt><trkpt lat="-20.175958368853152" lon="57.49577623780524"><ele>224.7</ele><time>2026-10-01T14:30:16.000Z</time></trkpt><trkpt lat="-20.17596346885326" lon="57.495788337805536"><ele>224.7</ele><time>2026-10-01T14:30:17.000Z</time></trkpt><trkpt lat="-20.175968168853313" lon="57.49580107113917"><ele>224.7</ele><time>2026-10-01T14:30:18.000Z</time></trkpt><trkpt lat="-20.17597353551998" lon="57.495813637806066"><ele>224.3</ele><time>2026-10-01T14:30:19.000Z</time></trkpt><trkpt lat="-20.175979702186652" lon="57.49582563780623"><ele>224.3</ele><time>2026-10-01T14:30:20.000Z</time></trkpt><trkpt lat="-20.175985602186707" lon="57.49583733780641"><ele>224.3</ele><time>2026-10-01T14:30:21.000Z</time></trkpt><trkpt lat="-20.1759914021867" lon="57.49584913780649"><ele>224.3</ele><time>2026-10-01T14:30:22.000Z</time></trkpt><trkpt lat="-20.175997368853395" lon="57.49586097113986"><ele>224.3</ele><time>2026-10-01T14:30:23.000Z</time></trkpt><trkpt lat="-20.176002668853478" lon="57.49587283780649"><ele>223.4</ele><time>2026-10-01T14:30:24.000Z</time></trkpt><trkpt lat="-20.17600770218689" lon="57.49588460447317"><ele>223.4</ele><time>2026-10-01T14:30:25.000Z</time></trkpt><trkpt lat="-20.1760125688536" lon="57.49589647113984"><ele>223.4</ele><time>2026-10-01T14:30:26.000Z</time></trkpt><trkpt lat="-20.176017168853694" lon="57.49590767113973"><ele>223.4</ele><time>2026-10-01T14:30:27.000Z</time></trkpt><trkpt lat="-20.176021302187092" lon="57.49591900447317"><ele>223.4</ele><time>2026-10-01T14:30:28.000Z</time></trkpt><trkpt lat="-20.176025602187092" lon="57.49593103780675"><ele>222.5</ele><time>2026-10-01T14:30:29.000Z</time></trkpt><trkpt lat="-20.176029368853758" lon="57.495943271140376"><ele>222.5</ele><time>2026-10-01T14:30:30.000Z</time></trkpt><trkpt lat="-20.17603376885377" lon="57.49595560447394"><ele>222.5</ele><time>2026-10-01T14:30:31.000Z</time></trkpt><trkpt lat="-20.176038602187102" lon="57.495968371140876"><ele>222.5</ele><time>2026-10-01T14:30:32.000Z</time></trkpt><trkpt lat="-20.176043135520448" lon="57.49598100447433"><ele>222.5</ele><time>2026-10-01T14:30:33.000Z</time></trkpt><trkpt lat="-20.176046935520485" lon="57.495992404474386"><ele>222.1</ele><time>2026-10-01T14:30:34.000Z</time></trkpt><trkpt lat="-20.176050735520523" lon="57.49600380447448"><ele>222.1</ele><time>2026-10-01T14:30:35.000Z</time></trkpt><trkpt lat="-20.17605363552057" lon="57.49601520447463"><ele>222.1</ele><time>2026-10-01T14:30:36.000Z</time></trkpt><trkpt lat="-20.176055868853954" lon="57.49602610447484"><ele>222.1</ele><time>2026-10-01T14:30:37.000Z</time></trkpt><trkpt lat="-20.176058435520638" lon="57.49603633780845"><ele>222.1</ele><time>2026-10-01T14:30:38.000Z</time></trkpt><trkpt lat="-20.17606140218733" lon="57.49604580447535"><ele>221.3</ele><time>2026-10-01T14:30:39.000Z</time></trkpt><trkpt lat="-20.176064202187366" lon="57.496052837808826"><ele>221.3</ele><time>2026-10-01T14:30:40.000Z</time></trkpt><trkpt lat="-20.17606620218737" lon="57.49605710447558"><ele>221.3</ele><time>2026-10-01T14:30:41.000Z</time></trkpt><trkpt lat="-20.176067702187375" lon="57.49605900447566"><ele>221.3</ele><time>2026-10-01T14:30:42.000Z</time></trkpt><trkpt lat="-20.176068002187375" lon="57.49605900447567"><ele>221.3</ele><time>2026-10-01T14:30:43.000Z</time></trkpt><trkpt lat="-20.176067502187372" lon="57.49605807114235"><ele>220.6</ele><time>2026-10-01T14:30:44.000Z</time></trkpt><trkpt lat="-20.176066735520692" lon="57.496057837809055"><ele>220.6</ele><time>2026-10-01T14:30:45.000Z</time></trkpt><trkpt lat="-20.176067202187387" lon="57.496059537809074"><ele>220.6</ele><time>2026-10-01T14:30:46.000Z</time></trkpt><trkpt lat="-20.17606916885406" lon="57.49606303780912"><ele>220.6</ele><time>2026-10-01T14:30:47.000Z</time></trkpt><trkpt lat="-20.176072702187362" lon="57.49606853780923"><ele>220.6</ele><time>2026-10-01T14:30:48.000Z</time></trkpt><trkpt lat="-20.176077135520625" lon="57.496075971142616"><ele>220.2</ele><time>2026-10-01T14:30:49.000Z</time></trkpt><trkpt lat="-20.1760826021872" lon="57.49608480447595"><ele>220.2</ele><time>2026-10-01T14:30:50.000Z</time></trkpt><trkpt lat="-20.176088268853754" lon="57.49609397114263"><ele>220.2</ele><time>2026-10-01T14:30:51.000Z</time></trkpt><trkpt lat="-20.1760937688537" lon="57.496103504475954"><ele>220.2</ele><time>2026-10-01T14:30:52.000Z</time></trkpt><trkpt lat="-20.17609910218705" lon="57.49611263780923"><ele>220.2</ele><time>2026-10-01T14:30:53.000Z</time></trkpt><trkpt lat="-20.176104602187102" lon="57.49612140447598"><ele>219.6</ele><time>2026-10-01T14:30:54.000Z</time></trkpt><trkpt lat="-20.176109602187196" lon="57.49612967114282"><ele>219.6</ele><time>2026-10-01T14:30:55.000Z</time></trkpt><trkpt lat="-20.17611453552065" lon="57.496138037809786"><ele>219.6</ele><time>2026-10-01T14:30:56.000Z</time></trkpt><trkpt lat="-20.17611866885408" lon="57.496146271143424"><ele>219.6</ele><time>2026-10-01T14:30:57.000Z</time></trkpt><trkpt lat="-20.17612226885417" lon="57.49615433781037"><ele>219.6</ele><time>2026-10-01T14:30:58.000Z</time></trkpt><trkpt lat="-20.17612550218758" lon="57.49616223781057"><ele>219.2</ele><time>2026-10-01T14:30:59.000Z</time></trkpt><trkpt lat="-20.176128368854307" lon="57.49617047114409"><ele>219.2</ele><time>2026-10-01T14:31:00.000Z</time></trkpt><trkpt lat="-20.1761307021877" lon="57.496179071144255"><ele>219.2</ele><time>2026-10-01T14:31:01.000Z</time></trkpt><trkpt lat="-20.176133368854426" lon="57.49618817114439"><ele>219.2</ele><time>2026-10-01T14:31:02.000Z</time></trkpt><trkpt lat="-20.17613610218779" lon="57.49619757114461"><ele>219.2</ele><time>2026-10-01T14:31:03.000Z</time></trkpt><trkpt lat="-20.17613880218784" lon="57.49620770447829"><ele>219.1</ele><time>2026-10-01T14:31:04.000Z</time></trkpt><trkpt lat="-20.176141868854565" lon="57.49621793781195"><ele>219.1</ele><time>2026-10-01T14:31:05.000Z</time></trkpt><trkpt lat="-20.17614513552127" lon="57.496228004478795"><ele>219.1</ele><time>2026-10-01T14:31:06.000Z</time></trkpt><trkpt lat="-20.17614856885468" lon="57.49623803781232"><ele>219.1</ele><time>2026-10-01T14:31:07.000Z</time></trkpt><trkpt lat="-20.176152035521408" lon="57.49624867114579"><ele>219.1</ele><time>2026-10-01T14:31:08.000Z</time></trkpt><trkpt lat="-20.176155168854805" lon="57.49625910447912"><ele>218.7</ele><time>2026-10-01T14:31:09.000Z</time></trkpt><trkpt lat="-20.176158102188204" lon="57.496269504479095"><ele>218.7</ele><time>2026-10-01T14:31:10.000Z</time></trkpt><trkpt lat="-20.176161035521595" lon="57.496279871145724"><ele>218.7</ele><time>2026-10-01T14:31:11.000Z</time></trkpt><trkpt lat="-20.176163635521633" lon="57.49629040447894"><ele>218.7</ele><time>2026-10-01T14:31:12.000Z</time></trkpt><trkpt lat="-20.176165968855024" lon="57.49630093781212"><ele>218.7</ele><time>2026-10-01T14:31:13.000Z</time></trkpt><trkpt lat="-20.176168302188422" lon="57.496312337812086"><ele>218.1</ele><time>2026-10-01T14:31:14.000Z</time></trkpt><trkpt lat="-20.176170602188467" lon="57.496324504478636"><ele>218.1</ele><time>2026-10-01T14:31:15.000Z</time></trkpt><trkpt lat="-20.176172802188496" lon="57.49633687114529"><ele>218.1</ele><time>2026-10-01T14:31:16.000Z</time></trkpt><trkpt lat="-20.176175302188465" lon="57.49634827114534"><ele>218.1</ele><time>2026-10-01T14:31:17.000Z</time></trkpt><trkpt lat="-20.1761782688551" lon="57.49635977114555"><ele>218.1</ele><time>2026-10-01T14:31:18.000Z</time></trkpt><trkpt lat="-20.176181935521747" lon="57.49637027114566"><ele>217.8</ele><time>2026-10-01T14:31:19.000Z</time></trkpt><trkpt lat="-20.176185702188413" lon="57.49638017114594"><ele>217.8</ele><time>2026-10-01T14:31:20.000Z</time></trkpt><trkpt lat="-20.176189535521775" lon="57.49639007114629"><ele>217.8</ele><time>2026-10-01T14:31:21.000Z</time></trkpt><trkpt lat="-20.176193002188505" lon="57.49640093781322"><ele>217.8</ele><time>2026-10-01T14:31:22.000Z</time></trkpt><trkpt lat="-20.176196502188557" lon="57.49641177114663"><ele>217.8</ele><time>2026-10-01T14:31:23.000Z</time></trkpt><trkpt lat="-20.176199935521968" lon="57.496422971146764"><ele>217.2</ele><time>2026-10-01T14:31:24.000Z</time></trkpt><trkpt lat="-20.176203402188698" lon="57.49643440448021"><ele>217.2</ele><time>2026-10-01T14:31:25.000Z</time></trkpt><trkpt lat="-20.176207235522106" lon="57.496445071146944"><ele>217.2</ele><time>2026-10-01T14:31:26.000Z</time></trkpt><trkpt lat="-20.17621080218885" lon="57.49645563781373"><ele>217.2</ele><time>2026-10-01T14:31:27.000Z</time></trkpt><trkpt lat="-20.17621410218893" lon="57.496465771147236"><ele>217.2</ele><time>2026-10-01T14:31:28.000Z</time></trkpt><trkpt lat="-20.176216935522312" lon="57.4964761711474"><ele>216.6</ele><time>2026-10-01T14:31:29.000Z</time></trkpt><trkpt lat="-20.17622006885568" lon="57.49648677114756"><ele>216.6</ele><time>2026-10-01T14:31:30.000Z</time></trkpt><trkpt lat="-20.17622243552237" lon="57.496498004481126"><ele>216.6</ele><time>2026-10-01T14:31:31.000Z</time></trkpt><trkpt lat="-20.17622493552239" lon="57.4965093044813"><ele>216.6</ele><time>2026-10-01T14:31:32.000Z</time></trkpt><trkpt lat="-20.17622660218906" lon="57.49652033781483"><ele>216.6</ele><time>2026-10-01T14:31:33.000Z</time></trkpt><trkpt lat="-20.17622796885572" lon="57.49653077114834"><ele>216.3</ele><time>2026-10-01T14:31:34.000Z</time></trkpt><trkpt lat="-20.176228835522387" lon="57.49654047114846"><ele>216.3</ele><time>2026-10-01T14:31:35.000Z</time></trkpt><trkpt lat="-20.176229735522377" lon="57.49655047114843"><ele>216.3</ele><time>2026-10-01T14:31:36.000Z</time></trkpt><trkpt lat="-20.176231135522322" lon="57.49656060448181"><ele>216.3</ele><time>2026-10-01T14:31:37.000Z</time></trkpt><trkpt lat="-20.17623353552228" lon="57.49657183781528"><ele>216.3</ele><time>2026-10-01T14:31:38.000Z</time></trkpt><trkpt lat="-20.176236535522232" lon="57.4965842378154"><ele>215.7</ele><time>2026-10-01T14:31:39.000Z</time></trkpt><trkpt lat="-20.17623976885551" lon="57.49659757114883"><ele>215.7</ele><time>2026-10-01T14:31:40.000Z</time></trkpt><trkpt lat="-20.17624313552212" lon="57.4966109044823"><ele>215.7</ele><time>2026-10-01T14:31:41.000Z</time></trkpt><trkpt lat="-20.176246202188793" lon="57.4966245711492"><ele>215.7</ele><time>2026-10-01T14:31:42.000Z</time></trkpt><trkpt lat="-20.176249435522173" lon="57.49663730448272"><ele>215.7</ele><time>2026-10-01T14:31:43.000Z</time></trkpt><trkpt lat="-20.176252268855556" lon="57.496649371149694"><ele>215.1</ele><time>2026-10-01T14:31:44.000Z</time></trkpt><trkpt lat="-20.176255368855603" lon="57.49666127114999"><ele>215.1</ele><time>2026-10-01T14:31:45.000Z</time></trkpt><trkpt lat="-20.176258402188985" lon="57.4966729378169"><ele>215.1</ele><time>2026-10-01T14:31:46.000Z</time></trkpt><trkpt lat="-20.17626150218901" lon="57.49668397115033"><ele>215.1</ele><time>2026-10-01T14:31:47.000Z</time></trkpt><trkpt lat="-20.176264368855687" lon="57.49669527115035"><ele>215.1</ele><time>2026-10-01T14:31:48.000Z</time></trkpt><trkpt lat="-20.176267168855695" lon="57.49670660448371"><ele>214.9</ele><time>2026-10-01T14:31:49.000Z</time></trkpt><trkpt lat="-20.17626940218905" lon="57.49671793781706"><ele>214.9</ele><time>2026-10-01T14:31:50.000Z</time></trkpt><trkpt lat="-20.176271768855763" lon="57.49672903781716"><ele>214.9</ele><time>2026-10-01T14:31:51.000Z</time></trkpt><trkpt lat="-20.176273702189157" lon="57.49674043781729"><ele>214.9</ele><time>2026-10-01T14:31:52.000Z</time></trkpt><trkpt lat="-20.176274968855864" lon="57.49675150448409"><ele>214.9</ele><time>2026-10-01T14:31:53.000Z</time></trkpt><trkpt lat="-20.176276435522574" lon="57.4967620711508"><ele>214.3</ele><time>2026-10-01T14:31:54.000Z</time></trkpt><trkpt lat="-20.176277702189285" lon="57.49677223781746"><ele>214.3</ele><time>2026-10-01T14:31:55.000Z</time></trkpt><trkpt lat="-20.176278202189287" lon="57.49678237115086"><ele>214.3</ele><time>2026-10-01T14:31:56.000Z</time></trkpt><trkpt lat="-20.176278168855923" lon="57.496792137817714"><ele>214.3</ele><time>2026-10-01T14:31:57.000Z</time></trkpt><trkpt lat="-20.176278468855912" lon="57.496803271151315"><ele>214.3</ele><time>2026-10-01T14:31:58.000Z</time></trkpt><trkpt lat="-20.17627840218923" lon="57.49681537115151"><ele>213.6</ele><time>2026-10-01T14:31:59.000Z</time></trkpt><trkpt lat="-20.176278135522544" lon="57.49682757115174"><ele>213.6</ele><time>2026-10-01T14:32:00.000Z</time></trkpt><trkpt lat="-20.176277902189213" lon="57.496840837818596"><ele>213.6</ele><time>2026-10-01T14:32:01.000Z</time></trkpt><trkpt lat="-20.176278102189226" lon="57.49685390448535"><ele>213.6</ele><time>2026-10-01T14:32:02.000Z</time></trkpt><trkpt lat="-20.176278635522575" lon="57.49686597115196"><ele>213.6</ele><time>2026-10-01T14:32:03.000Z</time></trkpt><trkpt lat="-20.176279102189255" lon="57.49687630448526"><ele>213.2</ele><time>2026-10-01T14:32:04.000Z</time></trkpt><trkpt lat="-20.17627996885594" lon="57.49688643781851"><ele>213.2</ele><time>2026-10-01T14:32:05.000Z</time></trkpt><trkpt lat="-20.176280935522623" lon="57.49689563781834"><ele>213.2</ele><time>2026-10-01T14:32:06.000Z</time></trkpt><trkpt lat="-20.176282735522683" lon="57.49690540448491"><ele>213.2</ele><time>2026-10-01T14:32:07.000Z</time></trkpt><trkpt lat="-20.176283835522725" lon="57.49691480448489"><ele>213.2</ele><time>2026-10-01T14:32:08.000Z</time></trkpt><trkpt lat="-20.1762845688561" lon="57.49692550448481"><ele>212.4</ele><time>2026-10-01T14:32:09.000Z</time></trkpt><trkpt lat="-20.176285268856155" lon="57.496936437818206"><ele>212.4</ele><time>2026-10-01T14:32:10.000Z</time></trkpt><trkpt lat="-20.176286502189562" lon="57.49694750448505"><ele>212.4</ele><time>2026-10-01T14:32:11.000Z</time></trkpt><trkpt lat="-20.176287368856286" lon="57.49695837115188"><ele>212.4</ele><time>2026-10-01T14:32:12.000Z</time></trkpt><trkpt lat="-20.176288802189692" lon="57.49696993781875"><ele>212.4</ele><time>2026-10-01T14:32:13.000Z</time></trkpt><trkpt lat="-20.176291235523127" lon="57.49698127115228"><ele>211.6</ele><time>2026-10-01T14:32:14.000Z</time></trkpt><trkpt lat="-20.176293168856546" lon="57.49699233781919"><ele>211.6</ele><time>2026-10-01T14:32:15.000Z</time></trkpt><trkpt lat="-20.17629470218995" lon="57.49700330448595"><ele>211.6</ele><time>2026-10-01T14:32:16.000Z</time></trkpt><trkpt lat="-20.176295635523324" lon="57.49701430448596"><ele>211.6</ele><time>2026-10-01T14:32:17.000Z</time></trkpt><trkpt lat="-20.176296368856704" lon="57.49702510448594"><ele>211.6</ele><time>2026-10-01T14:32:18.000Z</time></trkpt><trkpt lat="-20.17629700219006" lon="57.497035704486095"><ele>211.2</ele><time>2026-10-01T14:32:19.000Z</time></trkpt><trkpt lat="-20.176297902190093" lon="57.49704607115283"><ele>211.2</ele><time>2026-10-01T14:32:20.000Z</time></trkpt><trkpt lat="-20.17629876885679" lon="57.497056004486296"><ele>211.2</ele><time>2026-10-01T14:32:21.000Z</time></trkpt><trkpt lat="-20.17629923552348" lon="57.49706547115312"><ele>211.2</ele><time>2026-10-01T14:32:22.000Z</time></trkpt><trkpt lat="-20.176299468856833" lon="57.49707407115333"><ele>211.2</ele><time>2026-10-01T14:32:23.000Z</time></trkpt><trkpt lat="-20.17629906885683" lon="57.49708203782011"><ele>210.6</ele><time>2026-10-01T14:32:24.000Z</time></trkpt><trkpt lat="-20.176299235523487" lon="57.497089971153514"><ele>210.6</ele><time>2026-10-01T14:32:25.000Z</time></trkpt><trkpt lat="-20.176299968856824" lon="57.49709780448687"><ele>210.6</ele><time>2026-10-01T14:32:26.000Z</time></trkpt><trkpt lat="-20.176302132493223" lon="57.4971067105475"><ele>210.6</ele><time>2026-10-01T14:32:27.000Z</time></trkpt><trkpt lat="-20.176304896129626" lon="57.49711619236565"><ele>210.6</ele><time>2026-10-01T14:32:28.000Z</time></trkpt><trkpt lat="-20.17630837794785" lon="57.4971263802444"><ele>210.1</ele><time>2026-10-01T14:32:29.000Z</time></trkpt><trkpt lat="-20.176312090069125" lon="57.497136974183775"><ele>210.1</ele><time>2026-10-01T14:32:30.000Z</time></trkpt><trkpt lat="-20.17631614764494" lon="57.49714814691106"><ele>210.1</ele><time>2026-10-01T14:32:31.000Z</time></trkpt><trkpt lat="-20.176319796129743" lon="57.49715830751712"><ele>210.1</ele><time>2026-10-01T14:32:32.000Z</time></trkpt><trkpt lat="-20.17632402340251" lon="57.49716936812319"><ele>210.1</ele><time>2026-10-01T14:32:33.000Z</time></trkpt><trkpt lat="-20.17632867491768" lon="57.49718053478985"><ele>209.9</ele><time>2026-10-01T14:32:34.000Z</time></trkpt><trkpt lat="-20.176333720372238" lon="57.49719164085054"><ele>209.9</ele><time>2026-10-01T14:32:35.000Z</time></trkpt><trkpt lat="-20.176339196129806" lon="57.49720235600213"><ele>209.9</ele><time>2026-10-01T14:32:36.000Z</time></trkpt><trkpt lat="-20.176344441584334" lon="57.49721351660818"><ele>209.9</ele><time>2026-10-01T14:32:37.000Z</time></trkpt><trkpt lat="-20.176350011281286" lon="57.49722465600221"><ele>209.9</ele><time>2026-10-01T14:32:38.000Z</time></trkpt><trkpt lat="-20.176355638553993" lon="57.497235383275026"><ele>209.3</ele><time>2026-10-01T14:32:39.000Z</time></trkpt><trkpt lat="-20.17636168703885" lon="57.49724598630553"><ele>209.3</ele><time>2026-10-01T14:32:40.000Z</time></trkpt><trkpt lat="-20.17636766885704" lon="57.497256837820814"><ele>209.3</ele><time>2026-10-01T14:32:41.000Z</time></trkpt><trkpt lat="-20.176373535523723" lon="57.49726807115436"><ele>209.3</ele><time>2026-10-01T14:32:42.000Z</time></trkpt><trkpt lat="-20.176379435523728" lon="57.497279904487826"><ele>209.3</ele><time>2026-10-01T14:32:43.000Z</time></trkpt><trkpt lat="-20.1763856021904" lon="57.49729220448789"><ele>208.8</ele><time>2026-10-01T14:32:44.000Z</time></trkpt><trkpt lat="-20.176391235523734" lon="57.49730550448794"><ele>208.8</ele><time>2026-10-01T14:32:45.000Z</time></trkpt><trkpt lat="-20.176396668857098" lon="57.49731900448796"><ele>208.8</ele><time>2026-10-01T14:32:46.000Z</time></trkpt><trkpt lat="-20.176401602190474" lon="57.49733223782126"><ele>208.8</ele><time>2026-10-01T14:32:47.000Z</time></trkpt><trkpt lat="-20.17640600219051" lon="57.497344904487875"><ele>208.8</ele><time>2026-10-01T14:32:48.000Z</time></trkpt><trkpt lat="-20.176409868857217" lon="57.49735777115459"><ele>208.5</ele><time>2026-10-01T14:32:49.000Z</time></trkpt><trkpt lat="-20.17641383552388" lon="57.49736983782134"><ele>208.5</ele><time>2026-10-01T14:32:50.000Z</time></trkpt><trkpt lat="-20.176417768857174" lon="57.49738190448819"><ele>208.5</ele><time>2026-10-01T14:32:51.000Z</time></trkpt><trkpt lat="-20.176422168857137" lon="57.49739317115509"><ele>208.5</ele><time>2026-10-01T14:32:52.000Z</time></trkpt><trkpt lat="-20.17642703552379" lon="57.49740443782207"><ele>208.5</ele><time>2026-10-01T14:32:53.000Z</time></trkpt><trkpt lat="-20.176432202190433" lon="57.49741563782244"><ele>207.9</ele><time>2026-10-01T14:32:54.000Z</time></trkpt><trkpt lat="-20.176437568857104" lon="57.49742677115596"><ele>207.9</ele><time>2026-10-01T14:32:55.000Z</time></trkpt><trkpt lat="-20.17644280219044" lon="57.49743707115616"><ele>207.9</ele><time>2026-10-01T14:32:56.000Z</time></trkpt><trkpt lat="-20.176448102190466" lon="57.49744763782316"><ele>207.9</ele><time>2026-10-01T14:32:57.000Z</time></trkpt><trkpt lat="-20.176453368857175" lon="57.49745810449015"><ele>207.9</ele><time>2026-10-01T14:32:58.000Z</time></trkpt><trkpt lat="-20.17645863552388" lon="57.49746827115706"><ele>207.2</ele><time>2026-10-01T14:32:59.000Z</time></trkpt><trkpt lat="-20.1764637688572" lon="57.49747837115733"><ele>207.2</ele><time>2026-10-01T14:33:00.000Z</time></trkpt><trkpt lat="-20.17646966885726" lon="57.49748887115753"><ele>207.2</ele><time>2026-10-01T14:33:01.000Z</time></trkpt><trkpt lat="-20.1764761021906" lon="57.497499371157666"><ele>207.2</ele><time>2026-10-01T14:33:02.000Z</time></trkpt><trkpt lat="-20.176482468857298" lon="57.49751037115774"><ele>207.2</ele><time>2026-10-01T14:33:03.000Z</time></trkpt><trkpt lat="-20.176488602190652" lon="57.497521437824545"><ele>206.8</ele><time>2026-10-01T14:33:04.000Z</time></trkpt><trkpt lat="-20.176494668857362" lon="57.49753263782467"><ele>206.8</ele><time>2026-10-01T14:33:05.000Z</time></trkpt><trkpt lat="-20.176500235524056" lon="57.497543571158054"><ele>206.8</ele><time>2026-10-01T14:33:06.000Z</time></trkpt><trkpt lat="-20.176505202190775" lon="57.49755490449142"><ele>206.8</ele><time>2026-10-01T14:33:07.000Z</time></trkpt><trkpt lat="-20.176510502190805" lon="57.49756530449147"><ele>206.8</ele><time>2026-10-01T14:33:08.000Z</time></trkpt><trkpt lat="-20.17651600219086" lon="57.49757620449147"><ele>206.2</ele><time>2026-10-01T14:33:09.000Z</time></trkpt><trkpt lat="-20.176521835524223" lon="57.49758770449148"><ele>206.2</ele><time>2026-10-01T14:33:10.000Z</time></trkpt><trkpt lat="-20.176527402190867" lon="57.49759917115822"><ele>206.2</ele><time>2026-10-01T14:33:11.000Z</time></trkpt><trkpt lat="-20.17653280219086" lon="57.49761053782495"><ele>206.2</ele><time>2026-10-01T14:33:12.000Z</time></trkpt><trkpt lat="-20.176537368857474" lon="57.49762240449165"><ele>206.2</ele><time>2026-10-01T14:33:13.000Z</time></trkpt><trkpt lat="-20.176541902190767" lon="57.4976341711583"><ele>205.5</ele><time>2026-10-01T14:33:14.000Z</time></trkpt><trkpt lat="-20.17654630219078" lon="57.497645004491744"><ele>205.5</ele><time>2026-10-01T14:33:15.000Z</time></trkpt><trkpt lat="-20.1765512688575" lon="57.49765560449184"><ele>205.5</ele><time>2026-10-01T14:33:16.000Z</time></trkpt><trkpt lat="-20.176557102190916" lon="57.497666037825276"><ele>205.5</ele><time>2026-10-01T14:33:17.000Z</time></trkpt><trkpt lat="-20.176563468857722" lon="57.49767600449208"><ele>205.5</ele><time>2026-10-01T14:33:18.000Z</time></trkpt><trkpt lat="-20.176569435524527" lon="57.49768667115895"><ele>205.2</ele><time>2026-10-01T14:33:19.000Z</time></trkpt><trkpt lat="-20.17657483552468" lon="57.49769733782573"><ele>205.2</ele><time>2026-10-01T14:33:20.000Z</time></trkpt><trkpt lat="-20.17658020219151" lon="57.497707971159265"><ele>205.2</ele><time>2026-10-01T14:33:21.000Z</time></trkpt><trkpt lat="-20.17658466885832" lon="57.49771850449271"><ele>205.2</ele><time>2026-10-01T14:33:22.000Z</time></trkpt><trkpt lat="-20.176589002191747" lon="57.497729637826026"><ele>205.2</ele><time>2026-10-01T14:33:23.000Z</time></trkpt><trkpt lat="-20.176593668858537" lon="57.49773953782594"><ele>204.5</ele><time>2026-10-01T14:33:24.000Z</time></trkpt><trkpt lat="-20.17659870219195" lon="57.49774987115929"><ele>204.5</ele><time>2026-10-01T14:33:25.000Z</time></trkpt><trkpt lat="-20.1766036355253" lon="57.49776143782604"><ele>204.5</ele><time>2026-10-01T14:33:26.000Z</time></trkpt><trkpt lat="-20.176609302191956" lon="57.497773204492944"><ele>204.5</ele><time>2026-10-01T14:33:27.000Z</time></trkpt><trkpt lat="-20.17661516885864" lon="57.49778557115999"><ele>204.5</ele><time>2026-10-01T14:33:28.000Z</time></trkpt><trkpt lat="-20.17662143552527" lon="57.49779830449368"><ele>203.9</ele><time>2026-10-01T14:33:29.000Z</time></trkpt><trkpt lat="-20.176627968858572" lon="57.49781153782735"><ele>203.9</ele><time>2026-10-01T14:33:30.000Z</time></trkpt><trkpt lat="-20.17663480219186" lon="57.497824237827516"><ele>203.9</ele><time>2026-10-01T14:33:31.000Z</time></trkpt><trkpt lat="-20.176641402191798" lon="57.49783710449439"><ele>203.9</ele><time>2026-10-01T14:33:32.000Z</time></trkpt><trkpt lat="-20.17664796885841" lon="57.49784907116119"><ele>203.9</ele><time>2026-10-01T14:33:33.000Z</time></trkpt><trkpt lat="-20.176654268858364" lon="57.49786133782798"><ele>203.5</ele><time>2026-10-01T14:33:34.000Z</time></trkpt><trkpt lat="-20.176660702191704" lon="57.49787310449479"><ele>203.5</ele><time>2026-10-01T14:33:35.000Z</time></trkpt><trkpt lat="-20.17666700219176" lon="57.49788497116172"><ele>203.5</ele><time>2026-10-01T14:33:36.000Z</time></trkpt><trkpt lat="-20.176673435525206" lon="57.49789663782853"><ele>203.5</ele><time>2026-10-01T14:33:37.000Z</time></trkpt><trkpt lat="-20.176679935525293" lon="57.49790840449538"><ele>203.5</ele><time>2026-10-01T14:33:38.000Z</time></trkpt><trkpt lat="-20.17668696885871" lon="57.49791990449552"><ele>202.7</ele><time>2026-10-01T14:33:39.000Z</time></trkpt><trkpt lat="-20.17669356885876" lon="57.49793067116228"><ele>202.7</ele><time>2026-10-01T14:33:40.000Z</time></trkpt><trkpt lat="-20.176699902192137" lon="57.497940871162385"><ele>202.7</ele><time>2026-10-01T14:33:41.000Z</time></trkpt><trkpt lat="-20.176706202192197" lon="57.49795057116247"><ele>202.7</ele><time>2026-10-01T14:33:42.000Z</time></trkpt><trkpt lat="-20.176712368858972" lon="57.49795943782916"><ele>202.7</ele><time>2026-10-01T14:33:43.000Z</time></trkpt><trkpt lat="-20.17671856885918" lon="57.49796857116271"><ele>201.9</ele><time>2026-10-01T14:33:44.000Z</time></trkpt><trkpt lat="-20.176724802192705" lon="57.49797723782952"><ele>201.9</ele><time>2026-10-01T14:33:45.000Z</time></trkpt><trkpt lat="-20.176731202192936" lon="57.49798593782966"><ele>201.9</ele><time>2026-10-01T14:33:46.000Z</time></trkpt><trkpt lat="-20.17673780219309" lon="57.49799507116315"><ele>201.9</ele><time>2026-10-01T14:33:47.000Z</time></trkpt><trkpt lat="-20.17674476885987" lon="57.498005737830134"><ele>201.9</ele><time>2026-10-01T14:33:48.000Z</time></trkpt><trkpt lat="-20.176751668859904" lon="57.498015537830305"><ele>201.5</ele><time>2026-10-01T14:33:49.000Z</time></trkpt><trkpt lat="-20.176758335526642" lon="57.49802600449723"><ele>201.5</ele><time>2026-10-01T14:33:50.000Z</time></trkpt><trkpt lat="-20.176764935526638" lon="57.49803663783081"><ele>201.5</ele><time>2026-10-01T14:33:51.000Z</time></trkpt><trkpt lat="-20.17677123552664" lon="57.49804677116441"><ele>201.5</ele><time>2026-10-01T14:33:52.000Z</time></trkpt><trkpt lat="-20.17677713552659" lon="57.49805637116468"><ele>201.5</ele><time>2026-10-01T14:33:53.000Z</time></trkpt><trkpt lat="-20.17678283552662" lon="57.49806627116503"><ele>200.8</ele><time>2026-10-01T14:33:54.000Z</time></trkpt><trkpt lat="-20.17678946885988" lon="57.49807667116539"><ele>200.8</ele><time>2026-10-01T14:33:55.000Z</time></trkpt><trkpt lat="-20.1767966688599" lon="57.49808743783242"><ele>200.8</ele><time>2026-10-01T14:33:56.000Z</time></trkpt><trkpt lat="-20.17680416885991" lon="57.49809910449939"><ele>200.8</ele><time>2026-10-01T14:33:57.000Z</time></trkpt><trkpt lat="-20.17681160219328" lon="57.498110371166284"><ele>200.8</ele><time>2026-10-01T14:33:58.000Z</time></trkpt><trkpt lat="-20.176818435526563" lon="57.49812150449981"><ele>200.0</ele><time>2026-10-01T14:33:59.000Z</time></trkpt><trkpt lat="-20.176824668859982" lon="57.498132237833296"><ele>200.0</ele><time>2026-10-01T14:34:00.000Z</time></trkpt><trkpt lat="-20.17683016886004" lon="57.49814187116677"><ele>200.0</ele><time>2026-10-01T14:34:01.000Z</time></trkpt><trkpt lat="-20.176835502193494" lon="57.4981505378336"><ele>200.0</ele><time>2026-10-01T14:34:02.000Z</time></trkpt><trkpt lat="-20.176840768860313" lon="57.49815953783384"><ele>200.0</ele><time>2026-10-01T14:34:03.000Z</time></trkpt><trkpt lat="-20.176846768860493" lon="57.49816903783416"><ele>199.6</ele><time>2026-10-01T14:34:04.000Z</time></trkpt><trkpt lat="-20.176853335527323" lon="57.498178404501076"><ele>199.6</ele><time>2026-10-01T14:34:05.000Z</time></trkpt><trkpt lat="-20.176859968860796" lon="57.49818837116804"><ele>199.6</ele><time>2026-10-01T14:34:06.000Z</time></trkpt><trkpt lat="-20.176866268860856" lon="57.498199271168275"><ele>199.6</ele><time>2026-10-01T14:34:07.000Z</time></trkpt><trkpt lat="-20.176872535527593" lon="57.49820997116835"><ele>199.6</ele><time>2026-10-01T14:34:08.000Z</time></trkpt><trkpt lat="-20.176878868860975" lon="57.498221037835094"><ele>199.0</ele><time>2026-10-01T14:34:09.000Z</time></trkpt><trkpt lat="-20.176883968860977" lon="57.498231404501894"><ele>199.0</ele><time>2026-10-01T14:34:10.000Z</time></trkpt><trkpt lat="-20.17688883552763" lon="57.49824187116853"><ele>199.0</ele><time>2026-10-01T14:34:11.000Z</time></trkpt><trkpt lat="-20.176893868860994" lon="57.498251371168564"><ele>199.0</ele><time>2026-10-01T14:34:12.000Z</time></trkpt><trkpt lat="-20.17689870219433" lon="57.498260937835425"><ele>199.0</ele><time>2026-10-01T14:34:13.000Z</time></trkpt><trkpt lat="-20.176902935527686" lon="57.498269704502135"><ele>198.6</ele><time>2026-10-01T14:34:14.000Z</time></trkpt><trkpt lat="-20.176907768861017" lon="57.498279604502144"><ele>198.6</ele><time>2026-10-01T14:34:15.000Z</time></trkpt><trkpt lat="-20.176913335527715" lon="57.49828913783551"><ele>198.6</ele><time>2026-10-01T14:34:16.000Z</time></trkpt><trkpt lat="-20.17691930219447" lon="57.49829863783556"><ele>198.6</ele><time>2026-10-01T14:34:17.000Z</time></trkpt><trkpt lat="-20.176924935527914" lon="57.49830873783558"><ele>198.6</ele><time>2026-10-01T14:34:18.000Z</time></trkpt><trkpt lat="-20.176930635528" lon="57.498318704502346"><ele>198.3</ele><time>2026-10-01T14:34:19.000Z</time></trkpt><trkpt lat="-20.1769363688614" lon="57.498328771169064"><ele>198.3</ele><time>2026-10-01T14:34:20.000Z</time></trkpt><trkpt lat="-20.176941768861496" lon="57.498339171169164"><ele>198.3</ele><time>2026-10-01T14:34:21.000Z</time></trkpt><trkpt lat="-20.17694740219494" lon="57.49834967116932"><ele>198.3</ele><time>2026-10-01T14:34:22.000Z</time></trkpt><trkpt lat="-20.176954135528373" lon="57.498359304502685"><ele>198.3</ele><time>2026-10-01T14:34:23.000Z</time></trkpt><trkpt lat="-20.176961835528516" lon="57.49836930450273"><ele>197.7</ele><time>2026-10-01T14:34:24.000Z</time></trkpt><trkpt lat="-20.176969868862074" lon="57.49837933783615"><ele>197.7</ele><time>2026-10-01T14:34:25.000Z</time></trkpt><trkpt lat="-20.176978535528924" lon="57.49838887116955"><ele>197.7</ele><time>2026-10-01T14:34:26.000Z</time></trkpt><trkpt lat="-20.176986868862365" lon="57.498398304502906"><ele>197.7</ele><time>2026-10-01T14:34:27.000Z</time></trkpt><trkpt lat="-20.176995302195763" lon="57.49840737116962"><ele>197.7</ele><time>2026-10-01T14:34:28.000Z</time></trkpt><trkpt lat="-20.17700253552916" lon="57.49841627116964"><ele>197.2</ele><time>2026-10-01T14:34:29.000Z</time></trkpt><trkpt lat="-20.177009368862496" lon="57.49842470450297"><ele>197.2</ele><time>2026-10-01T14:34:30.000Z</time></trkpt><trkpt lat="-20.177015468862475" lon="57.49843383783626"><ele>197.2</ele><time>2026-10-01T14:34:31.000Z</time></trkpt><trkpt lat="-20.177021635529094" lon="57.49844337116953"><ele>197.2</ele><time>2026-10-01T14:34:32.000Z</time></trkpt><trkpt lat="-20.17702770219575" lon="57.49845330450289"><ele>197.2</ele><time>2026-10-01T14:34:33.000Z</time></trkpt><trkpt lat="-20.177034502195717" lon="57.49846330450299"><ele>197.0</ele><time>2026-10-01T14:34:34.000Z</time></trkpt><trkpt lat="-20.17704156886235" lon="57.498473571169754"><ele>197.0</ele><time>2026-10-01T14:34:35.000Z</time></trkpt><trkpt lat="-20.17704886886233" lon="57.49848337116989"><ele>197.0</ele><time>2026-10-01T14:34:36.000Z</time></trkpt><trkpt lat="-20.17705610219567" lon="57.498493037836774"><ele>197.0</ele><time>2026-10-01T14:34:37.000Z</time></trkpt><trkpt lat="-20.17706323552905" lon="57.49850250450356"><ele>197.0</ele><time>2026-10-01T14:34:38.000Z</time></trkpt><trkpt lat="-20.177070102195763" lon="57.498511504503654"><ele>196.4</ele><time>2026-10-01T14:34:39.000Z</time></trkpt><trkpt lat="-20.177077068862545" lon="57.49852030450379"><ele>196.4</ele><time>2026-10-01T14:34:40.000Z</time></trkpt><trkpt lat="-20.177083902196046" lon="57.498529137837274"><ele>196.4</ele><time>2026-10-01T14:34:41.000Z</time></trkpt><trkpt lat="-20.17709036886292" lon="57.49853787117068"><ele>196.4</ele><time>2026-10-01T14:34:42.000Z</time></trkpt><trkpt lat="-20.177096602196446" lon="57.4985471711709"><ele>196.4</ele><time>2026-10-01T14:34:43.000Z</time></trkpt><trkpt lat="-20.17710286886329" lon="57.49855683783771"><ele>195.8</ele><time>2026-10-01T14:34:44.000Z</time></trkpt><trkpt lat="-20.177108868863467" lon="57.498566537837746"><ele>195.8</ele><time>2026-10-01T14:34:45.000Z</time></trkpt><trkpt lat="-20.177114868863647" lon="57.49857680450454"><ele>195.8</ele><time>2026-10-01T14:34:46.000Z</time></trkpt><trkpt lat="-20.17712093553046" lon="57.49858760450469"><ele>195.8</ele><time>2026-10-01T14:34:47.000Z</time></trkpt><trkpt lat="-20.177126435530575" lon="57.49859817117148"><ele>195.8</ele><time>2026-10-01T14:34:48.000Z</time></trkpt><trkpt lat="-20.177131568864056" lon="57.49860873783839"><ele>195.5</ele><time>2026-10-01T14:34:49.000Z</time></trkpt><trkpt lat="-20.17713640219744" lon="57.49861937117201"><ele>195.5</ele><time>2026-10-01T14:34:50.000Z</time></trkpt><trkpt lat="-20.177140802197453" lon="57.4986293045056"><ele>195.5</ele><time>2026-10-01T14:34:51.000Z</time></trkpt><trkpt lat="-20.177145302197424" lon="57.49863903783921"><ele>195.5</ele><time>2026-10-01T14:34:52.000Z</time></trkpt><trkpt lat="-20.177150202197396" lon="57.49864863783944"><ele>195.5</ele><time>2026-10-01T14:34:53.000Z</time></trkpt><trkpt lat="-20.177155335530717" lon="57.49865753783952"><ele>194.9</ele><time>2026-10-01T14:34:54.000Z</time></trkpt><trkpt lat="-20.177160902197414" lon="57.498666171173"><ele>194.9</ele><time>2026-10-01T14:34:55.000Z</time></trkpt><trkpt lat="-20.177167168864152" lon="57.498674804506436"><ele>194.9</ele><time>2026-10-01T14:34:56.000Z</time></trkpt><trkpt lat="-20.177173868864266" lon="57.49868290450651"><ele>194.9</ele><time>2026-10-01T14:34:57.000Z</time></trkpt><trkpt lat="-20.177180435531096" lon="57.49869117117331"><ele>194.9</ele><time>2026-10-01T14:34:58.000Z</time></trkpt><trkpt lat="-20.177186902197864" lon="57.49869983784015"><ele>194.3</ele><time>2026-10-01T14:34:59.000Z</time></trkpt><trkpt lat="-20.177193802198" lon="57.49870903784041"><ele>194.3</ele><time>2026-10-01T14:35:00.000Z</time></trkpt><trkpt lat="-20.177201102198197" lon="57.49871860450728"><ele>194.3</ele><time>2026-10-01T14:35:01.000Z</time></trkpt><trkpt lat="-20.177208335531752" lon="57.49872910450756"><ele>194.3</ele><time>2026-10-01T14:35:02.000Z</time></trkpt><trkpt lat="-20.177216035531895" lon="57.49873947117445"><ele>194.3</ele><time>2026-10-01T14:35:03.000Z</time></trkpt><trkpt lat="-20.177224168865415" lon="57.49875030450794"><ele>194.0</ele><time>2026-10-01T14:35:04.000Z</time></trkpt><trkpt lat="-20.177231835532236" lon="57.49876083784142"><ele>194.0</ele><time>2026-10-01T14:35:05.000Z</time></trkpt><trkpt lat="-20.177239268865605" lon="57.498771771175065"><ele>194.0</ele><time>2026-10-01T14:35:06.000Z</time></trkpt><trkpt lat="-20.177246668865653" lon="57.498782237842036"><ele>194.0</ele><time>2026-10-01T14:35:07.000Z</time></trkpt><trkpt lat="-20.177253868865783" lon="57.49879327117569"><ele>194.0</ele><time>2026-10-01T14:35:08.000Z</time></trkpt><trkpt lat="-20.177260335532548" lon="57.498803571176154"><ele>193.2</ele><time>2026-10-01T14:35:09.000Z</time></trkpt><trkpt lat="-20.177266768865994" lon="57.49881377117647"><ele>193.2</ele><time>2026-10-01T14:35:10.000Z</time></trkpt><trkpt lat="-20.177273202199437" lon="57.49882340451006"><ele>193.2</ele><time>2026-10-01T14:35:11.000Z</time></trkpt><trkpt lat="-20.177278668866176" lon="57.4988328378436"><ele>193.2</ele><time>2026-10-01T14:35:12.000Z</time></trkpt><trkpt lat="-20.177283335532856" lon="57.498842004510436"><ele>193.2</ele><time>2026-10-01T14:35:13.000Z</time></trkpt><trkpt lat="-20.17728846886623" lon="57.498851171177265"><ele>192.4</ele><time>2026-10-01T14:35:14.000Z</time></trkpt><trkpt lat="-20.17729340219958" lon="57.498860137844154"><ele>192.4</ele><time>2026-10-01T14:35:15.000Z</time></trkpt><trkpt lat="-20.17729793553298" lon="57.49886837117769"><ele>192.4</ele><time>2026-10-01T14:35:16.000Z</time></trkpt><trkpt lat="-20.177303335533022" lon="57.4988766378446"><ele>192.4</ele><time>2026-10-01T14:35:17.000Z</time></trkpt><trkpt lat="-20.17730963553308" lon="57.49888510451147"><ele>192.4</ele><time>2026-10-01T14:35:18.000Z</time></trkpt><trkpt lat="-20.17731580219975" lon="57.4988943045117"><ele>192.0</ele><time>2026-10-01T14:35:19.000Z</time></trkpt><trkpt lat="-20.17732230219973" lon="57.49890447117864"><ele>192.0</ele><time>2026-10-01T14:35:20.000Z</time></trkpt><trkpt lat="-20.177329135533018" lon="57.49891560451222"><ele>192.0</ele><time>2026-10-01T14:35:21.000Z</time></trkpt><trkpt lat="-20.17733540219965" lon="57.498926337845816"><ele>192.0</ele><time>2026-10-01T14:35:22.000Z</time></trkpt><trkpt lat="-20.17734136886629" lon="57.498937471179374"><ele>192.0</ele><time>2026-10-01T14:35:23.000Z</time></trkpt><trkpt lat="-20.177347268866296" lon="57.498948071179555"><ele>191.3</ele><time>2026-10-01T14:35:24.000Z</time></trkpt><trkpt lat="-20.177352902199633" lon="57.49895870451312"><ele>191.3</ele><time>2026-10-01T14:35:25.000Z</time></trkpt><trkpt lat="-20.17735816886634" lon="57.49896983784663"><ele>191.3</ele><time>2026-10-01T14:35:26.000Z</time></trkpt><trkpt lat="-20.17736390219974" lon="57.49898177118013"><ele>191.3</ele><time>2026-10-01T14:35:27.000Z</time></trkpt><trkpt lat="-20.177369635533147" lon="57.49899270451367"><ele>191.3</ele><time>2026-10-01T14:35:28.000Z</time></trkpt><trkpt lat="-20.17737516886652" lon="57.49900330451387"><ele>190.5</ele><time>2026-10-01T14:35:29.000Z</time></trkpt><trkpt lat="-20.17738083553328" lon="57.499013637847256"><ele>190.5</ele><time>2026-10-01T14:35:30.000Z</time></trkpt><trkpt lat="-20.17738610219999" lon="57.499023004514"><ele>190.5</ele><time>2026-10-01T14:35:31.000Z</time></trkpt><trkpt lat="-20.17739123553331" lon="57.49903223784746"><ele>190.5</ele><time>2026-10-01T14:35:32.000Z</time></trkpt><trkpt lat="-20.177396835533322" lon="57.49904133784755"><ele>190.5</ele><time>2026-10-01T14:35:33.000Z</time></trkpt><trkpt lat="-20.177402902200033" lon="57.499050171181"><ele>190.2</ele><time>2026-10-01T14:35:34.000Z</time></trkpt><trkpt lat="-20.177408902200106" lon="57.49905860451459"><ele>190.2</ele><time>2026-10-01T14:35:35.000Z</time></trkpt><trkpt lat="-20.17741516886684" lon="57.49906733784817"><ele>190.2</ele><time>2026-10-01T14:35:36.000Z</time></trkpt><trkpt lat="-20.17742120220034" lon="57.49907547118162"><ele>190.2</ele><time>2026-10-01T14:35:37.000Z</time></trkpt><trkpt lat="-20.177426535533794" lon="57.49908340451509"><ele>190.2</ele><time>2026-10-01T14:35:38.000Z</time></trkpt><trkpt lat="-20.177431502200626" lon="57.499091937848526"><ele>189.5</ele><time>2026-10-01T14:35:39.000Z</time></trkpt><trkpt lat="-20.177436335534065" lon="57.49910057118193"><ele>189.5</ele><time>2026-10-01T14:35:40.000Z</time></trkpt><trkpt lat="-20.177440735534184" lon="57.499109337848765"><ele>189.5</ele><time>2026-10-01T14:35:41.000Z</time></trkpt><trkpt lat="-20.17744546886761" lon="57.49911820451568"><ele>189.5</ele><time>2026-10-01T14:35:42.000Z</time></trkpt><trkpt lat="-20.177450602200985" lon="57.49912767118256"><ele>189.5</ele><time>2026-10-01T14:35:43.000Z</time></trkpt><trkpt lat="-20.17745566886772" lon="57.499137237849496"><ele>188.8</ele><time>2026-10-01T14:35:44.000Z</time></trkpt><trkpt lat="-20.177460768867775" lon="57.499146671183055"><ele>188.8</ele><time>2026-10-01T14:35:45.000Z</time></trkpt><trkpt lat="-20.17746616886787" lon="57.49915540451656"><ele>188.8</ele><time>2026-10-01T14:35:46.000Z</time></trkpt><trkpt lat="-20.177471868867954" lon="57.49916390451672"><ele>188.8</ele><time>2026-10-01T14:35:47.000Z</time></trkpt><trkpt lat="-20.177477735534744" lon="57.499172271183525"><ele>188.8</ele><time>2026-10-01T14:35:48.000Z</time></trkpt><trkpt lat="-20.177484068868125" lon="57.499180637850316"><ele>188.4</ele><time>2026-10-01T14:35:49.000Z</time></trkpt><trkpt lat="-20.177490535534893" lon="57.49918920451711"><ele>188.4</ele><time>2026-10-01T14:35:50.000Z</time></trkpt><trkpt lat="-20.177497635534955" lon="57.499198137850556"><ele>188.4</ele><time>2026-10-01T14:35:51.000Z</time></trkpt><trkpt lat="-20.17750430220164" lon="57.49920800451741"><ele>188.4</ele><time>2026-10-01T14:35:52.000Z</time></trkpt><trkpt lat="-20.177511302201633" lon="57.499218071184295"><ele>188.4</ele><time>2026-10-01T14:35:53.000Z</time></trkpt><trkpt lat="-20.177518402201695" lon="57.49922803785118"><ele>187.6</ele><time>2026-10-01T14:35:54.000Z</time></trkpt><trkpt lat="-20.17752530220173" lon="57.4992373711847"><ele>187.6</ele><time>2026-10-01T14:35:55.000Z</time></trkpt><trkpt lat="-20.17753166886843" lon="57.49924640451822"><ele>187.6</ele><time>2026-10-01T14:35:56.000Z</time></trkpt><trkpt lat="-20.177538235535156" lon="57.499255071184905"><ele>187.6</ele><time>2026-10-01T14:35:57.000Z</time></trkpt><trkpt lat="-20.177544835535308" lon="57.49926403785165"><ele>187.6</ele><time>2026-10-01T14:35:58.000Z</time></trkpt><trkpt lat="-20.177550602202086" lon="57.499273404518306"><ele>186.9</ele><time>2026-10-01T14:35:59.000Z</time></trkpt><trkpt lat="-20.17755670220217" lon="57.499283671185026"><ele>186.9</ele><time>2026-10-01T14:36:00.000Z</time></trkpt><trkpt lat="-20.177562702202295" lon="57.49929403785175"><ele>186.9</ele><time>2026-10-01T14:36:01.000Z</time></trkpt><trkpt lat="-20.177568702202418" lon="57.499304104518515"><ele>186.9</ele><time>2026-10-01T14:36:02.000Z</time></trkpt><trkpt lat="-20.177573835535792" lon="57.499313504518604"><ele>186.9</ele><time>2026-10-01T14:36:03.000Z</time></trkpt><trkpt lat="-20.177579802202544" lon="57.49932293785198"><ele>186.6</ele><time>2026-10-01T14:36:04.000Z</time></trkpt><trkpt lat="-20.17758543553599" lon="57.49933200451867"><ele>186.6</ele><time>2026-10-01T14:36:05.000Z</time></trkpt><trkpt lat="-20.177591068869432" lon="57.499340737852094"><ele>186.6</ele><time>2026-10-01T14:36:06.000Z</time></trkpt><trkpt lat="-20.177596502202853" lon="57.49934953785214"><ele>186.6</ele><time>2026-10-01T14:36:07.000Z</time></trkpt><trkpt lat="-20.17760256886967" lon="57.49935897118544"><ele>186.6</ele><time>2026-10-01T14:36:08.000Z</time></trkpt><trkpt lat="-20.177607868869806" lon="57.49936813785214"><ele>185.9</ele><time>2026-10-01T14:36:09.000Z</time></trkpt><trkpt lat="-20.177613535536572" lon="57.499376971185484"><ele>185.9</ele><time>2026-10-01T14:36:10.000Z</time></trkpt><trkpt lat="-20.177619202203335" lon="57.49938697118553"><ele>185.9</ele><time>2026-10-01T14:36:11.000Z</time></trkpt><trkpt lat="-20.177625302203474" lon="57.499397571185604"><ele>185.9</ele><time>2026-10-01T14:36:12.000Z</time></trkpt><trkpt lat="-20.17763176887024" lon="57.4994077045191"><ele>185.9</ele><time>2026-10-01T14:36:13.000Z</time></trkpt><trkpt lat="-20.17763850220367" lon="57.499418037852536"><ele>185.0</ele><time>2026-10-01T14:36:14.000Z</time></trkpt><trkpt lat="-20.17764463553713" lon="57.49942900451924"><ele>185.0</ele><time>2026-10-01T14:36:15.000Z</time></trkpt><trkpt lat="-20.177650568870565" lon="57.499440471186006"><ele>185.0</ele><time>2026-10-01T14:36:16.000Z</time></trkpt><trkpt lat="-20.177655602203977" lon="57.49945230451939"><ele>185.0</ele><time>2026-10-01T14:36:17.000Z</time></trkpt><trkpt lat="-20.177659702204004" lon="57.499464404519486"><ele>185.0</ele><time>2026-10-01T14:36:18.000Z</time></trkpt><trkpt lat="-20.177663668870697" lon="57.499475937853035"><ele>184.6</ele><time>2026-10-01T14:36:19.000Z</time></trkpt><trkpt lat="-20.177668068870762" lon="57.499486637853316"><ele>184.6</ele><time>2026-10-01T14:36:20.000Z</time></trkpt><trkpt lat="-20.177672468870828" lon="57.49949640452013"><ele>184.6</ele><time>2026-10-01T14:36:21.000Z</time></trkpt><trkpt lat="-20.17767706887092" lon="57.499505871187"><ele>184.6</ele><time>2026-10-01T14:36:22.000Z</time></trkpt><trkpt lat="-20.17768196887111" lon="57.49951540452058"><ele>184.6</ele><time>2026-10-01T14:36:23.000Z</time></trkpt><trkpt lat="-20.17768723553798" lon="57.4995258045207"><ele>183.7</ele><time>2026-10-01T14:36:24.000Z</time></trkpt><trkpt lat="-20.17769286887148" lon="57.499536137854136"><ele>183.7</ele><time>2026-10-01T14:36:25.000Z</time></trkpt><trkpt lat="-20.17769900220499" lon="57.49954667118753"><ele>183.7</ele><time>2026-10-01T14:36:26.000Z</time></trkpt><trkpt lat="-20.177705235538514" lon="57.49955653785427"><ele>183.7</ele><time>2026-10-01T14:36:27.000Z</time></trkpt><trkpt lat="-20.177711402205293" lon="57.499565837854234"><ele>183.7</ele><time>2026-10-01T14:36:28.000Z</time></trkpt><trkpt lat="-20.17771763553871" lon="57.49957413785425"><ele>183.0</ele><time>2026-10-01T14:36:29.000Z</time></trkpt><trkpt lat="-20.177723368872115" lon="57.49958303785435"><ele>183.0</ele><time>2026-10-01T14:36:30.000Z</time></trkpt><trkpt lat="-20.177728668872142" lon="57.49959143785452"><ele>183.0</ele><time>2026-10-01T14:36:31.000Z</time></trkpt><trkpt lat="-20.177734068872134" lon="57.499600204521336"><ele>183.0</ele><time>2026-10-01T14:36:32.000Z</time></trkpt><trkpt lat="-20.1777394355388" lon="57.49960963785492"><ele>183.0</ele><time>2026-10-01T14:36:33.000Z</time></trkpt><trkpt lat="-20.17774473553883" lon="57.499619804521856"><ele>182.6</ele><time>2026-10-01T14:36:34.000Z</time></trkpt><trkpt lat="-20.17774990220558" lon="57.49962997118869"><ele>182.6</ele><time>2026-10-01T14:36:35.000Z</time></trkpt><trkpt lat="-20.177755802205688" lon="57.49964083785543"><ele>182.6</ele><time>2026-10-01T14:36:36.000Z</time></trkpt><trkpt lat="-20.177762235539134" lon="57.499651871188824"><ele>182.6</ele><time>2026-10-01T14:36:37.000Z</time></trkpt><trkpt lat="-20.177769335539303" lon="57.499662404522155"><ele>182.6</ele><time>2026-10-01T14:36:38.000Z</time></trkpt><trkpt lat="-20.17777636887272" lon="57.49967337118885"><ele>182.0</ele><time>2026-10-01T14:36:39.000Z</time></trkpt><trkpt lat="-20.17778336887282" lon="57.499684137855596"><ele>182.0</ele><time>2026-10-01T14:36:40.000Z</time></trkpt><trkpt lat="-20.17778966887288" lon="57.4996949045224"><ele>182.0</ele><time>2026-10-01T14:36:41.000Z</time></trkpt><trkpt lat="-20.17779583553966" lon="57.49970537118922"><ele>182.0</ele><time>2026-10-01T14:36:42.000Z</time></trkpt><trkpt lat="-20.177801402206352" lon="57.499716271189264"><ele>182.0</ele><time>2026-10-01T14:36:43.000Z</time></trkpt><trkpt lat="-20.177806668873114" lon="57.49972673785587"><ele>181.3</ele><time>2026-10-01T14:36:44.000Z</time></trkpt><trkpt lat="-20.177811702206476" lon="57.49973737118912"><ele>181.3</ele><time>2026-10-01T14:36:45.000Z</time></trkpt><trkpt lat="-20.17781670220652" lon="57.49974747118905"><ele>181.3</ele><time>2026-10-01T14:36:46.000Z</time></trkpt><trkpt lat="-20.177821468873212" lon="57.499757537855615"><ele>181.3</ele><time>2026-10-01T14:36:47.000Z</time></trkpt><trkpt lat="-20.17782653554" lon="57.49976690452223"><ele>181.3</ele><time>2026-10-01T14:36:48.000Z</time></trkpt><trkpt lat="-20.17783216887339" lon="57.49977607118893"><ele>181.0</ele><time>2026-10-01T14:36:49.000Z</time></trkpt><trkpt lat="-20.1778382355401" lon="57.499785437855586"><ele>181.0</ele><time>2026-10-01T14:36:50.000Z</time></trkpt><trkpt lat="-20.17784476887351" lon="57.49979553785552"><ele>181.0</ele><time>2026-10-01T14:36:51.000Z</time></trkpt><trkpt lat="-20.177851168873527" lon="57.499805404522206"><ele>181.0</ele><time>2026-10-01T14:36:52.000Z</time></trkpt><trkpt lat="-20.17785703554021" lon="57.49981547118894"><ele>181.0</ele><time>2026-10-01T14:36:53.000Z</time></trkpt><trkpt lat="-20.177862602206908" lon="57.499825337855626"><ele>180.4</ele><time>2026-10-01T14:36:54.000Z</time></trkpt><trkpt lat="-20.177868202206927" lon="57.49983460452238"><ele>180.4</ele><time>2026-10-01T14:36:55.000Z</time></trkpt><trkpt lat="-20.177873568873594" lon="57.49984333785583"><ele>180.4</ele><time>2026-10-01T14:36:56.000Z</time></trkpt><trkpt lat="-20.17787940220696" lon="57.49985180452254"><ele>180.4</ele><time>2026-10-01T14:36:57.000Z</time></trkpt><trkpt lat="-20.17788560220695" lon="57.49986053785592"><ele>180.4</ele><time>2026-10-01T14:36:58.000Z</time></trkpt><trkpt lat="-20.177891735540296" lon="57.49986970452274"><ele>179.8</ele><time>2026-10-01T14:36:59.000Z</time></trkpt><trkpt lat="-20.17789790220707" lon="57.49987923785629"><ele>179.8</ele><time>2026-10-01T14:37:00.000Z</time></trkpt><trkpt lat="-20.177904702207144" lon="57.49988923785649"><ele>179.8</ele><time>2026-10-01T14:37:01.000Z</time></trkpt><trkpt lat="-20.17791123554055" lon="57.49989917119005"><ele>179.8</ele><time>2026-10-01T14:37:02.000Z</time></trkpt><trkpt lat="-20.177917502207286" lon="57.499908971190166"><ele>179.8</ele><time>2026-10-01T14:37:03.000Z</time></trkpt><trkpt lat="-20.177923502207356" lon="57.49991870452353"><ele>179.5</ele><time>2026-10-01T14:37:04.000Z</time></trkpt><trkpt lat="-20.177929102207376" lon="57.499928371190116"><ele>179.5</ele><time>2026-10-01T14:37:05.000Z</time></trkpt><trkpt lat="-20.17793376887411" lon="57.49993700452346"><ele>179.5</ele><time>2026-10-01T14:37:06.000Z</time></trkpt><trkpt lat="-20.177938002207522" lon="57.49994597119015"><ele>179.5</ele><time>2026-10-01T14:37:07.000Z</time></trkpt><trkpt lat="-20.17794206887428" lon="57.49995493785688"><ele>179.5</ele><time>2026-10-01T14:37:08.000Z</time></trkpt><trkpt lat="-20.177946002207705" lon="57.499963504523635"><ele>178.8</ele><time>2026-10-01T14:37:09.000Z</time></trkpt><trkpt lat="-20.177950502207786" lon="57.49997223785711"><ele>178.8</ele><time>2026-10-01T14:37:10.000Z</time></trkpt><trkpt lat="-20.17795536887449" lon="57.49998107119053"><ele>178.8</ele><time>2026-10-01T14:37:11.000Z</time></trkpt><trkpt lat="-20.17796036887453" lon="57.499989804523885"><ele>178.8</ele><time>2026-10-01T14:37:12.000Z</time></trkpt><trkpt lat="-20.17796573554125" lon="57.4999986378573"><ele>178.8</ele><time>2026-10-01T14:37:13.000Z</time></trkpt><trkpt lat="-20.177971235541307" lon="57.500008037857334"><ele>178.0</ele><time>2026-10-01T14:37:14.000Z</time></trkpt><trkpt lat="-20.1779762355414" lon="57.50001757119077"><ele>178.0</ele><time>2026-10-01T14:37:15.000Z</time></trkpt><trkpt lat="-20.177981368874885" lon="57.50002757119081"><ele>178.0</ele><time>2026-10-01T14:37:16.000Z</time></trkpt><trkpt lat="-20.177986535541685" lon="57.500038804524216"><ele>178.0</ele><time>2026-10-01T14:37:17.000Z</time></trkpt><trkpt lat="-20.17799143554182" lon="57.50005000452425"><ele>178.0</ele><time>2026-10-01T14:37:18.000Z</time></trkpt><trkpt lat="-20.177996668875263" lon="57.50006070452438"><ele>177.6</ele><time>2026-10-01T14:37:19.000Z</time></trkpt><trkpt lat="-20.17800180220869" lon="57.5000710045244"><ele>177.6</ele><time>2026-10-01T14:37:20.000Z</time></trkpt><trkpt lat="-20.178006335542094" lon="57.500080871191095"><ele>177.6</ele><time>2026-10-01T14:37:21.000Z</time></trkpt><trkpt lat="-20.17801113554216" lon="57.500089804524485"><ele>177.6</ele><time>2026-10-01T14:37:22.000Z</time></trkpt><trkpt lat="-20.178016602208842" lon="57.50009830452451"><ele>177.6</ele><time>2026-10-01T14:37:23.000Z</time></trkpt><trkpt lat="-20.178022468875582" lon="57.50010667119121"><ele>177.0</ele><time>2026-10-01T14:37:24.000Z</time></trkpt><trkpt lat="-20.178028802209013" lon="57.500114837857986"><ele>177.0</ele><time>2026-10-01T14:37:25.000Z</time></trkpt><trkpt lat="-20.17803540220906" lon="57.50012323785817"><ele>177.0</ele><time>2026-10-01T14:37:26.000Z</time></trkpt><trkpt lat="-20.17804173554244" lon="57.50013167119166"><ele>177.0</ele><time>2026-10-01T14:37:27.000Z</time></trkpt><trkpt lat="-20.17804730220919" lon="57.50014043785851"><ele>177.0</ele><time>2026-10-01T14:37:28.000Z</time></trkpt><trkpt lat="-20.17805213554258" lon="57.500149037858606"><ele>176.4</ele><time>2026-10-01T14:37:29.000Z</time></trkpt><trkpt lat="-20.17805676887594" lon="57.50015723785867"><ele>176.4</ele><time>2026-10-01T14:37:30.000Z</time></trkpt><trkpt lat="-20.178061435542723" lon="57.50016590452539"><ele>176.4</ele><time>2026-10-01T14:37:31.000Z</time></trkpt><trkpt lat="-20.17806620220947" lon="57.50017497119212"><ele>176.4</ele><time>2026-10-01T14:37:32.000Z</time></trkpt><trkpt lat="-20.17807143554286" lon="57.50018523785885"><ele>176.4</ele><time>2026-10-01T14:37:33.000Z</time></trkpt><trkpt lat="-20.17807686887628" lon="57.500196271192195"><ele>176.0</ele><time>2026-10-01T14:37:34.000Z</time></trkpt><trkpt lat="-20.178082035543024" lon="57.5002079711921"><ele>176.0</ele><time>2026-10-01T14:37:35.000Z</time></trkpt><trkpt lat="-20.178087068876387" lon="57.50021887119199"><ele>176.0</ele><time>2026-10-01T14:37:36.000Z</time></trkpt><trkpt lat="-20.178091702209798" lon="57.500229571191895"><ele>176.0</ele><time>2026-10-01T14:37:37.000Z</time></trkpt><trkpt lat="-20.17809553554321" lon="57.500239304525095"><ele>176.0</ele><time>2026-10-01T14:37:38.000Z</time></trkpt><trkpt lat="-20.17809870220993" lon="57.500248671191684"><ele>175.4</ele><time>2026-10-01T14:37:39.000Z</time></trkpt><trkpt lat="-20.178101535543313" lon="57.500257504525074"><ele>175.4</ele><time>2026-10-01T14:37:40.000Z</time></trkpt><trkpt lat="-20.17810336887669" lon="57.500266404525156"><ele>175.4</ele><time>2026-10-01T14:37:41.000Z</time></trkpt><trkpt lat="-20.1781054022101" lon="57.500275671191886"><ele>175.4</ele><time>2026-10-01T14:37:42.000Z</time></trkpt><trkpt lat="-20.178107468876824" lon="57.50028553785876"><ele>175.4</ele><time>2026-10-01T14:37:43.000Z</time></trkpt><trkpt lat="-20.17811003554354" lon="57.50029577119242"><ele>174.7</ele><time>2026-10-01T14:37:44.000Z</time></trkpt><trkpt lat="-20.178112835543576" lon="57.50030643785933"><ele>174.7</ele><time>2026-10-01T14:37:45.000Z</time></trkpt><trkpt lat="-20.178116868876963" lon="57.500317671193"><ele>174.7</ele><time>2026-10-01T14:37:46.000Z</time></trkpt><trkpt lat="-20.17812120221033" lon="57.50032893786005"><ele>174.7</ele><time>2026-10-01T14:37:47.000Z</time></trkpt><trkpt lat="-20.17812580221037" lon="57.50034017119374"><ele>174.7</ele><time>2026-10-01T14:37:48.000Z</time></trkpt><trkpt lat="-20.17812996887709" lon="57.50035127119391"><ele>174.4</ele><time>2026-10-01T14:37:49.000Z</time></trkpt><trkpt lat="-20.178134535543812" lon="57.50036260452755"><ele>174.4</ele><time>2026-10-01T14:37:50.000Z</time></trkpt><trkpt lat="-20.17813926887724" lon="57.50037400452785"><ele>174.4</ele><time>2026-10-01T14:37:51.000Z</time></trkpt><trkpt lat="-20.17814353554397" lon="57.500385304528194"><ele>174.4</ele><time>2026-10-01T14:37:52.000Z</time></trkpt><trkpt lat="-20.17814723554405" lon="57.50039583786186"><ele>174.4</ele><time>2026-10-01T14:37:53.000Z</time></trkpt><trkpt lat="-20.17815126887749" lon="57.50040630452895"><ele>173.8</ele><time>2026-10-01T14:37:54.000Z</time></trkpt><trkpt lat="-20.178155468877634" lon="57.50041677119585"><ele>173.8</ele><time>2026-10-01T14:37:55.000Z</time></trkpt><trkpt lat="-20.17815990221102" lon="57.5004275045294"><ele>173.8</ele><time>2026-10-01T14:37:56.000Z</time></trkpt><trkpt lat="-20.178164802211104" lon="57.5004383045294"><ele>173.8</ele><time>2026-10-01T14:37:57.000Z</time></trkpt><trkpt lat="-20.178170268877842" lon="57.50044943786268"><ele>173.8</ele><time>2026-10-01T14:37:58.000Z</time></trkpt><trkpt lat="-20.178175635544562" lon="57.500460904529255"><ele>173.3</ele><time>2026-10-01T14:37:59.000Z</time></trkpt><trkpt lat="-20.178180302211242" lon="57.50047227119585"><ele>173.3</ele><time>2026-10-01T14:38:00.000Z</time></trkpt><trkpt lat="-20.17818410221128" lon="57.50048340452904"><ele>173.3</ele><time>2026-10-01T14:38:01.000Z</time></trkpt><trkpt lat="-20.178187168877955" lon="57.50049407119565"><ele>173.3</ele><time>2026-10-01T14:38:02.000Z</time></trkpt><trkpt lat="-20.178189735544642" lon="57.50050453786222"><ele>173.3</ele><time>2026-10-01T14:38:03.000Z</time></trkpt><trkpt lat="-20.178192268878014" lon="57.500515137862195"><ele>173.0</ele><time>2026-10-01T14:38:04.000Z</time></trkpt><trkpt lat="-20.178194702211393" lon="57.500526337862176"><ele>173.0</ele><time>2026-10-01T14:38:05.000Z</time></trkpt><trkpt lat="-20.178197268878108" lon="57.50053743786221"><ele>173.0</ele><time>2026-10-01T14:38:06.000Z</time></trkpt><trkpt lat="-20.178200635544826" lon="57.500548271195534"><ele>173.0</ele><time>2026-10-01T14:38:07.000Z</time></trkpt><trkpt lat="-20.178204802211518" lon="57.500558737862285"><ele>173.0</ele><time>2026-10-01T14:38:08.000Z</time></trkpt><trkpt lat="-20.178209502211494" lon="57.5005690045291"><ele>172.3</ele><time>2026-10-01T14:38:09.000Z</time></trkpt><trkpt lat="-20.178214402211474" lon="57.50057910452931"><ele>172.3</ele><time>2026-10-01T14:38:10.000Z</time></trkpt><trkpt lat="-20.178219268878127" lon="57.50058950452959"><ele>172.3</ele><time>2026-10-01T14:38:11.000Z</time></trkpt><trkpt lat="-20.17822383554479" lon="57.50060067119665"><ele>172.3</ele><time>2026-10-01T14:38:12.000Z</time></trkpt><trkpt lat="-20.17822800221151" lon="57.500612471197044"><ele>172.3</ele><time>2026-10-01T14:38:13.000Z</time></trkpt><trkpt lat="-20.178231702211587" lon="57.50062430453058"><ele>171.6</ele><time>2026-10-01T14:38:14.000Z</time></trkpt><trkpt lat="-20.17823550221168" lon="57.50063583786416"><ele>171.6</ele><time>2026-10-01T14:38:15.000Z</time></trkpt><trkpt lat="-20.178239368878465" lon="57.50064740453089"><ele>171.6</ele><time>2026-10-01T14:38:16.000Z</time></trkpt><trkpt lat="-20.178242735545233" lon="57.50065877119759"><ele>171.6</ele><time>2026-10-01T14:38:17.000Z</time></trkpt><trkpt lat="-20.178245668878656" lon="57.50066990453091"><ele>171.6</ele><time>2026-10-01T14:38:18.000Z</time></trkpt><trkpt lat="-20.178248435545424" lon="57.500680871197666"><ele>171.3</ele><time>2026-10-01T14:38:19.000Z</time></trkpt><trkpt lat="-20.178250768878847" lon="57.50069223786435"><ele>171.3</ele><time>2026-10-01T14:38:20.000Z</time></trkpt><trkpt lat="-20.178253368878934" lon="57.50070390453125"><ele>171.3</ele><time>2026-10-01T14:38:21.000Z</time></trkpt><trkpt lat="-20.17825603554566" lon="57.50071547119817"><ele>171.3</ele><time>2026-10-01T14:38:22.000Z</time></trkpt><trkpt lat="-20.178259535545685" lon="57.500727437865045"><ele>171.3</ele><time>2026-10-01T14:38:23.000Z</time></trkpt><trkpt lat="-20.17826353554572" lon="57.500739504531865"><ele>170.7</ele><time>2026-10-01T14:38:24.000Z</time></trkpt><trkpt lat="-20.178268335545734" lon="57.5007507378654"><ele>170.7</ele><time>2026-10-01T14:38:25.000Z</time></trkpt><trkpt lat="-20.178272102212386" lon="57.50076173786547"><ele>170.7</ele><time>2026-10-01T14:38:26.000Z</time></trkpt><trkpt lat="-20.17827590221241" lon="57.50077317119868"><ele>170.7</ele><time>2026-10-01T14:38:27.000Z</time></trkpt><trkpt lat="-20.17827890221246" lon="57.5007839711987"><ele>170.7</ele><time>2026-10-01T14:38:28.000Z</time></trkpt><trkpt lat="-20.178281335545826" lon="57.50079490453221"><ele>170.1</ele><time>2026-10-01T14:38:29.000Z</time></trkpt><trkpt lat="-20.17828366887923" lon="57.500806504532235"><ele>170.1</ele><time>2026-10-01T14:38:30.000Z</time></trkpt><trkpt lat="-20.178286802212654" lon="57.500818271199044"><ele>170.1</ele><time>2026-10-01T14:38:31.000Z</time></trkpt><trkpt lat="-20.178289802212742" lon="57.50083053786593"><ele>170.1</ele><time>2026-10-01T14:38:32.000Z</time></trkpt><trkpt lat="-20.17829180221283" lon="57.500844237866055"><ele>170.1</ele><time>2026-10-01T14:38:33.000Z</time></trkpt><trkpt lat="-20.178293035546233" lon="57.500858604532745"><ele>169.8</ele><time>2026-10-01T14:38:34.000Z</time></trkpt><trkpt lat="-20.178293168879605" lon="57.500873004532835"><ele>169.8</ele><time>2026-10-01T14:38:35.000Z</time></trkpt><trkpt lat="-20.178292135546293" lon="57.5008869045329"><ele>169.8</ele><time>2026-10-01T14:38:36.000Z</time></trkpt><trkpt lat="-20.17829103554629" lon="57.50090027119975"><ele>169.8</ele><time>2026-10-01T14:38:37.000Z</time></trkpt><trkpt lat="-20.178290602212957" lon="57.50091253786668"><ele>169.8</ele><time>2026-10-01T14:38:38.000Z</time></trkpt><trkpt lat="-20.178290935546308" lon="57.500924037866966"><ele>169.2</ele><time>2026-10-01T14:38:39.000Z</time></trkpt><trkpt lat="-20.17829183554635" lon="57.5009358378674"><ele>169.2</ele><time>2026-10-01T14:38:40.000Z</time></trkpt><trkpt lat="-20.178293435546408" lon="57.50094820453437"><ele>169.2</ele><time>2026-10-01T14:38:41.000Z</time></trkpt><trkpt lat="-20.178295335546455" lon="57.50096073786784"><ele>169.2</ele><time>2026-10-01T14:38:42.000Z</time></trkpt><trkpt lat="-20.178297635546503" lon="57.50097357120135"><ele>169.2</ele><time>2026-10-01T14:38:43.000Z</time></trkpt><trkpt lat="-20.178300235546565" lon="57.50098627120151"><ele>168.5</ele><time>2026-10-01T14:38:44.000Z</time></trkpt><trkpt lat="-20.17830276887993" lon="57.50099843786826"><ele>168.5</ele><time>2026-10-01T14:38:45.000Z</time></trkpt><trkpt lat="-20.178305635546632" lon="57.50101073786851"><ele>168.5</ele><time>2026-10-01T14:38:46.000Z</time></trkpt><trkpt lat="-20.178309102213362" lon="57.50102333786894"><ele>168.5</ele><time>2026-10-01T14:38:47.000Z</time></trkpt><trkpt lat="-20.17831260221344" lon="57.501035737869245"><ele>168.5</ele><time>2026-10-01T14:38:48.000Z</time></trkpt><trkpt lat="-20.178315735546835" lon="57.50104837120284"><ele>168.1</ele><time>2026-10-01T14:38:49.000Z</time></trkpt><trkpt lat="-20.17831846888023" lon="57.50106110453639"><ele>168.1</ele><time>2026-10-01T14:38:50.000Z</time></trkpt><trkpt lat="-20.178320302213614" lon="57.50107323786985"><ele>168.1</ele><time>2026-10-01T14:38:51.000Z</time></trkpt><trkpt lat="-20.178320368880282" lon="57.50108507120333"><ele>168.1</ele><time>2026-10-01T14:38:52.000Z</time></trkpt><trkpt lat="-20.178319968880267" lon="57.50109693787014"><ele>168.1</ele><time>2026-10-01T14:38:53.000Z</time></trkpt><trkpt lat="-20.178319202213572" lon="57.50110870453693"><ele>167.2</ele><time>2026-10-01T14:38:54.000Z</time></trkpt><trkpt lat="-20.17831876888021" lon="57.501120404537026"><ele>167.2</ele><time>2026-10-01T14:38:55.000Z</time></trkpt><trkpt lat="-20.1783189688802" lon="57.50113230453705"><ele>167.2</ele><time>2026-10-01T14:38:56.000Z</time></trkpt><trkpt lat="-20.17831953554688" lon="57.50114403787023"><ele>167.2</ele><time>2026-10-01T14:38:57.000Z</time></trkpt><trkpt lat="-20.178319868880227" lon="57.50115527120344"><ele>167.2</ele><time>2026-10-01T14:38:58.000Z</time></trkpt><trkpt lat="-20.178319835546894" lon="57.501166371203354"><ele>166.5</ele><time>2026-10-01T14:38:59.000Z</time></trkpt><trkpt lat="-20.178319202213558" lon="57.50117807120337"><ele>166.5</ele><time>2026-10-01T14:39:00.000Z</time></trkpt><trkpt lat="-20.178317768880195" lon="57.50118993787019"><ele>166.5</ele><time>2026-10-01T14:39:01.000Z</time></trkpt><trkpt lat="-20.178316335546832" lon="57.50120100453707"><ele>166.5</ele><time>2026-10-01T14:39:02.000Z</time></trkpt><trkpt lat="-20.178314968880137" lon="57.50121213787064"><ele>166.5</ele><time>2026-10-01T14:39:03.000Z</time></trkpt><trkpt lat="-20.178313435546784" lon="57.50122360453761"><ele>166.1</ele><time>2026-10-01T14:39:04.000Z</time></trkpt><trkpt lat="-20.178311968880102" lon="57.501234371204625"><ele>166.1</ele><time>2026-10-01T14:39:05.000Z</time></trkpt><trkpt lat="-20.17831043554675" lon="57.50124547120498"><ele>166.1</ele><time>2026-10-01T14:39:06.000Z</time></trkpt><trkpt lat="-20.178307735546703" lon="57.50125727120528"><ele>166.1</ele><time>2026-10-01T14:39:07.000Z</time></trkpt><trkpt lat="-20.178304235546626" lon="57.50126947120551"><ele>166.1</ele><time>2026-10-01T14:39:08.000Z</time></trkpt><trkpt lat="-20.178300635546535" lon="57.50128150453909"><ele>165.5</ele><time>2026-10-01T14:39:09.000Z</time></trkpt><trkpt lat="-20.17829646887976" lon="57.50129407120579"><ele>165.5</ele><time>2026-10-01T14:39:10.000Z</time></trkpt><trkpt lat="-20.178292702213007" lon="57.50130580453911"><ele>165.5</ele><time>2026-10-01T14:39:11.000Z</time></trkpt><trkpt lat="-20.17828966887961" lon="57.501317204539156"><ele>165.5</ele><time>2026-10-01T14:39:12.000Z</time></trkpt><trkpt lat="-20.17828680221292" lon="57.50132877120603"><ele>165.5</ele><time>2026-10-01T14:39:13.000Z</time></trkpt><trkpt lat="-20.178284068879567" lon="57.50134070453943"><ele>164.8</ele><time>2026-10-01T14:39:14.000Z</time></trkpt><trkpt lat="-20.1782811688795" lon="57.50135230453965"><ele>164.8</ele><time>2026-10-01T14:39:15.000Z</time></trkpt><trkpt lat="-20.178277802212783" lon="57.50136467120641"><ele>164.8</ele><time>2026-10-01T14:39:16.000Z</time></trkpt><trkpt lat="-20.178274135546083" lon="57.50137660453983"><ele>164.8</ele><time>2026-10-01T14:39:17.000Z</time></trkpt><trkpt lat="-20.178270535546016" lon="57.50138757120648"><ele>164.8</ele><time>2026-10-01T14:39:18.000Z</time></trkpt><trkpt lat="-20.178266635545963" lon="57.50139743787322"><ele>164.4</ele><time>2026-10-01T14:39:19.000Z</time></trkpt><trkpt lat="-20.178262968879316" lon="57.50140647120661"><ele>164.4</ele><time>2026-10-01T14:39:20.000Z</time></trkpt><trkpt lat="-20.178259468879318" lon="57.50141493787335"><ele>164.4</ele><time>2026-10-01T14:39:21.000Z</time></trkpt><trkpt lat="-20.178256402212643" lon="57.50142433787333"><ele>164.4</ele><time>2026-10-01T14:39:22.000Z</time></trkpt><trkpt lat="-20.17825343554598" lon="57.5014348712068"><ele>164.4</ele><time>2026-10-01T14:39:23.000Z</time></trkpt><trkpt lat="-20.17825046887932" lon="57.501446437873675"><ele>163.6</ele><time>2026-10-01T14:39:24.000Z</time></trkpt><trkpt lat="-20.178247735545952" lon="57.501459171207195"><ele>163.6</ele><time>2026-10-01T14:39:25.000Z</time></trkpt><trkpt lat="-20.178245002212584" lon="57.50147170454088"><ele>163.6</ele><time>2026-10-01T14:39:26.000Z</time></trkpt><trkpt lat="-20.178242135545883" lon="57.501483537874606"><ele>163.6</ele><time>2026-10-01T14:39:27.000Z</time></trkpt><trkpt lat="-20.17823983554585" lon="57.50149520454154"><ele>163.6</ele><time>2026-10-01T14:39:28.000Z</time></trkpt><trkpt lat="-20.17823766887915" lon="57.501507371208376"><ele>162.9</ele><time>2026-10-01T14:39:29.000Z</time></trkpt><trkpt lat="-20.17823540221249" lon="57.50151980454196"><ele>162.9</ele><time>2026-10-01T14:39:30.000Z</time></trkpt><trkpt lat="-20.178232868879167" lon="57.50153273787545"><ele>162.9</ele><time>2026-10-01T14:39:31.000Z</time></trkpt><trkpt lat="-20.17823000221248" lon="57.501545971209"><ele>162.9</ele><time>2026-10-01T14:39:32.000Z</time></trkpt><trkpt lat="-20.178226568879122" lon="57.50155903787579"><ele>162.9</ele><time>2026-10-01T14:39:33.000Z</time></trkpt><trkpt lat="-20.178223135545768" lon="57.501571937875966"><ele>162.5</ele><time>2026-10-01T14:39:34.000Z</time></trkpt><trkpt lat="-20.17821980221237" lon="57.5015842378761"><ele>162.5</ele><time>2026-10-01T14:39:35.000Z</time></trkpt><trkpt lat="-20.17821673554564" lon="57.50159613787632"><ele>162.5</ele><time>2026-10-01T14:39:36.000Z</time></trkpt><trkpt lat="-20.17821403554559" lon="57.50160800454326"><ele>162.5</ele><time>2026-10-01T14:39:37.000Z</time></trkpt><trkpt lat="-20.17821120221221" lon="57.501619404543625"><ele>162.5</ele><time>2026-10-01T14:39:38.000Z</time></trkpt><trkpt lat="-20.17820833554551" lon="57.50163083787727"><ele>161.8</ele><time>2026-10-01T14:39:39.000Z</time></trkpt><trkpt lat="-20.178205468878808" lon="57.501642271210926"><ele>161.8</ele><time>2026-10-01T14:39:40.000Z</time></trkpt><trkpt lat="-20.178202602212103" lon="57.5016531712111"><ele>161.8</ele><time>2026-10-01T14:39:41.000Z</time></trkpt><trkpt lat="-20.178199835545417" lon="57.5016641712112"><ele>161.8</ele><time>2026-10-01T14:39:42.000Z</time></trkpt><trkpt lat="-20.17819703554541" lon="57.501675737878045"><ele>161.8</ele><time>2026-10-01T14:39:43.000Z</time></trkpt><trkpt lat="-20.17819376887876" lon="57.50168660454487"><ele>161.1</ele><time>2026-10-01T14:39:44.000Z</time></trkpt><trkpt lat="-20.178190735545456" lon="57.501698037878235"><ele>161.1</ele><time>2026-10-01T14:39:45.000Z</time></trkpt><trkpt lat="-20.17818803554549" lon="57.50171033787831"><ele>161.1</ele><time>2026-10-01T14:39:46.000Z</time></trkpt><trkpt lat="-20.17818483554556" lon="57.50172217121168"><ele>161.1</ele><time>2026-10-01T14:39:47.000Z</time></trkpt><trkpt lat="-20.17818100221223" lon="57.501734104544916"><ele>161.1</ele><time>2026-10-01T14:39:48.000Z</time></trkpt><trkpt lat="-20.178176768878842" lon="57.50174637121152"><ele>160.8</ele><time>2026-10-01T14:39:49.000Z</time></trkpt><trkpt lat="-20.178172002212122" lon="57.501758004544925"><ele>160.8</ele><time>2026-10-01T14:39:50.000Z</time></trkpt><trkpt lat="-20.17816630221204" lon="57.50176887121165"><ele>160.8</ele><time>2026-10-01T14:39:51.000Z</time></trkpt><trkpt lat="-20.178159968878553" lon="57.50177973787838"><ele>160.8</ele><time>2026-10-01T14:39:52.000Z</time></trkpt><trkpt lat="-20.178153802211774" lon="57.50178937121186"><ele>160.8</ele><time>2026-10-01T14:39:53.000Z</time></trkpt><trkpt lat="-20.178148868878345" lon="57.5017984378787"><ele>160.2</ele><time>2026-10-01T14:39:54.000Z</time></trkpt><trkpt lat="-20.178144468878255" lon="57.50180803787871"><ele>160.2</ele><time>2026-10-01T14:39:55.000Z</time></trkpt><trkpt lat="-20.17814096887819" lon="57.50181867121209"><ele>160.2</ele><time>2026-10-01T14:39:56.000Z</time></trkpt><trkpt lat="-20.17813820221149" lon="57.50182927121223"><ele>160.2</ele><time>2026-10-01T14:39:57.000Z</time></trkpt><trkpt lat="-20.17813586887811" lon="57.50184093787891"><ele>160.2</ele><time>2026-10-01T14:39:58.000Z</time></trkpt><trkpt lat="-20.178133535544728" lon="57.501852371212216"><ele>159.7</ele><time>2026-10-01T14:39:59.000Z</time></trkpt><trkpt lat="-20.17813103554469" lon="57.50186330454558"><ele>159.7</ele><time>2026-10-01T14:40:00.000Z</time></trkpt><trkpt lat="-20.17812803554463" lon="57.50187330454558"><ele>159.7</ele><time>2026-10-01T14:40:01.000Z</time></trkpt><trkpt lat="-20.17812523554454" lon="57.501883171212285"><ele>159.7</ele><time>2026-10-01T14:40:02.000Z</time></trkpt><trkpt lat="-20.17812270221112" lon="57.50189297121243"><ele>159.7</ele><time>2026-10-01T14:40:03.000Z</time></trkpt><trkpt lat="-20.178119035544306" lon="57.50190223787922"><ele>159.4</ele><time>2026-10-01T14:40:04.000Z</time></trkpt><trkpt lat="-20.178115002210816" lon="57.501911104546025"><ele>159.4</ele><time>2026-10-01T14:40:05.000Z</time></trkpt><trkpt lat="-20.178110568877322" lon="57.501920337879596"><ele>159.4</ele><time>2026-10-01T14:40:06.000Z</time></trkpt><trkpt lat="-20.17810586887716" lon="57.50192993787969"><ele>159.4</ele><time>2026-10-01T14:40:07.000Z</time></trkpt><trkpt lat="-20.178100735543676" lon="57.50193973787979"><ele>159.4</ele><time>2026-10-01T14:40:08.000Z</time></trkpt><trkpt lat="-20.17809606887689" lon="57.501951271213315"><ele>158.6</ele><time>2026-10-01T14:40:09.000Z</time></trkpt><trkpt lat="-20.178091735543436" lon="57.50196323788019"><ele>158.6</ele><time>2026-10-01T14:40:10.000Z</time></trkpt><trkpt lat="-20.178086968876716" lon="57.50197557121371"><ele>158.6</ele><time>2026-10-01T14:40:11.000Z</time></trkpt><trkpt lat="-20.178081535543328" lon="57.501988271214074"><ele>158.6</ele><time>2026-10-01T14:40:12.000Z</time></trkpt><trkpt lat="-20.17807590220991" lon="57.50200103788103"><ele>158.6</ele><time>2026-10-01T14:40:13.000Z</time></trkpt><trkpt lat="-20.17807046887652" lon="57.50201307121455"><ele>157.6</ele><time>2026-10-01T14:40:14.000Z</time></trkpt><trkpt lat="-20.178064535543086" lon="57.5020254378813"><ele>157.6</ele><time>2026-10-01T14:40:15.000Z</time></trkpt><trkpt lat="-20.178059135542988" lon="57.502037437881356"><ele>157.6</ele><time>2026-10-01T14:40:16.000Z</time></trkpt><trkpt lat="-20.17805393554292" lon="57.50204927121466"><ele>157.6</ele><time>2026-10-01T14:40:17.000Z</time></trkpt><trkpt lat="-20.178049235542865" lon="57.50206060454807"><ele>157.6</ele><time>2026-10-01T14:40:18.000Z</time></trkpt><trkpt lat="-20.178044168876188" lon="57.50207123788151"><ele>157.1</ele><time>2026-10-01T14:40:19.000Z</time></trkpt><trkpt lat="-20.178038968876226" lon="57.50208120454831"><ele>157.1</ele><time>2026-10-01T14:40:20.000Z</time></trkpt><trkpt lat="-20.178033568876238" lon="57.50209107121494"><ele>157.1</ele><time>2026-10-01T14:40:21.000Z</time></trkpt><trkpt lat="-20.178028502209557" lon="57.50210100454817"><ele>157.1</ele><time>2026-10-01T14:40:22.000Z</time></trkpt><trkpt lat="-20.17802296887618" lon="57.50211113788133"><ele>157.1</ele><time>2026-10-01T14:40:23.000Z</time></trkpt><trkpt lat="-20.178017568876083" lon="57.50212173788113"><ele>156.2</ele><time>2026-10-01T14:40:24.000Z</time></trkpt><trkpt lat="-20.178012335542697" lon="57.502132204547664"><ele>156.2</ele><time>2026-10-01T14:40:25.000Z</time></trkpt><trkpt lat="-20.178007502209304" lon="57.50214310454758"><ele>156.2</ele><time>2026-10-01T14:40:26.000Z</time></trkpt><trkpt lat="-20.178002902209265" lon="57.502153371214206"><ele>156.2</ele><time>2026-10-01T14:40:27.000Z</time></trkpt><trkpt lat="-20.177998202209267" lon="57.50216360454747"><ele>156.2</ele><time>2026-10-01T14:40:28.000Z</time></trkpt><trkpt lat="-20.17799336887599" lon="57.502173704547396"><ele>155.4</ele><time>2026-10-01T14:40:29.000Z</time></trkpt><trkpt lat="-20.177988102209333" lon="57.50218403788064"><ele>155.4</ele><time>2026-10-01T14:40:30.000Z</time></trkpt><trkpt lat="-20.177982902209315" lon="57.502193871213954"><ele>155.4</ele><time>2026-10-01T14:40:31.000Z</time></trkpt><trkpt lat="-20.177977168875966" lon="57.50220410454729"><ele>155.4</ele><time>2026-10-01T14:40:32.000Z</time></trkpt><trkpt lat="-20.177971302209226" lon="57.50221400454736"><ele>155.4</ele><time>2026-10-01T14:40:33.000Z</time></trkpt><trkpt lat="-20.17796603554246" lon="57.502223804547455"><ele>155.0</ele><time>2026-10-01T14:40:34.000Z</time></trkpt><trkpt lat="-20.17796086887566" lon="57.50223380454761"><ele>155.0</ele><time>2026-10-01T14:40:35.000Z</time></trkpt><trkpt lat="-20.17795480220884" lon="57.502243904547846"><ele>155.0</ele><time>2026-10-01T14:40:36.000Z</time></trkpt><trkpt lat="-20.17794913554208" lon="57.50225397121466"><ele>155.0</ele><time>2026-10-01T14:40:37.000Z</time></trkpt><trkpt lat="-20.17794373554209" lon="57.5022647045482"><ele>155.0</ele><time>2026-10-01T14:40:38.000Z</time></trkpt><trkpt lat="-20.177938002208794" lon="57.50227580454837"><ele>154.1</ele><time>2026-10-01T14:40:39.000Z</time></trkpt><trkpt lat="-20.177932602208912" lon="57.502286537881886"><ele>154.1</ele><time>2026-10-01T14:40:40.000Z</time></trkpt><trkpt lat="-20.177927635542407" lon="57.502296937881944"><ele>154.1</ele><time>2026-10-01T14:40:41.000Z</time></trkpt><trkpt lat="-20.177921968875857" lon="57.50230733788212"><ele>154.1</ele><time>2026-10-01T14:40:42.000Z</time></trkpt><trkpt lat="-20.17791623554256" lon="57.50231773788229"><ele>154.1</ele><time>2026-10-01T14:40:43.000Z</time></trkpt><trkpt lat="-20.17791013554253" lon="57.502328704549164"><ele>153.3</ele><time>2026-10-01T14:40:44.000Z</time></trkpt><trkpt lat="-20.17790383554247" lon="57.502340204549384"><ele>153.3</ele><time>2026-10-01T14:40:45.000Z</time></trkpt><trkpt lat="-20.17789753554241" lon="57.50235177121628"><ele>153.3</ele><time>2026-10-01T14:40:46.000Z</time></trkpt><trkpt lat="-20.177892402209007" lon="57.502363304549775"><ele>153.3</ele><time>2026-10-01T14:40:47.000Z</time></trkpt><trkpt lat="-20.177887568875594" lon="57.50237420454981"><ele>153.3</ele><time>2026-10-01T14:40:48.000Z</time></trkpt><trkpt lat="-20.17788313554218" lon="57.502384037883246"><ele>152.9</ele><time>2026-10-01T14:40:49.000Z</time></trkpt><trkpt lat="-20.1778792355421" lon="57.50239310454997"><ele>152.9</ele><time>2026-10-01T14:40:50.000Z</time></trkpt><trkpt lat="-20.177875802208664" lon="57.50240197121673"><ele>152.9</ele><time>2026-10-01T14:40:51.000Z</time></trkpt><trkpt lat="-20.177871635541944" lon="57.50241020455019"><ele>152.9</ele><time>2026-10-01T14:40:52.000Z</time></trkpt><trkpt lat="-20.17786713554192" lon="57.502417804550326"><ele>152.9</ele><time>2026-10-01T14:40:53.000Z</time></trkpt><trkpt lat="-20.177863002208575" lon="57.502425604550396"><ele>152.2</ele><time>2026-10-01T14:40:54.000Z</time></trkpt><trkpt lat="-20.17785876887522" lon="57.5024338378838"><ele>152.2</ele><time>2026-10-01T14:40:55.000Z</time></trkpt><trkpt lat="-20.17785493554186" lon="57.502442437883836"><ele>152.2</ele><time>2026-10-01T14:40:56.000Z</time></trkpt><trkpt lat="-20.17785186887513" lon="57.502452071217235"><ele>152.2</ele><time>2026-10-01T14:40:57.000Z</time></trkpt><trkpt lat="-20.177848868875042" lon="57.50246357121741"><ele>152.2</ele><time>2026-10-01T14:40:58.000Z</time></trkpt><trkpt lat="-20.177845435541578" lon="57.50247550455104"><ele>151.4</ele><time>2026-10-01T14:40:59.000Z</time></trkpt><trkpt lat="-20.177841502208153" lon="57.50248797121808"><ele>151.4</ele><time>2026-10-01T14:41:00.000Z</time></trkpt><trkpt lat="-20.177836635541446" lon="57.50250037121841"><ele>151.4</ele><time>2026-10-01T14:41:01.000Z</time></trkpt><trkpt lat="-20.177830002207973" lon="57.50251400455211"><ele>151.4</ele><time>2026-10-01T14:41:02.000Z</time></trkpt><trkpt lat="-20.177823202207897" lon="57.50252737121893"><ele>151.4</ele><time>2026-10-01T14:41:03.000Z</time></trkpt><trkpt lat="-20.177816335541184" lon="57.502540904552255"><ele>151.0</ele><time>2026-10-01T14:41:04.000Z</time></trkpt><trkpt lat="-20.177808802207746" lon="57.50255313788548"><ele>151.0</ele><time>2026-10-01T14:41:05.000Z</time></trkpt><trkpt lat="-20.177801235540883" lon="57.502565437885565"><ele>151.0</ele><time>2026-10-01T14:41:06.000Z</time></trkpt><trkpt lat="-20.177794635540728" lon="57.502577304552304"><ele>151.0</ele><time>2026-10-01T14:41:07.000Z</time></trkpt><trkpt lat="-20.17778786887387" lon="57.502588371219076"><ele>151.0</ele><time>2026-10-01T14:41:08.000Z</time></trkpt><trkpt lat="-20.177781102207007" lon="57.50259923788585"><ele>150.2</ele><time>2026-10-01T14:41:09.000Z</time></trkpt><trkpt lat="-20.177775468873513" lon="57.50261103788606"><ele>150.2</ele><time>2026-10-01T14:41:10.000Z</time></trkpt><trkpt lat="-20.177769668873417" lon="57.50262263788619"><ele>150.2</ele><time>2026-10-01T14:41:11.000Z</time></trkpt><trkpt lat="-20.17776420220668" lon="57.50263257121958"><ele>150.2</ele><time>2026-10-01T14:41:12.000Z</time></trkpt><trkpt lat="-20.177759435539986" lon="57.502641971219724"><ele>150.2</ele><time>2026-10-01T14:41:13.000Z</time></trkpt><trkpt lat="-20.17775453554001" lon="57.50265133788655"><ele>149.3</ele><time>2026-10-01T14:41:14.000Z</time></trkpt><trkpt lat="-20.177749102206647" lon="57.502660271219995"><ele>149.3</ele><time>2026-10-01T14:41:15.000Z</time></trkpt><trkpt lat="-20.177743802206564" lon="57.502669871220135"><ele>149.3</ele><time>2026-10-01T14:41:16.000Z</time></trkpt><trkpt lat="-20.177737902206452" lon="57.50268117122022"><ele>149.3</ele><time>2026-10-01T14:41:17.000Z</time></trkpt><trkpt lat="-20.17773120220634" lon="57.50269337122027"><ele>149.3</ele><time>2026-10-01T14:41:18.000Z</time></trkpt><trkpt lat="-20.177724302206194" lon="57.50270537122044"><ele>148.9</ele><time>2026-10-01T14:41:19.000Z</time></trkpt><trkpt lat="-20.1777174688728" lon="57.502717704554"><ele>148.9</ele><time>2026-10-01T14:41:20.000Z</time></trkpt><trkpt lat="-20.177711068872778" lon="57.50272903788751"><ele>148.9</ele><time>2026-10-01T14:41:21.000Z</time></trkpt><trkpt lat="-20.17770560220615" lon="57.502739104554415"><ele>148.9</ele><time>2026-10-01T14:41:22.000Z</time></trkpt><trkpt lat="-20.177701168872815" lon="57.50274873788801"><ele>148.9</ele><time>2026-10-01T14:41:23.000Z</time></trkpt><trkpt lat="-20.177697502206165" lon="57.50275863788822"><ele>148.0</ele><time>2026-10-01T14:41:24.000Z</time></trkpt><trkpt lat="-20.17769403553944" lon="57.502768071221666"><ele>148.0</ele><time>2026-10-01T14:41:25.000Z</time></trkpt><trkpt lat="-20.177690402206004" lon="57.50277817122175"><ele>148.0</ele><time>2026-10-01T14:41:26.000Z</time></trkpt><trkpt lat="-20.177686202205912" lon="57.502788437888455"><ele>148.0</ele><time>2026-10-01T14:41:27.000Z</time></trkpt><trkpt lat="-20.177682102205832" lon="57.50279837122175"><ele>148.0</ele><time>2026-10-01T14:41:28.000Z</time></trkpt><trkpt lat="-20.17767663553899" lon="57.502809304554965"><ele>147.2</ele><time>2026-10-01T14:41:29.000Z</time></trkpt><trkpt lat="-20.177671202205467" lon="57.502820037888206"><ele>147.2</ele><time>2026-10-01T14:41:30.000Z</time></trkpt><trkpt lat="-20.177665235538605" lon="57.50283087122152"><ele>147.2</ele><time>2026-10-01T14:41:31.000Z</time></trkpt><trkpt lat="-20.17765910220504" lon="57.50284140455487"><ele>147.2</ele><time>2026-10-01T14:41:32.000Z</time></trkpt><trkpt lat="-20.17765230220486" lon="57.50285233788825"><ele>147.2</ele><time>2026-10-01T14:41:33.000Z</time></trkpt><trkpt lat="-20.17764613553808" lon="57.502861737888416"><ele>146.8</ele><time>2026-10-01T14:41:34.000Z</time></trkpt><trkpt lat="-20.17763933553801" lon="57.502872137888595"><ele>146.8</ele><time>2026-10-01T14:41:35.000Z</time></trkpt><trkpt lat="-20.17763313553802" lon="57.502882104555354"><ele>146.8</ele><time>2026-10-01T14:41:36.000Z</time></trkpt><trkpt lat="-20.17762723553802" lon="57.502892504555554"><ele>146.8</ele><time>2026-10-01T14:41:37.000Z</time></trkpt><trkpt lat="-20.17762116887131" lon="57.502902704555744"><ele>146.8</ele><time>2026-10-01T14:41:38.000Z</time></trkpt><trkpt lat="-20.177614868871252" lon="57.50291267122257"><ele>146.2</ele><time>2026-10-01T14:41:39.000Z</time></trkpt><trkpt lat="-20.177609102204524" lon="57.50292197122269"><ele>146.2</ele><time>2026-10-01T14:41:40.000Z</time></trkpt><trkpt lat="-20.177602868871105" lon="57.50293160455625"><ele>146.2</ele><time>2026-10-01T14:41:41.000Z</time></trkpt><trkpt lat="-20.1775963355377" lon="57.502941004556476"><ele>146.2</ele><time>2026-10-01T14:41:42.000Z</time></trkpt><trkpt lat="-20.177590002204322" lon="57.502949904556715"><ele>146.2</ele><time>2026-10-01T14:41:43.000Z</time></trkpt><trkpt lat="-20.177583868870972" lon="57.50295900455692"><ele>145.7</ele><time>2026-10-01T14:41:44.000Z</time></trkpt><trkpt lat="-20.17757763553766" lon="57.50296750455715"><ele>145.7</ele><time>2026-10-01T14:41:45.000Z</time></trkpt><trkpt lat="-20.177571568870952" lon="57.50297497122402"><ele>145.7</ele><time>2026-10-01T14:41:46.000Z</time></trkpt><trkpt lat="-20.177565802204228" lon="57.50298180455742"><ele>145.7</ele><time>2026-10-01T14:41:47.000Z</time></trkpt><trkpt lat="-20.177559835537476" lon="57.50298890455747"><ele>145.7</ele><time>2026-10-01T14:41:48.000Z</time></trkpt><trkpt lat="-20.177553868870724" lon="57.50299613789086"><ele>145.5</ele><time>2026-10-01T14:41:49.000Z</time></trkpt><trkpt lat="-20.17754763553731" lon="57.503003971224224"><ele>145.5</ele><time>2026-10-01T14:41:50.000Z</time></trkpt><trkpt lat="-20.177541935537278" lon="57.50301267122427"><ele>145.5</ele><time>2026-10-01T14:41:51.000Z</time></trkpt><trkpt lat="-20.17753616887061" lon="57.50302153789098"><ele>145.5</ele><time>2026-10-01T14:41:52.000Z</time></trkpt><trkpt lat="-20.177531035537285" lon="57.50303047122439"><ele>145.5</ele><time>2026-10-01T14:41:53.000Z</time></trkpt><trkpt lat="-20.177526202203953" lon="57.50303893789114"><ele>144.9</ele><time>2026-10-01T14:41:54.000Z</time></trkpt><trkpt lat="-20.177521735537248" lon="57.50304823789129"><ele>144.9</ele><time>2026-10-01T14:41:55.000Z</time></trkpt><trkpt lat="-20.177516168870493" lon="57.50305687122475"><ele>144.9</ele><time>2026-10-01T14:41:56.000Z</time></trkpt><trkpt lat="-20.1775102022038" lon="57.503065537891544"><ele>144.9</ele><time>2026-10-01T14:41:57.000Z</time></trkpt><trkpt lat="-20.17750376887046" lon="57.503073937891656"><ele>144.9</ele><time>2026-10-01T14:41:58.000Z</time></trkpt><trkpt lat="-20.17749716887041" lon="57.50308250455838"><ele>144.4</ele><time>2026-10-01T14:41:59.000Z</time></trkpt><trkpt lat="-20.177490135536992" lon="57.50309033789176"><ele>144.4</ele><time>2026-10-01T14:42:00.000Z</time></trkpt><trkpt lat="-20.177484235536934" lon="57.503098771225005"><ele>144.4</ele><time>2026-10-01T14:42:01.000Z</time></trkpt><trkpt lat="-20.177478768870145" lon="57.50310713789166"><ele>144.4</ele><time>2026-10-01T14:42:02.000Z</time></trkpt><trkpt lat="-20.177473035536686" lon="57.50311583789168"><ele>144.4</ele><time>2026-10-01T14:42:03.000Z</time></trkpt><trkpt lat="-20.17746700220324" lon="57.50312510455849"><ele>144.1</ele><time>2026-10-01T14:42:04.000Z</time></trkpt><trkpt lat="-20.17746146886981" lon="57.50313440455864"><ele>144.1</ele><time>2026-10-01T14:42:05.000Z</time></trkpt><trkpt lat="-20.177455368869673" lon="57.503143804559"><ele>144.1</ele><time>2026-10-01T14:42:06.000Z</time></trkpt><trkpt lat="-20.177449068869507" lon="57.50315323789266"><ele>144.1</ele><time>2026-10-01T14:42:07.000Z</time></trkpt><trkpt lat="-20.177443268869247" lon="57.50316303789299"><ele>144.1</ele><time>2026-10-01T14:42:08.000Z</time></trkpt><trkpt lat="-20.17743836886901" lon="57.50317280455979"><ele>143.6</ele><time>2026-10-01T14:42:09.000Z</time></trkpt><trkpt lat="-20.177433802202128" lon="57.50318230455995"><ele>143.6</ele><time>2026-10-01T14:42:10.000Z</time></trkpt><trkpt lat="-20.177429535535342" lon="57.5031917378933"><ele>143.6</ele><time>2026-10-01T14:42:11.000Z</time></trkpt><trkpt lat="-20.1774253355353" lon="57.50320177122675"><ele>143.6</ele><time>2026-10-01T14:42:12.000Z</time></trkpt><trkpt lat="-20.17742130220197" lon="57.503211571226835"><ele>143.6</ele><time>2026-10-01T14:42:13.000Z</time></trkpt><trkpt lat="-20.177417168868676" lon="57.503220804560314"><ele>143.2</ele><time>2026-10-01T14:42:14.000Z</time></trkpt><trkpt lat="-20.177412902202047" lon="57.503229904560364"><ele>143.2</ele><time>2026-10-01T14:42:15.000Z</time></trkpt><trkpt lat="-20.177408302202007" lon="57.50323903789372"><ele>143.2</ele><time>2026-10-01T14:42:16.000Z</time></trkpt><trkpt lat="-20.177403602201903" lon="57.50324777122704"><ele>143.2</ele><time>2026-10-01T14:42:17.000Z</time></trkpt><trkpt lat="-20.17739820220175" lon="57.50325637122698"><ele>143.2</ele><time>2026-10-01T14:42:18.000Z</time></trkpt><trkpt lat="-20.17739200220155" lon="57.503265337893694"><ele>142.9</ele><time>2026-10-01T14:42:19.000Z</time></trkpt><trkpt lat="-20.177385668868062" lon="57.50327493789369"><ele>142.9</ele><time>2026-10-01T14:42:20.000Z</time></trkpt><trkpt lat="-20.177379902201285" lon="57.50328447122704"><ele>142.9</ele><time>2026-10-01T14:42:21.000Z</time></trkpt><trkpt lat="-20.177374468867917" lon="57.50329480456037"><ele>142.9</ele><time>2026-10-01T14:42:22.000Z</time></trkpt><trkpt lat="-20.17736923553458" lon="57.503305871227"><ele>142.9</ele><time>2026-10-01T14:42:23.000Z</time></trkpt><trkpt lat="-20.177364302201234" lon="57.50331723789368"><ele>142.4</ele><time>2026-10-01T14:42:24.000Z</time></trkpt><trkpt lat="-20.17735916886786" lon="57.503329237893865"><ele>142.4</ele><time>2026-10-01T14:42:25.000Z</time></trkpt><trkpt lat="-20.177353702201124" lon="57.50334140456069"><ele>142.4</ele><time>2026-10-01T14:42:26.000Z</time></trkpt><trkpt lat="-20.177347968867725" lon="57.50335313789426"><ele>142.4</ele><time>2026-10-01T14:42:27.000Z</time></trkpt><trkpt lat="-20.1773426688677" lon="57.50336493789452"><ele>142.4</ele><time>2026-10-01T14:42:28.000Z</time></trkpt><trkpt lat="-20.177337068867683" lon="57.503376971228036"><ele>141.9</ele><time>2026-10-01T14:42:29.000Z</time></trkpt><trkpt lat="-20.17733193553431" lon="57.5033883378949"><ele>141.9</ele><time>2026-10-01T14:42:30.000Z</time></trkpt><trkpt lat="-20.1773270688676" lon="57.50339990456191"><ele>141.9</ele><time>2026-10-01T14:42:31.000Z</time></trkpt><trkpt lat="-20.177322668867532" lon="57.50341130456211"><ele>141.9</ele><time>2026-10-01T14:42:32.000Z</time></trkpt><trkpt lat="-20.177318202200826" lon="57.503422437895686"><ele>141.9</ele><time>2026-10-01T14:42:33.000Z</time></trkpt><trkpt lat="-20.177314068867535" lon="57.503433537895816"><ele>141.7</ele><time>2026-10-01T14:42:34.000Z</time></trkpt><trkpt lat="-20.17730973553427" lon="57.50344443789586"><ele>141.7</ele><time>2026-10-01T14:42:35.000Z</time></trkpt><trkpt lat="-20.177304968867738" lon="57.503455371229144"><ele>141.7</ele><time>2026-10-01T14:42:36.000Z</time></trkpt><trkpt lat="-20.17729936886783" lon="57.50346670456239"><ele>141.7</ele><time>2026-10-01T14:42:37.000Z</time></trkpt><trkpt lat="-20.177293468867823" lon="57.503478604562346"><ele>141.7</ele><time>2026-10-01T14:42:38.000Z</time></trkpt><trkpt lat="-20.17728776886774" lon="57.50349030456232"><ele>141.4</ele><time>2026-10-01T14:42:39.000Z</time></trkpt><trkpt lat="-20.17728183553431" lon="57.5035025378957"><ele>141.4</ele><time>2026-10-01T14:42:40.000Z</time></trkpt><trkpt lat="-20.177276702200828" lon="57.50351413789569"><ele>141.4</ele><time>2026-10-01T14:42:41.000Z</time></trkpt><trkpt lat="-20.177272602200695" lon="57.503524937895826"><ele>141.4</ele><time>2026-10-01T14:42:42.000Z</time></trkpt><trkpt lat="-20.177269035533953" lon="57.503535104562545"><ele>141.4</ele><time>2026-10-01T14:42:43.000Z</time></trkpt><trkpt lat="-20.17726533553393" lon="57.503545537896116"><ele>140.9</ele><time>2026-10-01T14:42:44.000Z</time></trkpt><trkpt lat="-20.177261935533895" lon="57.50355530456295"><ele>140.9</ele><time>2026-10-01T14:42:45.000Z</time></trkpt><trkpt lat="-20.17725830220051" lon="57.50356540456321"><ele>140.9</ele><time>2026-10-01T14:42:46.000Z</time></trkpt><trkpt lat="-20.177254735533793" lon="57.50357547123008"><ele>140.9</ele><time>2026-10-01T14:42:47.000Z</time></trkpt><trkpt lat="-20.177251502200413" lon="57.503584704563664"><ele>140.9</ele><time>2026-10-01T14:42:48.000Z</time></trkpt><trkpt lat="-20.17724840220031" lon="57.503593837897235"><ele>140.7</ele><time>2026-10-01T14:42:49.000Z</time></trkpt><trkpt lat="-20.177244835533507" lon="57.503603404564196"><ele>140.7</ele><time>2026-10-01T14:42:50.000Z</time></trkpt><trkpt lat="-20.177241335533402" lon="57.50361270456445"><ele>140.7</ele><time>2026-10-01T14:42:51.000Z</time></trkpt><trkpt lat="-20.177237668866617" lon="57.50362250456472"><ele>140.7</ele><time>2026-10-01T14:42:52.000Z</time></trkpt><trkpt lat="-20.177233935533167" lon="57.50363270456502"><ele>140.7</ele><time>2026-10-01T14:42:53.000Z</time></trkpt><trkpt lat="-20.177230835533088" lon="57.503641437898565"><ele>140.3</ele><time>2026-10-01T14:42:54.000Z</time></trkpt><trkpt lat="-20.177227502199663" lon="57.50365103789869"><ele>140.3</ele><time>2026-10-01T14:42:55.000Z</time></trkpt><trkpt lat="-20.17722383553288" lon="57.50366037123217"><ele>140.3</ele><time>2026-10-01T14:42:56.000Z</time></trkpt><trkpt lat="-20.17722000219944" lon="57.50367017123233"><ele>140.3</ele><time>2026-10-01T14:42:57.000Z</time></trkpt><trkpt lat="-20.17721600219935" lon="57.50368023789904"><ele>140.3</ele><time>2026-10-01T14:42:58.000Z</time></trkpt><trkpt lat="-20.177211102199216" lon="57.50369133789904"><ele>139.8</ele><time>2026-10-01T14:42:59.000Z</time></trkpt><trkpt lat="-20.17720640219911" lon="57.50370133789913"><ele>139.8</ele><time>2026-10-01T14:43:00.000Z</time></trkpt><trkpt lat="-20.17720166886574" lon="57.503711937899105"><ele>139.8</ele><time>2026-10-01T14:43:01.000Z</time></trkpt><trkpt lat="-20.177196902199046" lon="57.50372167123244"><ele>139.8</ele><time>2026-10-01T14:43:02.000Z</time></trkpt><trkpt lat="-20.17719136886567" lon="57.50373130456575"><ele>139.8</ele><time>2026-10-01T14:43:03.000Z</time></trkpt><trkpt lat="-20.177186402199005" lon="57.50374183789903"><ele>139.5</ele><time>2026-10-01T14:43:04.000Z</time></trkpt><trkpt lat="-20.177182668865697" lon="57.503752371232224"><ele>139.5</ele><time>2026-10-01T14:43:05.000Z</time></trkpt><trkpt lat="-20.17717923553233" lon="57.50376280456546"><ele>139.5</ele><time>2026-10-01T14:43:06.000Z</time></trkpt><trkpt lat="-20.177175668865573" lon="57.503773437898715"><ele>139.5</ele><time>2026-10-01T14:43:07.000Z</time></trkpt><trkpt lat="-20.177171902198786" lon="57.50378320456538"><ele>139.5</ele><time>2026-10-01T14:43:08.000Z</time></trkpt><trkpt lat="-20.17716836886532" lon="57.503792004565454"><ele>138.8</ele><time>2026-10-01T14:43:09.000Z</time></trkpt><trkpt lat="-20.17716463553184" lon="57.50380083789885"><ele>138.8</ele><time>2026-10-01T14:43:10.000Z</time></trkpt><trkpt lat="-20.177161202198377" lon="57.50380940456565"><ele>138.8</ele><time>2026-10-01T14:43:11.000Z</time></trkpt><trkpt lat="-20.17715796886494" lon="57.50381853789914"><ele>138.8</ele><time>2026-10-01T14:43:12.000Z</time></trkpt><trkpt lat="-20.177154802198142" lon="57.50382890456608"><ele>138.8</ele><time>2026-10-01T14:43:13.000Z</time></trkpt><trkpt lat="-20.177151202197997" lon="57.503839437899686"><ele>138.3</ele><time>2026-10-01T14:43:14.000Z</time></trkpt><trkpt lat="-20.177147235531173" lon="57.50385007123341"><ele>138.3</ele><time>2026-10-01T14:43:15.000Z</time></trkpt><trkpt lat="-20.177142002197677" lon="57.50386170456701"><ele>138.3</ele><time>2026-10-01T14:43:16.000Z</time></trkpt><trkpt lat="-20.177136602197578" lon="57.50387327123383"><ele>138.3</ele><time>2026-10-01T14:43:17.000Z</time></trkpt><trkpt lat="-20.177131435530832" lon="57.50388473790057"><ele>138.3</ele><time>2026-10-01T14:43:18.000Z</time></trkpt><trkpt lat="-20.177125835530763" lon="57.50389673790066"><ele>138.1</ele><time>2026-10-01T14:43:19.000Z</time></trkpt><trkpt lat="-20.177120535530705" lon="57.50390923790074"><ele>138.1</ele><time>2026-10-01T14:43:20.000Z</time></trkpt><trkpt lat="-20.177115802197303" lon="57.503921071234195"><ele>138.1</ele><time>2026-10-01T14:43:21.000Z</time></trkpt><trkpt lat="-20.17711140219721" lon="57.50393263790094"><ele>138.1</ele><time>2026-10-01T14:43:22.000Z</time></trkpt><trkpt lat="-20.177107902197157" lon="57.5039440045676"><ele>138.1</ele><time>2026-10-01T14:43:23.000Z</time></trkpt><trkpt lat="-20.177105068863774" lon="57.5039548045675"><ele>137.5</ele><time>2026-10-01T14:43:24.000Z</time></trkpt><trkpt lat="-20.17710113553043" lon="57.503965471234"><ele>137.5</ele><time>2026-10-01T14:43:25.000Z</time></trkpt><trkpt lat="-20.177098102197117" lon="57.50397633790067"><ele>137.5</ele><time>2026-10-01T14:43:26.000Z</time></trkpt><trkpt lat="-20.177094835530454" lon="57.50398753790074"><ele>137.5</ele><time>2026-10-01T14:43:27.000Z</time></trkpt><trkpt lat="-20.177091068863803" lon="57.50399950456767"><ele>137.5</ele><time>2026-10-01T14:43:28.000Z</time></trkpt><trkpt lat="-20.177087468863807" lon="57.50401187123454"><ele>136.9</ele><time>2026-10-01T14:43:29.000Z</time></trkpt><trkpt lat="-20.177084168863797" lon="57.50402413790147"><ele>136.9</ele><time>2026-10-01T14:43:30.000Z</time></trkpt><trkpt lat="-20.1770800355304" lon="57.504036571235055"><ele>136.9</ele><time>2026-10-01T14:43:31.000Z</time></trkpt><trkpt lat="-20.17707553553037" lon="57.504048904568684"><ele>136.9</ele><time>2026-10-01T14:43:32.000Z</time></trkpt><trkpt lat="-20.177070735530357" lon="57.504061371235515"><ele>136.9</ele><time>2026-10-01T14:43:33.000Z</time></trkpt><trkpt lat="-20.177065568863718" lon="57.50407417123576"><ele>136.6</ele><time>2026-10-01T14:43:34.000Z</time></trkpt><trkpt lat="-20.17706066886374" lon="57.50408697123605"><ele>136.6</ele><time>2026-10-01T14:43:35.000Z</time></trkpt><trkpt lat="-20.177055668863808" lon="57.504099637902826"><ele>136.6</ele><time>2026-10-01T14:43:36.000Z</time></trkpt><trkpt lat="-20.177050968863806" lon="57.50411243790281"><ele>136.6</ele><time>2026-10-01T14:43:37.000Z</time></trkpt><trkpt lat="-20.17704716886377" lon="57.50412350456943"><ele>136.6</ele><time>2026-10-01T14:43:38.000Z</time></trkpt><trkpt lat="-20.177043535530384" lon="57.50413403790276"><ele>136.0</ele><time>2026-10-01T14:43:39.000Z</time></trkpt><trkpt lat="-20.17704080219699" lon="57.50414457123604"><ele>136.0</ele><time>2026-10-01T14:43:40.000Z</time></trkpt><trkpt lat="-20.177038935530277" lon="57.50415513790286"><ele>136.0</ele><time>2026-10-01T14:43:41.000Z</time></trkpt><trkpt lat="-20.177037535530257" lon="57.50416567123648"><ele>136.0</ele><time>2026-10-01T14:43:42.000Z</time></trkpt><trkpt lat="-20.177036335530254" lon="57.504177271236834"><ele>136.0</ele><time>2026-10-01T14:43:43.000Z</time></trkpt><trkpt lat="-20.177035402196918" lon="57.5041896712372"><ele>135.4</ele><time>2026-10-01T14:43:44.000Z</time></trkpt><trkpt lat="-20.177034702196927" lon="57.504202104570766"><ele>135.4</ele><time>2026-10-01T14:43:45.000Z</time></trkpt><trkpt lat="-20.177034202196943" lon="57.50421433790414"><ele>135.4</ele><time>2026-10-01T14:43:46.000Z</time></trkpt><trkpt lat="-20.177033935530286" lon="57.504226371237564"><ele>135.4</ele><time>2026-10-01T14:43:47.000Z</time></trkpt><trkpt lat="-20.177033868863635" lon="57.50423867123767"><ele>135.4</ele><time>2026-10-01T14:43:48.000Z</time></trkpt><trkpt lat="-20.17703443553033" lon="57.504250471237654"><ele>135.0</ele><time>2026-10-01T14:43:49.000Z</time></trkpt><trkpt lat="-20.177035168863704" lon="57.50426297123771"><ele>135.0</ele><time>2026-10-01T14:43:50.000Z</time></trkpt><trkpt lat="-20.1770354355304" lon="57.50427597123794"><ele>135.0</ele><time>2026-10-01T14:43:51.000Z</time></trkpt><trkpt lat="-20.177036668863764" lon="57.504289471238074"><ele>135.0</ele><time>2026-10-01T14:43:52.000Z</time></trkpt><trkpt lat="-20.177038935530515" lon="57.50430357123829"><ele>135.0</ele><time>2026-10-01T14:43:53.000Z</time></trkpt><trkpt lat="-20.17704186886388" lon="57.50431783790532"><ele>134.2</ele><time>2026-10-01T14:43:54.000Z</time></trkpt><trkpt lat="-20.177045235530517" lon="57.50433133790576"><ele>134.2</ele><time>2026-10-01T14:43:55.000Z</time></trkpt><trkpt lat="-20.177050035530534" lon="57.504344604572815"><ele>134.2</ele><time>2026-10-01T14:43:56.000Z</time></trkpt><trkpt lat="-20.177055002197257" lon="57.504357537906515"><ele>134.2</ele><time>2026-10-01T14:43:57.000Z</time></trkpt><trkpt lat="-20.177059835530592" lon="57.504369304573416"><ele>134.2</ele><time>2026-10-01T14:43:58.000Z</time></trkpt><trkpt lat="-20.17706470219735" lon="57.50438050457369"><ele>133.5</ele><time>2026-10-01T14:43:59.000Z</time></trkpt><trkpt lat="-20.177069335530817" lon="57.50439147124062"><ele>133.5</ele><time>2026-10-01T14:44:00.000Z</time></trkpt><trkpt lat="-20.177073868864216" lon="57.504402471240766"><ele>133.5</ele><time>2026-10-01T14:44:01.000Z</time></trkpt><trkpt lat="-20.177078368864294" lon="57.50441313790767"><ele>133.5</ele><time>2026-10-01T14:44:02.000Z</time></trkpt><trkpt lat="-20.177082535531063" lon="57.5044238712412"><ele>133.5</ele><time>2026-10-01T14:44:03.000Z</time></trkpt><trkpt lat="-20.177086102197784" lon="57.504434171241314"><ele>133.1</ele><time>2026-10-01T14:44:04.000Z</time></trkpt><trkpt lat="-20.17708960219786" lon="57.50444430457473"><ele>133.1</ele><time>2026-10-01T14:44:05.000Z</time></trkpt><trkpt lat="-20.17709273553131" lon="57.50445413790834"><ele>133.1</ele><time>2026-10-01T14:44:06.000Z</time></trkpt><trkpt lat="-20.177095768864696" lon="57.504464537908596"><ele>133.1</ele><time>2026-10-01T14:44:07.000Z</time></trkpt><trkpt lat="-20.177098868864714" lon="57.50447453790895"><ele>133.1</ele><time>2026-10-01T14:44:08.000Z</time></trkpt><trkpt lat="-20.17710170219807" lon="57.50448540457605"><ele>132.4</ele><time>2026-10-01T14:44:09.000Z</time></trkpt><trkpt lat="-20.177105068864705" lon="57.50449663790981"><ele>132.4</ele><time>2026-10-01T14:44:10.000Z</time></trkpt><trkpt lat="-20.177108535531353" lon="57.50450817124347"><ele>132.4</ele><time>2026-10-01T14:44:11.000Z</time></trkpt><trkpt lat="-20.17711153553136" lon="57.504519071243635"><ele>132.4</ele><time>2026-10-01T14:44:12.000Z</time></trkpt><trkpt lat="-20.177114635531332" lon="57.50453030457705"><ele>132.4</ele><time>2026-10-01T14:44:13.000Z</time></trkpt><trkpt lat="-20.177118468864634" lon="57.504541237910345"><ele>131.7</ele><time>2026-10-01T14:44:14.000Z</time></trkpt><trkpt lat="-20.1771222355313" lon="57.50455180457694"><ele>131.7</ele><time>2026-10-01T14:44:15.000Z</time></trkpt><trkpt lat="-20.177126602197994" lon="57.504562404576916"><ele>131.7</ele><time>2026-10-01T14:44:16.000Z</time></trkpt><trkpt lat="-20.17713143553133" lon="57.50457327124358"><ele>131.7</ele><time>2026-10-01T14:44:17.000Z</time></trkpt><trkpt lat="-20.17713613553138" lon="57.50458433791035"><ele>131.7</ele><time>2026-10-01T14:44:18.000Z</time></trkpt><trkpt lat="-20.177140802198114" lon="57.50459510457716"><ele>131.4</ele><time>2026-10-01T14:44:19.000Z</time></trkpt><trkpt lat="-20.17714540219821" lon="57.504606237910615"><ele>131.4</ele><time>2026-10-01T14:44:20.000Z</time></trkpt><trkpt lat="-20.177149168864926" lon="57.5046167045774"><ele>131.4</ele><time>2026-10-01T14:44:21.000Z</time></trkpt><trkpt lat="-20.17715253553167" lon="57.50462680457764"><ele>131.4</ele><time>2026-10-01T14:44:22.000Z</time></trkpt><trkpt lat="-20.177156168865082" lon="57.504636871244585"><ele>131.4</ele><time>2026-10-01T14:44:23.000Z</time></trkpt><trkpt lat="-20.17716023553187" lon="57.504647671244854"><ele>130.8</ele><time>2026-10-01T14:44:24.000Z</time></trkpt><trkpt lat="-20.17716486886531" lon="57.504658937911756"><ele>130.8</ele><time>2026-10-01T14:44:25.000Z</time></trkpt><trkpt lat="-20.177170835532145" lon="57.50467077124521"><ele>130.8</ele><time>2026-10-01T14:44:26.000Z</time></trkpt><trkpt lat="-20.17717710219899" lon="57.50468287124529"><ele>130.8</ele><time>2026-10-01T14:44:27.000Z</time></trkpt><trkpt lat="-20.17718296886583" lon="57.504695104578595"><ele>130.8</ele><time>2026-10-01T14:44:28.000Z</time></trkpt><trkpt lat="-20.177189002199274" lon="57.504706937911955"><ele>130.1</ele><time>2026-10-01T14:44:29.000Z</time></trkpt><trkpt lat="-20.177194802199374" lon="57.504717871245305"><ele>130.1</ele><time>2026-10-01T14:44:30.000Z</time></trkpt><trkpt lat="-20.17719976886604" lon="57.50472887124552"><ele>130.1</ele><time>2026-10-01T14:44:31.000Z</time></trkpt><trkpt lat="-20.177205435532642" lon="57.50474013791237"><ele>130.1</ele><time>2026-10-01T14:44:32.000Z</time></trkpt><trkpt lat="-20.177211702199276" lon="57.50475130457922"><ele>130.1</ele><time>2026-10-01T14:44:33.000Z</time></trkpt><trkpt lat="-20.177217168865905" lon="57.5047629712461"><ele>129.8</ele><time>2026-10-01T14:44:34.000Z</time></trkpt><trkpt lat="-20.177222368865866" lon="57.50477513791302"><ele>129.8</ele><time>2026-10-01T14:44:35.000Z</time></trkpt><trkpt lat="-20.177227668865896" lon="57.504786704579864"><ele>129.8</ele><time>2026-10-01T14:44:36.000Z</time></trkpt><trkpt lat="-20.177232468866016" lon="57.50479787124679"><ele>129.8</ele><time>2026-10-01T14:44:37.000Z</time></trkpt><trkpt lat="-20.17723726886614" lon="57.504808971247165"><ele>129.8</ele><time>2026-10-01T14:44:38.000Z</time></trkpt><trkpt lat="-20.177242502199636" lon="57.50482017124749"><ele>129.2</ele><time>2026-10-01T14:44:39.000Z</time></trkpt><trkpt lat="-20.177247668866492" lon="57.504831237914445"><ele>129.2</ele><time>2026-10-01T14:44:40.000Z</time></trkpt><trkpt lat="-20.177253002199947" lon="57.50484277124807"><ele>129.2</ele><time>2026-10-01T14:44:41.000Z</time></trkpt><trkpt lat="-20.177258702200028" lon="57.50485463791487"><ele>129.2</ele><time>2026-10-01T14:44:42.000Z</time></trkpt><trkpt lat="-20.177264468866753" lon="57.50486690458156"><ele>129.2</ele><time>2026-10-01T14:44:43.000Z</time></trkpt><trkpt lat="-20.177270435533504" lon="57.504878004581585"><ele>128.5</ele><time>2026-10-01T14:44:44.000Z</time></trkpt><trkpt lat="-20.177276502200215" lon="57.50488873791494"><ele>128.5</ele><time>2026-10-01T14:44:45.000Z</time></trkpt><trkpt lat="-20.177282235533617" lon="57.50489910458161"><ele>128.5</ele><time>2026-10-01T14:44:46.000Z</time></trkpt><trkpt lat="-20.177287668867034" lon="57.5049093045818"><ele>128.5</ele><time>2026-10-01T14:44:47.000Z</time></trkpt><trkpt lat="-20.177292602200435" lon="57.504919237915296"><ele>128.5</ele><time>2026-10-01T14:44:48.000Z</time></trkpt><trkpt lat="-20.177297368867126" lon="57.50492977124876"><ele>128.1</ele><time>2026-10-01T14:44:49.000Z</time></trkpt><trkpt lat="-20.177301902200526" lon="57.50494053791566"><ele>128.1</ele><time>2026-10-01T14:44:50.000Z</time></trkpt><trkpt lat="-20.177306602200634" lon="57.50495120458248"><ele>128.1</ele><time>2026-10-01T14:44:51.000Z</time></trkpt><trkpt lat="-20.17731146886734" lon="57.504961937915866"><ele>128.1</ele><time>2026-10-01T14:44:52.000Z</time></trkpt><trkpt lat="-20.177316168867396" lon="57.50497267124937"><ele>128.1</ele><time>2026-10-01T14:44:53.000Z</time></trkpt><trkpt lat="-20.17732086886745" lon="57.50498360458281"><ele>127.4</ele><time>2026-10-01T14:44:54.000Z</time></trkpt><trkpt lat="-20.177325835534116" lon="57.50499477124951"><ele>127.4</ele><time>2026-10-01T14:44:55.000Z</time></trkpt><trkpt lat="-20.177330568867436" lon="57.505006171249576"><ele>127.4</ele><time>2026-10-01T14:44:56.000Z</time></trkpt><trkpt lat="-20.177335168867476" lon="57.50501650458294"><ele>127.4</ele><time>2026-10-01T14:44:57.000Z</time></trkpt><trkpt lat="-20.177340102200876" lon="57.50502687124951"><ele>127.4</ele><time>2026-10-01T14:44:58.000Z</time></trkpt><trkpt lat="-20.177344735534287" lon="57.505037171249555"><ele>127.0</ele><time>2026-10-01T14:44:59.000Z</time></trkpt><trkpt lat="-20.177349002201073" lon="57.505046904582926"><ele>127.0</ele><time>2026-10-01T14:45:00.000Z</time></trkpt><trkpt lat="-20.17735303553451" lon="57.50505653791631"><ele>127.0</ele><time>2026-10-01T14:45:01.000Z</time></trkpt><trkpt lat="-20.17735700220131" lon="57.50506680458314"><ele>127.0</ele><time>2026-10-01T14:45:02.000Z</time></trkpt><trkpt lat="-20.17736073553476" lon="57.50507700458331"><ele>127.0</ele><time>2026-10-01T14:45:03.000Z</time></trkpt><trkpt lat="-20.177364602201543" lon="57.50508667125005"><ele>126.8</ele><time>2026-10-01T14:45:04.000Z</time></trkpt><trkpt lat="-20.177368935535025" lon="57.50509697125013"><ele>126.8</ele><time>2026-10-01T14:45:05.000Z</time></trkpt><trkpt lat="-20.17737393553523" lon="57.50510730458363"><ele>126.8</ele><time>2026-10-01T14:45:06.000Z</time></trkpt><trkpt lat="-20.17737916886878" lon="57.505117404583714"><ele>126.8</ele><time>2026-10-01T14:45:07.000Z</time></trkpt><trkpt lat="-20.177384702202318" lon="57.50512717125048"><ele>126.8</ele><time>2026-10-01T14:45:08.000Z</time></trkpt><trkpt lat="-20.177389902202496" lon="57.50513633791726"><ele>126.4</ele><time>2026-10-01T14:45:09.000Z</time></trkpt><trkpt lat="-20.177394235535974" lon="57.505144237917406"><ele>126.4</ele><time>2026-10-01T14:45:10.000Z</time></trkpt><trkpt lat="-20.177398702202733" lon="57.5051519045841"><ele>126.4</ele><time>2026-10-01T14:45:11.000Z</time></trkpt><trkpt lat="-20.177403168869496" lon="57.505159637917515"><ele>126.4</ele><time>2026-10-01T14:45:12.000Z</time></trkpt><trkpt lat="-20.17740793553624" lon="57.50516700458424"><ele>126.4</ele><time>2026-10-01T14:45:13.000Z</time></trkpt><trkpt lat="-20.177412968869657" lon="57.50517497125098"><ele>126.0</ele><time>2026-10-01T14:45:14.000Z</time></trkpt><trkpt lat="-20.177419035536367" lon="57.50518353791766"><ele>126.0</ele><time>2026-10-01T14:45:15.000Z</time></trkpt><trkpt lat="-20.177425268869786" lon="57.50519157125109"><ele>126.0</ele><time>2026-10-01T14:45:16.000Z</time></trkpt><trkpt lat="-20.177432102203074" lon="57.505200137917896"><ele>126.0</ele><time>2026-10-01T14:45:17.000Z</time></trkpt><trkpt lat="-20.177438902203043" lon="57.50520860458469"><ele>126.0</ele><time>2026-10-01T14:45:18.000Z</time></trkpt><trkpt lat="-20.177446035536313" lon="57.505217271251425"><ele>125.9</ele><time>2026-10-01T14:45:19.000Z</time></trkpt><trkpt lat="-20.1774524688696" lon="57.50522617125148"><ele>125.9</ele><time>2026-10-01T14:45:20.000Z</time></trkpt><trkpt lat="-20.177458302202805" lon="57.505235737918085"><ele>125.9</ele><time>2026-10-01T14:45:21.000Z</time></trkpt><trkpt lat="-20.177463335536114" lon="57.50524500458463"><ele>125.9</ele><time>2026-10-01T14:45:22.000Z</time></trkpt><trkpt lat="-20.177468202202714" lon="57.505254871251324"><ele>125.9</ele><time>2026-10-01T14:45:23.000Z</time></trkpt><trkpt lat="-20.1774732022027" lon="57.50526437125145"><ele>125.5</ele><time>2026-10-01T14:45:24.000Z</time></trkpt><trkpt lat="-20.17747846886941" lon="57.50527370458501"><ele>125.5</ele><time>2026-10-01T14:45:25.000Z</time></trkpt><trkpt lat="-20.17748400220278" lon="57.50528283791864"><ele>125.5</ele><time>2026-10-01T14:45:26.000Z</time></trkpt><trkpt lat="-20.17748956886948" lon="57.50529247125225"><ele>125.5</ele><time>2026-10-01T14:45:27.000Z</time></trkpt><trkpt lat="-20.17749466886953" lon="57.50530197125247"><ele>125.5</ele><time>2026-10-01T14:45:28.000Z</time></trkpt><trkpt lat="-20.17749966886952" lon="57.50531177125271"><ele>125.0</ele><time>2026-10-01T14:45:29.000Z</time></trkpt><trkpt lat="-20.177505068869454" lon="57.50532163791954"><ele>125.0</ele><time>2026-10-01T14:45:30.000Z</time></trkpt><trkpt lat="-20.177510502202814" lon="57.50533210458643"><ele>125.0</ele><time>2026-10-01T14:45:31.000Z</time></trkpt><trkpt lat="-20.177516035536136" lon="57.50534213791997"><ele>125.0</ele><time>2026-10-01T14:45:32.000Z</time></trkpt><trkpt lat="-20.177522468869476" lon="57.50535220458676"><ele>125.0</ele><time>2026-10-01T14:45:33.000Z</time></trkpt><trkpt lat="-20.177529102202847" lon="57.50536230458689"><ele>124.8</ele><time>2026-10-01T14:45:34.000Z</time></trkpt><trkpt lat="-20.177535268869516" lon="57.50537177125373"><ele>124.8</ele><time>2026-10-01T14:45:35.000Z</time></trkpt><trkpt lat="-20.177541802202818" lon="57.505380871253976"><ele>124.8</ele><time>2026-10-01T14:45:36.000Z</time></trkpt><trkpt lat="-20.177548335536116" lon="57.50539003792096"><ele>124.8</ele><time>2026-10-01T14:45:37.000Z</time></trkpt><trkpt lat="-20.17755506886944" lon="57.50539863792123"><ele>124.8</ele><time>2026-10-01T14:45:38.000Z</time></trkpt><trkpt lat="-20.17756170220281" lon="57.50540667125482"><ele>124.4</ele><time>2026-10-01T14:45:39.000Z</time></trkpt><trkpt lat="-20.177568568869525" lon="57.505414171255026"><ele>124.4</ele><time>2026-10-01T14:45:40.000Z</time></trkpt><trkpt lat="-20.177574968869543" lon="57.50542083792177"><ele>124.4</ele><time>2026-10-01T14:45:41.000Z</time></trkpt><trkpt lat="-20.177581802202933" lon="57.505426704588515"><ele>124.4</ele><time>2026-10-01T14:45:42.000Z</time></trkpt><trkpt lat="-20.177587902202966" lon="57.50543280458866"><ele>124.4</ele><time>2026-10-01T14:45:43.000Z</time></trkpt><trkpt lat="-20.177593935536358" lon="57.50543967125536"><ele>124.0</ele><time>2026-10-01T14:45:44.000Z</time></trkpt><trkpt lat="-20.17759990220311" lon="57.50544723792207"><ele>124.0</ele><time>2026-10-01T14:45:45.000Z</time></trkpt><trkpt lat="-20.177606302203237" lon="57.50545527125549"><ele>124.0</ele><time>2026-10-01T14:45:46.000Z</time></trkpt><trkpt lat="-20.177612302203308" lon="57.50546360458888"><ele>124.0</ele><time>2026-10-01T14:45:47.000Z</time></trkpt><trkpt lat="-20.177618368870014" lon="57.50547247125561"><ele>124.0</ele><time>2026-10-01T14:45:48.000Z</time></trkpt><trkpt lat="-20.17762420220338" lon="57.50548143792231"><ele>123.9</ele><time>2026-10-01T14:45:49.000Z</time></trkpt><trkpt lat="-20.1776304355368" lon="57.50549093792243"><ele>123.9</ele><time>2026-10-01T14:45:50.000Z</time></trkpt><trkpt lat="-20.177636868870245" lon="57.50550110458914"><ele>123.9</ele><time>2026-10-01T14:45:51.000Z</time></trkpt><trkpt lat="-20.17764416887033" lon="57.50551180458916"><ele>123.9</ele><time>2026-10-01T14:45:52.000Z</time></trkpt><trkpt lat="-20.177651668870446" lon="57.50552253792239"><ele>123.9</ele><time>2026-10-01T14:45:53.000Z</time></trkpt><trkpt lat="-20.177659302203843" lon="57.50553300458908"><ele>123.5</ele><time>2026-10-01T14:45:54.000Z</time></trkpt><trkpt lat="-20.17766670220389" lon="57.50554343792239"><ele>123.5</ele><time>2026-10-01T14:45:55.000Z</time></trkpt><trkpt lat="-20.177673768870527" lon="57.505553304589036"><ele>123.5</ele><time>2026-10-01T14:45:56.000Z</time></trkpt><trkpt lat="-20.177680035537264" lon="57.50556330458913"><ele>123.5</ele><time>2026-10-01T14:45:57.000Z</time></trkpt><trkpt lat="-20.177686135537293" lon="57.50557330458944"><ele>123.5</ele><time>2026-10-01T14:45:58.000Z</time></trkpt><trkpt lat="-20.177692402204034" lon="57.505582604589655"><ele>123.1</ele><time>2026-10-01T14:45:59.000Z</time></trkpt><trkpt lat="-20.17769896887076" lon="57.50559200458984"><ele>123.1</ele><time>2026-10-01T14:46:00.000Z</time></trkpt><trkpt lat="-20.177705702204193" lon="57.50560213792346"><ele>123.1</ele><time>2026-10-01T14:46:01.000Z</time></trkpt><trkpt lat="-20.177712468870943" lon="57.50561200459036"><ele>123.1</ele><time>2026-10-01T14:46:02.000Z</time></trkpt><trkpt lat="-20.177719468871043" lon="57.50562160459053"><ele>123.1</ele><time>2026-10-01T14:46:03.000Z</time></trkpt><trkpt lat="-20.177726602204423" lon="57.505631771257484"><ele>122.9</ele><time>2026-10-01T14:46:04.000Z</time></trkpt><trkpt lat="-20.177733902204512" lon="57.505642004591074"><ele>122.9</ele><time>2026-10-01T14:46:05.000Z</time></trkpt><trkpt lat="-20.17774106887121" lon="57.505651937924576"><ele>122.9</ele><time>2026-10-01T14:46:06.000Z</time></trkpt><trkpt lat="-20.17774843553794" lon="57.505661937924685"><ele>122.9</ele><time>2026-10-01T14:46:07.000Z</time></trkpt><trkpt lat="-20.177755902204733" lon="57.50567170459142"><ele>122.9</ele><time>2026-10-01T14:46:08.000Z</time></trkpt><trkpt lat="-20.17776326887157" lon="57.505681571258"><ele>122.5</ele><time>2026-10-01T14:46:09.000Z</time></trkpt><trkpt lat="-20.177770302204994" lon="57.50569130459134"><ele>122.5</ele><time>2026-10-01T14:46:10.000Z</time></trkpt><trkpt lat="-20.177776868871824" lon="57.50570063792467"><ele>122.5</ele><time>2026-10-01T14:46:11.000Z</time></trkpt><trkpt lat="-20.177783068871925" lon="57.5057101379247"><ele>122.5</ele><time>2026-10-01T14:46:12.000Z</time></trkpt><trkpt lat="-20.177788902205286" lon="57.50571977125816"><ele>122.5</ele><time>2026-10-01T14:46:13.000Z</time></trkpt><trkpt lat="-20.17779476887197" lon="57.505729371258326"><ele>122.3</ele><time>2026-10-01T14:46:14.000Z</time></trkpt><trkpt lat="-20.177800535538694" lon="57.50573870459175"><ele>122.3</ele><time>2026-10-01T14:46:15.000Z</time></trkpt><trkpt lat="-20.177806635538722" lon="57.505748504591814"><ele>122.3</ele><time>2026-10-01T14:46:16.000Z</time></trkpt><trkpt lat="-20.177812968872104" lon="57.50575803792517"><ele>122.3</ele><time>2026-10-01T14:46:17.000Z</time></trkpt><trkpt lat="-20.17781956887215" lon="57.505767237925056"><ele>122.3</ele><time>2026-10-01T14:46:18.000Z</time></trkpt><trkpt lat="-20.17782600220549" lon="57.50577617125835"><ele>122.3</ele><time>2026-10-01T14:46:19.000Z</time></trkpt><trkpt lat="-20.177832602205427" lon="57.505785104591645"><ele>122.3</ele><time>2026-10-01T14:46:20.000Z</time></trkpt><trkpt lat="-20.17783890220538" lon="57.50579383792514"><ele>122.3</ele><time>2026-10-01T14:46:21.000Z</time></trkpt><trkpt lat="-20.177844802205385" lon="57.50580237125862"><ele>122.3</ele><time>2026-10-01T14:46:22.000Z</time></trkpt><trkpt lat="-20.177850668872072" lon="57.505811537925524"><ele>122.3</ele><time>2026-10-01T14:46:23.000Z</time></trkpt><trkpt lat="-20.17785686887217" lon="57.50582113792575"><ele>122.1</ele><time>2026-10-01T14:46:24.000Z</time></trkpt><trkpt lat="-20.177863368872362" lon="57.505830104592654"><ele>122.1</ele><time>2026-10-01T14:46:25.000Z</time></trkpt><trkpt lat="-20.177869902205877" lon="57.505838271259435"><ele>122.1</ele><time>2026-10-01T14:46:26.000Z</time></trkpt><trkpt lat="-20.17787683553934" lon="57.505846037926176"><ele>122.1</ele><time>2026-10-01T14:46:27.000Z</time></trkpt><trkpt lat="-20.17788366887284" lon="57.505853504592906"><ele>122.1</ele><time>2026-10-01T14:46:28.000Z</time></trkpt><trkpt lat="-20.177890468873024" lon="57.505860371259566"><ele>121.8</ele><time>2026-10-01T14:46:29.000Z</time></trkpt><trkpt lat="-20.17789760220651" lon="57.50586753792628"><ele>121.8</ele><time>2026-10-01T14:46:30.000Z</time></trkpt><trkpt lat="-20.17790583553999" lon="57.50587493792629"><ele>121.8</ele><time>2026-10-01T14:46:31.000Z</time></trkpt><trkpt lat="-20.177914302206815" lon="57.505882337926415"><ele>121.8</ele><time>2026-10-01T14:46:32.000Z</time></trkpt><trkpt lat="-20.17792306887363" lon="57.50588987125987"><ele>121.8</ele><time>2026-10-01T14:46:33.000Z</time></trkpt><trkpt lat="-20.17793186887376" lon="57.50589767126007"><ele>121.6</ele><time>2026-10-01T14:46:34.000Z</time></trkpt><trkpt lat="-20.177939568873903" lon="57.505905937926926"><ele>121.6</ele><time>2026-10-01T14:46:35.000Z</time></trkpt><trkpt lat="-20.177946468874044" lon="57.505915037927274"><ele>121.6</ele><time>2026-10-01T14:46:36.000Z</time></trkpt><trkpt lat="-20.17795313554084" lon="57.505924304594274"><ele>121.6</ele><time>2026-10-01T14:46:37.000Z</time></trkpt><trkpt lat="-20.177960368874395" lon="57.505932937927945"><ele>121.6</ele><time>2026-10-01T14:46:38.000Z</time></trkpt><trkpt lat="-20.177967168874574" lon="57.50594087126158"><ele>121.4</ele><time>2026-10-01T14:46:39.000Z</time></trkpt><trkpt lat="-20.177974735541437" lon="57.50594870459516"><ele>121.4</ele><time>2026-10-01T14:46:40.000Z</time></trkpt><trkpt lat="-20.177982568874967" lon="57.50595603792863"><ele>121.4</ele><time>2026-10-01T14:46:41.000Z</time></trkpt><trkpt lat="-20.177990535541884" lon="57.50596333792873"><ele>121.4</ele><time>2026-10-01T14:46:42.000Z</time></trkpt><trkpt lat="-20.177998035541997" lon="57.50597123792886"><ele>121.4</ele><time>2026-10-01T14:46:43.000Z</time></trkpt><trkpt lat="-20.178005668875503" lon="57.50597937126231"><ele>121.2</ele><time>2026-10-01T14:46:44.000Z</time></trkpt><trkpt lat="-20.178013135542294" lon="57.50598713792916"><ele>121.2</ele><time>2026-10-01T14:46:45.000Z</time></trkpt><trkpt lat="-20.178020402209064" lon="57.505994171262685"><ele>121.2</ele><time>2026-10-01T14:46:46.000Z</time></trkpt><trkpt lat="-20.17802790220918" lon="57.50600133792949"><ele>121.2</ele><time>2026-10-01T14:46:47.000Z</time></trkpt><trkpt lat="-20.178035235542694" lon="57.506008437929516"><ele>121.2</ele><time>2026-10-01T14:46:48.000Z</time></trkpt><trkpt lat="-20.17804290220952" lon="57.50601580459626"><ele>121.1</ele><time>2026-10-01T14:46:49.000Z</time></trkpt><trkpt lat="-20.17805043554295" lon="57.506024071263006"><ele>121.1</ele><time>2026-10-01T14:46:50.000Z</time></trkpt><trkpt lat="-20.178058068876457" lon="57.506032937929696"><ele>121.1</ele><time>2026-10-01T14:46:51.000Z</time></trkpt><trkpt lat="-20.178066568876496" lon="57.5060418379298"><ele>121.1</ele><time>2026-10-01T14:46:52.000Z</time></trkpt><trkpt lat="-20.178075402209736" lon="57.50605063793"><ele>121.1</ele><time>2026-10-01T14:46:53.000Z</time></trkpt><trkpt lat="-20.178084435543" lon="57.50605973793017"><ele>121.0</ele><time>2026-10-01T14:46:54.000Z</time></trkpt><trkpt lat="-20.178093668876294" lon="57.506068971263666"><ele>121.0</ele><time>2026-10-01T14:46:55.000Z</time></trkpt><trkpt lat="-20.178103102209615" lon="57.50607827126387"><ele>121.0</ele><time>2026-10-01T14:46:56.000Z</time></trkpt><trkpt lat="-20.178111535543014" lon="57.50608727126407"><ele>121.0</ele><time>2026-10-01T14:46:57.000Z</time></trkpt><trkpt lat="-20.178119502209825" lon="57.50609587126418"><ele>121.0</ele><time>2026-10-01T14:46:58.000Z</time></trkpt><trkpt lat="-20.178127935543223" lon="57.50610383793096"><ele>120.9</ele><time>2026-10-01T14:46:59.000Z</time></trkpt><trkpt lat="-20.178136735543355" lon="57.50611127126439"><ele>120.9</ele><time>2026-10-01T14:47:00.000Z</time></trkpt><trkpt lat="-20.178145602210122" lon="57.50611893793122"><ele>120.9</ele><time>2026-10-01T14:47:01.000Z</time></trkpt><trkpt lat="-20.178154268876867" lon="57.50612730459791"><ele>120.9</ele><time>2026-10-01T14:47:02.000Z</time></trkpt><trkpt lat="-20.178163402210195" lon="57.50613550459802"><ele>120.9</ele><time>2026-10-01T14:47:03.000Z</time></trkpt><trkpt lat="-20.178171602210245" lon="57.506143071264795"><ele>120.8</ele><time>2026-10-01T14:47:04.000Z</time></trkpt><trkpt lat="-20.17817920221021" lon="57.50614943793151"><ele>120.8</ele><time>2026-10-01T14:47:05.000Z</time></trkpt><trkpt lat="-20.17818593554343" lon="57.50615563793151"><ele>120.8</ele><time>2026-10-01T14:47:06.000Z</time></trkpt><trkpt lat="-20.178192668876648" lon="57.50616240459827"><ele>120.8</ele><time>2026-10-01T14:47:07.000Z</time></trkpt><trkpt lat="-20.17819856887665" lon="57.50616923793167"><ele>120.8</ele><time>2026-10-01T14:47:08.000Z</time></trkpt><trkpt lat="-20.178204202209987" lon="57.50617663793173"><ele>120.7</ele><time>2026-10-01T14:47:09.000Z</time></trkpt><trkpt lat="-20.178209368876736" lon="57.50618513793186"><ele>120.7</ele><time>2026-10-01T14:47:10.000Z</time></trkpt><trkpt lat="-20.178214735543513" lon="57.50619450459867"><ele>120.7</ele><time>2026-10-01T14:47:11.000Z</time></trkpt><trkpt lat="-20.178220135543608" lon="57.50620373793224"><ele>120.7</ele><time>2026-10-01T14:47:12.000Z</time></trkpt><trkpt lat="-20.178225535543703" lon="57.50621413793247"><ele>120.7</ele><time>2026-10-01T14:47:13.000Z</time></trkpt><trkpt lat="-20.178230868877158" lon="57.50622560459949"><ele>120.5</ele><time>2026-10-01T14:47:14.000Z</time></trkpt><trkpt lat="-20.178235968877214" lon="57.5062374045999"><ele>120.5</ele><time>2026-10-01T14:47:15.000Z</time></trkpt><trkpt lat="-20.17823986887728" lon="57.50624870460041"><ele>120.5</ele><time>2026-10-01T14:47:16.000Z</time></trkpt><trkpt lat="-20.17824193554402" lon="57.50625927126747"><ele>120.5</ele><time>2026-10-01T14:47:17.000Z</time></trkpt><trkpt lat="-20.17824170221071" lon="57.50626940460121"><ele>120.5</ele><time>2026-10-01T14:47:18.000Z</time></trkpt><trkpt lat="-20.17823900221065" lon="57.50627797126816"><ele>120.4</ele><time>2026-10-01T14:47:19.000Z</time></trkpt><trkpt lat="-20.178233602210536" lon="57.50628450460167"><ele>120.4</ele><time>2026-10-01T14:47:20.000Z</time></trkpt><trkpt lat="-20.17822590221031" lon="57.50628973793507"><ele>120.4</ele><time>2026-10-01T14:47:21.000Z</time></trkpt><trkpt lat="-20.178216735543444" lon="57.506293071268466"><ele>120.4</ele><time>2026-10-01T14:47:22.000Z</time></trkpt><trkpt lat="-20.17820710220999" lon="57.50629343793518"><ele>120.4</ele><time>2026-10-01T14:47:23.000Z</time></trkpt><trkpt lat="-20.178197335543253" lon="57.506292204601856"><ele>120.1</ele><time>2026-10-01T14:47:24.000Z</time></trkpt><trkpt lat="-20.178188168876602" lon="57.50628993793525"><ele>120.1</ele><time>2026-10-01T14:47:25.000Z</time></trkpt><trkpt lat="-20.17817990221002" lon="57.506285504601884"><ele>120.1</ele><time>2026-10-01T14:47:26.000Z</time></trkpt><trkpt lat="-20.178171768876716" lon="57.50627990460183"><ele>120.1</ele><time>2026-10-01T14:47:27.000Z</time></trkpt><trkpt lat="-20.17816393554329" lon="57.50627370460177"><ele>120.1</ele><time>2026-10-01T14:47:28.000Z</time></trkpt><trkpt lat="-20.17815606887644" lon="57.50626667126831"><ele>119.4</ele><time>2026-10-01T14:47:29.000Z</time></trkpt><trkpt lat="-20.178147835542855" lon="57.506258337934696"><ele>119.4</ele><time>2026-10-01T14:47:30.000Z</time></trkpt><trkpt lat="-20.178139202209326" lon="57.50625033793453"><ele>119.4</ele><time>2026-10-01T14:47:31.000Z</time></trkpt><trkpt lat="-20.178130368875873" lon="57.50624267126771"><ele>119.4</ele><time>2026-10-01T14:47:32.000Z</time></trkpt><trkpt lat="-20.17812163554249" lon="57.50623550460091"><ele>119.4</ele><time>2026-10-01T14:47:33.000Z</time></trkpt><trkpt lat="-20.178112768875824" lon="57.506228504600884"><ele>119.0</ele><time>2026-10-01T14:47:34.000Z</time></trkpt><trkpt lat="-20.17810380220909" lon="57.50622227126759"><ele>119.0</ele><time>2026-10-01T14:47:35.000Z</time></trkpt><trkpt lat="-20.17809530220905" lon="57.50621540460084"><ele>119.0</ele><time>2026-10-01T14:47:36.000Z</time></trkpt><trkpt lat="-20.17808713554232" lon="57.506208537934164"><ele>119.0</ele><time>2026-10-01T14:47:37.000Z</time></trkpt><trkpt lat="-20.178078702208918" lon="57.506201504600725"><ele>119.0</ele><time>2026-10-01T14:47:38.000Z</time></trkpt><trkpt lat="-20.178070002208745" lon="57.5061943712672"><ele>118.1</ele><time>2026-10-01T14:47:39.000Z</time></trkpt><trkpt lat="-20.178061602208665" lon="57.50618723793376"><ele>118.1</ele><time>2026-10-01T14:47:40.000Z</time></trkpt><trkpt lat="-20.178052968875242" lon="57.506179471266954"><ele>118.1</ele><time>2026-10-01T14:47:41.000Z</time></trkpt><trkpt lat="-20.17804403554172" lon="57.50617103793341"><ele>118.1</ele><time>2026-10-01T14:47:42.000Z</time></trkpt><trkpt lat="-20.178034035541533" lon="57.50616220459996"><ele>118.1</ele><time>2026-10-01T14:47:43.000Z</time></trkpt><trkpt lat="-20.1780239688747" lon="57.50615380459986"><ele>117.3</ele><time>2026-10-01T14:47:44.000Z</time></trkpt><trkpt lat="-20.17801396887451" lon="57.50614580459969"><ele>117.3</ele><time>2026-10-01T14:47:45.000Z</time></trkpt><trkpt lat="-20.178004335540948" lon="57.50613843793293"><ele>117.3</ele><time>2026-10-01T14:47:46.000Z</time></trkpt><trkpt lat="-20.177995202207505" lon="57.506130971266145"><ele>117.3</ele><time>2026-10-01T14:47:47.000Z</time></trkpt><trkpt lat="-20.177987268874013" lon="57.50612397126598"><ele>117.3</ele><time>2026-10-01T14:47:48.000Z</time></trkpt><trkpt lat="-20.17798010220731" lon="57.506116771265816"><ele>116.9</ele><time>2026-10-01T14:47:49.000Z</time></trkpt><trkpt lat="-20.177972635540733" lon="57.506109537932296"><ele>116.9</ele><time>2026-10-01T14:47:50.000Z</time></trkpt><trkpt lat="-20.177964435540893" lon="57.50610307126544"><ele>116.9</ele><time>2026-10-01T14:47:51.000Z</time></trkpt><trkpt lat="-20.17795556887423" lon="57.50609687126528"><ele>116.9</ele><time>2026-10-01T14:47:52.000Z</time></trkpt><trkpt lat="-20.177945902207668" lon="57.506091171265155"><ele>116.9</ele><time>2026-10-01T14:47:53.000Z</time></trkpt><trkpt lat="-20.177935702207666" lon="57.50608617126503"><ele>116.2</ele><time>2026-10-01T14:47:54.000Z</time></trkpt><trkpt lat="-20.177925502207664" lon="57.506082137931614"><ele>116.2</ele><time>2026-10-01T14:47:55.000Z</time></trkpt><trkpt lat="-20.177915535541008" lon="57.506078371264906"><ele>116.2</ele><time>2026-10-01T14:47:56.000Z</time></trkpt><trkpt lat="-20.177905835541125" lon="57.5060752045982"><ele>116.2</ele><time>2026-10-01T14:47:57.000Z</time></trkpt><trkpt lat="-20.177896335541163" lon="57.50607167126477"><ele>116.2</ele><time>2026-10-01T14:47:58.000Z</time></trkpt><trkpt lat="-20.177886535541212" lon="57.50606727126468"><ele>115.5</ele><time>2026-10-01T14:47:59.000Z</time></trkpt><trkpt lat="-20.177876502207916" lon="57.50606073793112"><ele>115.5</ele><time>2026-10-01T14:48:00.000Z</time></trkpt><trkpt lat="-20.17786566887451" lon="57.50605310459749"><ele>115.5</ele><time>2026-10-01T14:48:01.000Z</time></trkpt><trkpt lat="-20.177854435541054" lon="57.50604490459722"><ele>115.5</ele><time>2026-10-01T14:48:02.000Z</time></trkpt><trkpt lat="-20.17784286887418" lon="57.50603620459695"><ele>115.5</ele><time>2026-10-01T14:48:03.000Z</time></trkpt><trkpt lat="-20.177831402207374" lon="57.50602803793004"><ele>115.3</ele><time>2026-10-01T14:48:04.000Z</time></trkpt><trkpt lat="-20.177820268873766" lon="57.50602083792988"><ele>115.3</ele><time>2026-10-01T14:48:05.000Z</time></trkpt><trkpt lat="-20.177810368873537" lon="57.506013471263124"><ele>115.3</ele><time>2026-10-01T14:48:06.000Z</time></trkpt><trkpt lat="-20.177800002206613" lon="57.506005871262985"><ele>115.3</ele><time>2026-10-01T14:48:07.000Z</time></trkpt><trkpt lat="-20.177790302206517" lon="57.505998671262816"><ele>115.3</ele><time>2026-10-01T14:48:08.000Z</time></trkpt><trkpt lat="-20.177780568872993" lon="57.505990904596025"><ele>115.0</ele><time>2026-10-01T14:48:09.000Z</time></trkpt><trkpt lat="-20.17777036887278" lon="57.50598310459587"><ele>115.0</ele><time>2026-10-01T14:48:10.000Z</time></trkpt><trkpt lat="-20.177759202205955" lon="57.505976137929075"><ele>115.0</ele><time>2026-10-01T14:48:11.000Z</time></trkpt><trkpt lat="-20.177748768872608" lon="57.50596933792904"><ele>115.0</ele><time>2026-10-01T14:48:12.000Z</time></trkpt><trkpt lat="-20.177738002205842" lon="57.505962537929044"><ele>115.0</ele><time>2026-10-01T14:48:13.000Z</time></trkpt><trkpt lat="-20.177728135539148" lon="57.505956471262344"><ele>114.4</ele><time>2026-10-01T14:48:14.000Z</time></trkpt><trkpt lat="-20.177718435539163" lon="57.50595083792901"><ele>114.4</ele><time>2026-10-01T14:48:15.000Z</time></trkpt><trkpt lat="-20.177709268872512" lon="57.505944871262344"><ele>114.4</ele><time>2026-10-01T14:48:16.000Z</time></trkpt><trkpt lat="-20.177700602205764" lon="57.50593953792895"><ele>114.4</ele><time>2026-10-01T14:48:17.000Z</time></trkpt><trkpt lat="-20.17769246887235" lon="57.50593383792888"><ele>114.4</ele><time>2026-10-01T14:48:18.000Z</time></trkpt><trkpt lat="-20.177684035538952" lon="57.50592763792879"><ele>114.0</ele><time>2026-10-01T14:48:19.000Z</time></trkpt><trkpt lat="-20.177675568872342" lon="57.5059212712621"><ele>114.0</ele><time>2026-10-01T14:48:20.000Z</time></trkpt><trkpt lat="-20.177667235539012" lon="57.50591490459544"><ele>114.0</ele><time>2026-10-01T14:48:21.000Z</time></trkpt><trkpt lat="-20.1776587688724" lon="57.50590827126209"><ele>114.0</ele><time>2026-10-01T14:48:22.000Z</time></trkpt><trkpt lat="-20.177650502205818" lon="57.50590143792872"><ele>114.0</ele><time>2026-10-01T14:48:23.000Z</time></trkpt><trkpt lat="-20.177642502205902" lon="57.505895104595346"><ele>112.9</ele><time>2026-10-01T14:48:24.000Z</time></trkpt><trkpt lat="-20.177634235539212" lon="57.50588770459528"><ele>112.9</ele><time>2026-10-01T14:48:25.000Z</time></trkpt><trkpt lat="-20.177626568872494" lon="57.50587947126172"><ele>112.9</ele><time>2026-10-01T14:48:26.000Z</time></trkpt><trkpt lat="-20.17761880220571" lon="57.50587080459479"><ele>112.9</ele><time>2026-10-01T14:48:27.000Z</time></trkpt><trkpt lat="-20.177610035538795" lon="57.50586197126118"><ele>112.9</ele><time>2026-10-01T14:48:28.000Z</time></trkpt><trkpt lat="-20.177601135538595" lon="57.50585317126094"><ele>111.9</ele><time>2026-10-01T14:48:29.000Z</time></trkpt><trkpt lat="-20.17759270220509" lon="57.50584557126065"><ele>111.9</ele><time>2026-10-01T14:48:30.000Z</time></trkpt><trkpt lat="-20.177583735538253" lon="57.50583917126045"><ele>111.9</ele><time>2026-10-01T14:48:31.000Z</time></trkpt><trkpt lat="-20.177574568871492" lon="57.50583313792704"><ele>111.9</ele><time>2026-10-01T14:48:32.000Z</time></trkpt><trkpt lat="-20.177565735538145" lon="57.50582747126036"><ele>111.9</ele><time>2026-10-01T14:48:33.000Z</time></trkpt><trkpt lat="-20.177555902204773" lon="57.5058215045937"><ele>111.5</ele><time>2026-10-01T14:48:34.000Z</time></trkpt><trkpt lat="-20.17754653553809" lon="57.50581493792706"><ele>111.5</ele><time>2026-10-01T14:48:35.000Z</time></trkpt><trkpt lat="-20.17753716887141" lon="57.505808537927145"><ele>111.5</ele><time>2026-10-01T14:48:36.000Z</time></trkpt><trkpt lat="-20.17752866887137" lon="57.505802237927185"><ele>111.5</ele><time>2026-10-01T14:48:37.000Z</time></trkpt><trkpt lat="-20.17752040220468" lon="57.50579620459392"><ele>111.5</ele><time>2026-10-01T14:48:38.000Z</time></trkpt><trkpt lat="-20.177513068871274" lon="57.505789271260696"><ele>110.9</ele><time>2026-10-01T14:48:39.000Z</time></trkpt><trkpt lat="-20.17750526887117" lon="57.50578213792746"><ele>110.9</ele><time>2026-10-01T14:48:40.000Z</time></trkpt><trkpt lat="-20.177498535537733" lon="57.505774737927595"><ele>110.9</ele><time>2026-10-01T14:48:41.000Z</time></trkpt><trkpt lat="-20.17749113553758" lon="57.50576733792765"><ele>110.9</ele><time>2026-10-01T14:48:42.000Z</time></trkpt><trkpt lat="-20.177484568870746" lon="57.50576023792769"><ele>110.9</ele><time>2026-10-01T14:48:43.000Z</time></trkpt><trkpt lat="-20.17747860220399" lon="57.50575463792764"><ele>110.4</ele><time>2026-10-01T14:48:44.000Z</time></trkpt><trkpt lat="-20.177473035537297" lon="57.50574937126096"><ele>110.4</ele><time>2026-10-01T14:48:45.000Z</time></trkpt><trkpt lat="-20.177467068870545" lon="57.50574340459426"><ele>110.4</ele><time>2026-10-01T14:48:46.000Z</time></trkpt><trkpt lat="-20.17746123553718" lon="57.50573680459432"><ele>110.4</ele><time>2026-10-01T14:48:47.000Z</time></trkpt><trkpt lat="-20.177455302203857" lon="57.505730071260984"><ele>110.4</ele><time>2026-10-01T14:48:48.000Z</time></trkpt><trkpt lat="-20.177449168870503" lon="57.505722171260985"><ele>110.1</ele><time>2026-10-01T14:48:49.000Z</time></trkpt><trkpt lat="-20.177442702203738" lon="57.50571377126088"><ele>110.1</ele><time>2026-10-01T14:48:50.000Z</time></trkpt><trkpt lat="-20.177435535537036" lon="57.50570473792745"><ele>110.1</ele><time>2026-10-01T14:48:51.000Z</time></trkpt><trkpt lat="-20.17742823553695" lon="57.50569580459397"><ele>110.1</ele><time>2026-10-01T14:48:52.000Z</time></trkpt><trkpt lat="-20.177420268870144" lon="57.505686271260494"><ele>110.1</ele><time>2026-10-01T14:48:53.000Z</time></trkpt><trkpt lat="-20.177411802203316" lon="57.50567650459359"><ele>109.6</ele><time>2026-10-01T14:48:54.000Z</time></trkpt><trkpt lat="-20.177403835536506" lon="57.505667771260086"><ele>109.6</ele><time>2026-10-01T14:48:55.000Z</time></trkpt><trkpt lat="-20.177396602203057" lon="57.505659871259844"><ele>109.6</ele><time>2026-10-01T14:48:56.000Z</time></trkpt><trkpt lat="-20.177389468869677" lon="57.50565220459291"><ele>109.6</ele><time>2026-10-01T14:48:57.000Z</time></trkpt><trkpt lat="-20.17738290220295" lon="57.505645137926045"><ele>109.6</ele><time>2026-10-01T14:48:58.000Z</time></trkpt><trkpt lat="-20.177376368869545" lon="57.50563840459266"><ele>109.0</ele><time>2026-10-01T14:48:59.000Z</time></trkpt><trkpt lat="-20.17736970220286" lon="57.505631304592555"><ele>109.0</ele><time>2026-10-01T14:49:00.000Z</time></trkpt><trkpt lat="-20.17736250220284" lon="57.50562463792586"><ele>109.0</ele><time>2026-10-01T14:49:01.000Z</time></trkpt><trkpt lat="-20.17735553553617" lon="57.5056178379259"><ele>109.0</ele><time>2026-10-01T14:49:02.000Z</time></trkpt><trkpt lat="-20.177348702202885" lon="57.50561137125925"><ele>109.0</ele><time>2026-10-01T14:49:03.000Z</time></trkpt><trkpt lat="-20.177342102202942" lon="57.50560580459255"><ele>108.8</ele><time>2026-10-01T14:49:04.000Z</time></trkpt><trkpt lat="-20.177335502203004" lon="57.50560037125926"><ele>108.8</ele><time>2026-10-01T14:49:05.000Z</time></trkpt><trkpt lat="-20.177328868869637" lon="57.505594871259326"><ele>108.8</ele><time>2026-10-01T14:49:06.000Z</time></trkpt><trkpt lat="-20.177322035536243" lon="57.50558977125935"><ele>108.8</ele><time>2026-10-01T14:49:07.000Z</time></trkpt><trkpt lat="-20.17731506886946" lon="57.50558413792608"><ele>108.8</ele><time>2026-10-01T14:49:08.000Z</time></trkpt><trkpt lat="-20.177307668869307" lon="57.5055774712594"><ele>108.2</ele><time>2026-10-01T14:49:09.000Z</time></trkpt><trkpt lat="-20.1773005022025" lon="57.50557050459264"><ele>108.2</ele><time>2026-10-01T14:49:10.000Z</time></trkpt><trkpt lat="-20.17729333553569" lon="57.50556363792582"><ele>108.2</ele><time>2026-10-01T14:49:11.000Z</time></trkpt><trkpt lat="-20.17728626886884" lon="57.50555673792572"><ele>108.2</ele><time>2026-10-01T14:49:12.000Z</time></trkpt><trkpt lat="-20.177279135535354" lon="57.50554983792559"><ele>108.2</ele><time>2026-10-01T14:49:13.000Z</time></trkpt><trkpt lat="-20.177272835535188" lon="57.50554290459219"><ele>107.6</ele><time>2026-10-01T14:49:14.000Z</time></trkpt><trkpt lat="-20.17726590220173" lon="57.505536071258824"><ele>107.6</ele><time>2026-10-01T14:49:15.000Z</time></trkpt><trkpt lat="-20.17725866886828" lon="57.50552893792543"><ele>107.6</ele><time>2026-10-01T14:49:16.000Z</time></trkpt><trkpt lat="-20.177251202201486" lon="57.50552197125861"><ele>107.6</ele><time>2026-10-01T14:49:17.000Z</time></trkpt><trkpt lat="-20.177243068867966" lon="57.505515237925145"><ele>107.6</ele><time>2026-10-01T14:49:18.000Z</time></trkpt><trkpt lat="-20.17723393553442" lon="57.50550820459157"><ele>107.3</ele><time>2026-10-01T14:49:19.000Z</time></trkpt><trkpt lat="-20.177225035534114" lon="57.50550060459128"><ele>107.3</ele><time>2026-10-01T14:49:20.000Z</time></trkpt><trkpt lat="-20.177215302200487" lon="57.50549230459095"><ele>107.3</ele><time>2026-10-01T14:49:21.000Z</time></trkpt><trkpt lat="-20.177205435533573" lon="57.505483637923945"><ele>107.3</ele><time>2026-10-01T14:49:22.000Z</time></trkpt><trkpt lat="-20.1771956355333" lon="57.50547480459026"><ele>107.3</ele><time>2026-10-01T14:49:23.000Z</time></trkpt><trkpt lat="-20.177185635533114" lon="57.50546657125669"><ele>106.7</ele><time>2026-10-01T14:49:24.000Z</time></trkpt><trkpt lat="-20.177175402199683" lon="57.505458937923166"><ele>106.7</ele><time>2026-10-01T14:49:25.000Z</time></trkpt><trkpt lat="-20.177166402199628" lon="57.50545120458973"><ele>106.7</ele><time>2026-10-01T14:49:26.000Z</time></trkpt><trkpt lat="-20.17715826886622" lon="57.505442671256276"><ele>106.7</ele><time>2026-10-01T14:49:27.000Z</time></trkpt><trkpt lat="-20.177151002199558" lon="57.50543327125623"><ele>106.7</ele><time>2026-10-01T14:49:28.000Z</time></trkpt><trkpt lat="-20.177144102199527" lon="57.505423637922846"><ele>106.0</ele><time>2026-10-01T14:49:29.000Z</time></trkpt><trkpt lat="-20.177137268866026" lon="57.50541370458948"><ele>106.0</ele><time>2026-10-01T14:49:30.000Z</time></trkpt><trkpt lat="-20.17713003553247" lon="57.50540467125611"><ele>106.0</ele><time>2026-10-01T14:49:31.000Z</time></trkpt><trkpt lat="-20.177122368865646" lon="57.50539647125614"><ele>106.0</ele><time>2026-10-01T14:49:32.000Z</time></trkpt><trkpt lat="-20.17711493553217" lon="57.50538857125603"><ele>106.0</ele><time>2026-10-01T14:49:33.000Z</time></trkpt><trkpt lat="-20.1771083021987" lon="57.50538063792256"><ele>105.7</ele><time>2026-10-01T14:49:34.000Z</time></trkpt><trkpt lat="-20.177102035531966" lon="57.505372304589"><ele>105.7</ele><time>2026-10-01T14:49:35.000Z</time></trkpt><trkpt lat="-20.177095968865252" lon="57.505363671255395"><ele>105.7</ele><time>2026-10-01T14:49:36.000Z</time></trkpt><trkpt lat="-20.17708930219846" lon="57.50535453792181"><ele>105.7</ele><time>2026-10-01T14:49:37.000Z</time></trkpt><trkpt lat="-20.17708163553164" lon="57.505345604588214"><ele>105.7</ele><time>2026-10-01T14:49:38.000Z</time></trkpt><trkpt lat="-20.177073002198107" lon="57.50533730458794"><ele>104.9</ele><time>2026-10-01T14:49:39.000Z</time></trkpt><trkpt lat="-20.17706433553126" lon="57.50532980458773"><ele>104.9</ele><time>2026-10-01T14:49:40.000Z</time></trkpt><trkpt lat="-20.177055668864405" lon="57.505322337920916"><ele>104.9</ele><time>2026-10-01T14:49:41.000Z</time></trkpt><trkpt lat="-20.17704750219757" lon="57.505315137920775"><ele>104.9</ele><time>2026-10-01T14:49:42.000Z</time></trkpt><trkpt lat="-20.1770396021974" lon="57.5053082045873"><ele>104.9</ele><time>2026-10-01T14:49:43.000Z</time></trkpt><trkpt lat="-20.17703250219734" lon="57.505300704587114"><ele>104.2</ele><time>2026-10-01T14:49:44.000Z</time></trkpt><trkpt lat="-20.177025702197263" lon="57.505293304586914"><ele>104.2</ele><time>2026-10-01T14:49:45.000Z</time></trkpt><trkpt lat="-20.17701896886383" lon="57.50528623792006"><ele>104.2</ele><time>2026-10-01T14:49:46.000Z</time></trkpt><trkpt lat="-20.177012568863812" lon="57.50527990458655"><ele>104.2</ele><time>2026-10-01T14:49:47.000Z</time></trkpt><trkpt lat="-20.17700670219713" lon="57.50527353791972"><ele>104.2</ele><time>2026-10-01T14:49:48.000Z</time></trkpt><trkpt lat="-20.17700110219706" lon="57.5052676045863"><ele>103.9</ele><time>2026-10-01T14:49:49.000Z</time></trkpt><trkpt lat="-20.176995735530287" lon="57.505261837919605"><ele>103.9</ele><time>2026-10-01T14:49:50.000Z</time></trkpt><trkpt lat="-20.176990135530165" lon="57.50525577125289"><ele>103.9</ele><time>2026-10-01T14:49:51.000Z</time></trkpt><trkpt lat="-20.176984302196693" lon="57.50524917125288"><ele>103.9</ele><time>2026-10-01T14:49:52.000Z</time></trkpt><trkpt lat="-20.176978035529956" lon="57.505242704586294"><ele>103.9</ele><time>2026-10-01T14:49:53.000Z</time></trkpt><trkpt lat="-20.17697080219656" lon="57.50523603791968"><ele>103.5</ele><time>2026-10-01T14:49:54.000Z</time></trkpt><trkpt lat="-20.17696263552994" lon="57.505228571253085"><ele>103.5</ele><time>2026-10-01T14:49:55.000Z</time></trkpt><trkpt lat="-20.176954468863315" lon="57.50522153791975"><ele>103.5</ele><time>2026-10-01T14:49:56.000Z</time></trkpt><trkpt lat="-20.176945835529885" lon="57.50521433791971"><ele>103.5</ele><time>2026-10-01T14:49:57.000Z</time></trkpt><trkpt lat="-20.176937135529712" lon="57.50520630458631"><ele>103.5</ele><time>2026-10-01T14:49:58.000Z</time></trkpt><trkpt lat="-20.176928535529502" lon="57.50519770458614"><ele>103.1</ele><time>2026-10-01T14:49:59.000Z</time></trkpt><trkpt lat="-20.176920068862568" lon="57.50518923791924"><ele>103.1</ele><time>2026-10-01T14:50:00.000Z</time></trkpt><trkpt lat="-20.17691210219565" lon="57.50518040458574"><ele>103.1</ele><time>2026-10-01T14:50:01.000Z</time></trkpt><trkpt lat="-20.176904635528853" lon="57.50517163791892"><ele>103.1</ele><time>2026-10-01T14:50:02.000Z</time></trkpt><trkpt lat="-20.176897068862097" lon="57.505163004585384"><ele>103.1</ele><time>2026-10-01T14:50:03.000Z</time></trkpt><trkpt lat="-20.176890102195426" lon="57.50515440458535"><ele>102.8</ele><time>2026-10-01T14:50:04.000Z</time></trkpt><trkpt lat="-20.176883735528726" lon="57.50514617125206"><ele>102.8</ele><time>2026-10-01T14:50:05.000Z</time></trkpt><trkpt lat="-20.17687713552868" lon="57.505138437918774"><ele>102.8</ele><time>2026-10-01T14:50:06.000Z</time></trkpt><trkpt lat="-20.176870968861902" lon="57.50513100458547"><ele>102.8</ele><time>2026-10-01T14:50:07.000Z</time></trkpt><trkpt lat="-20.176864802195123" lon="57.50512393791892"><ele>102.8</ele><time>2026-10-01T14:50:08.000Z</time></trkpt><trkpt lat="-20.17685836886168" lon="57.505117537918935"><ele>102.2</ele><time>2026-10-01T14:50:09.000Z</time></trkpt><trkpt lat="-20.176851735528206" lon="57.50511080458555"><ele>102.2</ele><time>2026-10-01T14:50:10.000Z</time></trkpt><trkpt lat="-20.17684533552808" lon="57.50510363791879"><ele>102.2</ele><time>2026-10-01T14:50:11.000Z</time></trkpt><trkpt lat="-20.176837835528072" lon="57.50509583791877"><ele>102.2</ele><time>2026-10-01T14:50:12.000Z</time></trkpt><trkpt lat="-20.176830602194734" lon="57.505088337918686"><ele>102.2</ele><time>2026-10-01T14:50:13.000Z</time></trkpt><trkpt lat="-20.176823702194703" lon="57.50508030458535"><ele>101.6</ele><time>2026-10-01T14:50:14.000Z</time></trkpt><trkpt lat="-20.176816335527974" lon="57.50507183791863"><ele>101.6</ele><time>2026-10-01T14:50:15.000Z</time></trkpt><trkpt lat="-20.176808768861218" lon="57.50506297125189"><ele>101.6</ele><time>2026-10-01T14:50:16.000Z</time></trkpt><trkpt lat="-20.17680160219441" lon="57.50505387125187"><ele>101.6</ele><time>2026-10-01T14:50:17.000Z</time></trkpt><trkpt lat="-20.17679436886096" lon="57.50504463791856"><ele>101.6</ele><time>2026-10-01T14:50:18.000Z</time></trkpt><trkpt lat="-20.17678653552754" lon="57.505035204585184"><ele>101.2</ele><time>2026-10-01T14:50:19.000Z</time></trkpt><trkpt lat="-20.1767793021942" lon="57.50502650458517"><ele>101.2</ele><time>2026-10-01T14:50:20.000Z</time></trkpt><trkpt lat="-20.17677156886084" lon="57.50501837125184"><ele>101.2</ele><time>2026-10-01T14:50:21.000Z</time></trkpt><trkpt lat="-20.17676430219418" lon="57.505011137918395"><ele>101.2</ele><time>2026-10-01T14:50:22.000Z</time></trkpt><trkpt lat="-20.1767571688608" lon="57.50500360458494"><ele>101.2</ele><time>2026-10-01T14:50:23.000Z</time></trkpt><trkpt lat="-20.176750435527367" lon="57.50499637125148"><ele>100.6</ele><time>2026-10-01T14:50:24.000Z</time></trkpt><trkpt lat="-20.17674330219388" lon="57.504988637918"><ele>100.6</ele><time>2026-10-01T14:50:25.000Z</time></trkpt><trkpt lat="-20.176736735527157" lon="57.5049799379178"><ele>100.6</ele><time>2026-10-01T14:50:26.000Z</time></trkpt><trkpt lat="-20.176730435527098" lon="57.50497153791764"><ele>100.6</ele><time>2026-10-01T14:50:27.000Z</time></trkpt><trkpt lat="-20.176723902193693" lon="57.50496370458414"><ele>100.6</ele><time>2026-10-01T14:50:28.000Z</time></trkpt><trkpt lat="-20.176717235527008" lon="57.50495623791736"><ele>100.0</ele><time>2026-10-01T14:50:29.000Z</time></trkpt><trkpt lat="-20.176710968860377" lon="57.50494890458403"><ele>100.0</ele><time>2026-10-01T14:50:30.000Z</time></trkpt><trkpt lat="-20.176704835527026" lon="57.50494260458403"><ele>100.0</ele><time>2026-10-01T14:50:31.000Z</time></trkpt><trkpt lat="-20.176697735526858" lon="57.50493600458403"><ele>100.0</ele><time>2026-10-01T14:50:32.000Z</time></trkpt><trkpt lat="-20.176690502193406" lon="57.50492890458395"><ele>100.0</ele><time>2026-10-01T14:50:33.000Z</time></trkpt><trkpt lat="-20.176683835526614" lon="57.504922137917234"><ele>99.7</ele><time>2026-10-01T14:50:34.000Z</time></trkpt><trkpt lat="-20.176677502193126" lon="57.50491567125048"><ele>99.7</ele><time>2026-10-01T14:50:35.000Z</time></trkpt><trkpt lat="-20.17667153552632" lon="57.50490887125047"><ele>99.7</ele><time>2026-10-01T14:50:36.000Z</time></trkpt><trkpt lat="-20.176666635526296" lon="57.504901404583734"><ele>99.7</ele><time>2026-10-01T14:50:37.000Z</time></trkpt><trkpt lat="-20.176662102192893" lon="57.50489380458366"><ele>99.7</ele><time>2026-10-01T14:50:38.000Z</time></trkpt><trkpt lat="-20.176657068859477" lon="57.504885737916915"><ele>99.1</ele><time>2026-10-01T14:50:39.000Z</time></trkpt><trkpt lat="-20.17665133552602" lon="57.50487740458343"><ele>99.1</ele><time>2026-10-01T14:50:40.000Z</time></trkpt><trkpt lat="-20.176645135525924" lon="57.504868937916534"><ele>99.1</ele><time>2026-10-01T14:50:41.000Z</time></trkpt><trkpt lat="-20.17663853552577" lon="57.504860604583016"><ele>99.1</ele><time>2026-10-01T14:50:42.000Z</time></trkpt><trkpt lat="-20.17663166885895" lon="57.50485303791629"><ele>99.1</ele><time>2026-10-01T14:50:43.000Z</time></trkpt><trkpt lat="-20.1766246021921" lon="57.504845804582814"><ele>98.4</ele><time>2026-10-01T14:50:44.000Z</time></trkpt><trkpt lat="-20.176617535525253" lon="57.50483867124939"><ele>98.4</ele><time>2026-10-01T14:50:45.000Z</time></trkpt><trkpt lat="-20.176610368858444" lon="57.50483147124928"><ele>98.4</ele><time>2026-10-01T14:50:46.000Z</time></trkpt><trkpt lat="-20.176603202191636" lon="57.504824137915804"><ele>98.4</ele><time>2026-10-01T14:50:47.000Z</time></trkpt><trkpt lat="-20.176596102191574" lon="57.50481600458225"><ele>98.4</ele><time>2026-10-01T14:50:48.000Z</time></trkpt><trkpt lat="-20.176589068858153" lon="57.504807504582026"><ele>98.0</ele><time>2026-10-01T14:50:49.000Z</time></trkpt><trkpt lat="-20.176582002191413" lon="57.50479853791519"><ele>98.0</ele><time>2026-10-01T14:50:50.000Z</time></trkpt><trkpt lat="-20.176574735524643" lon="57.504789504581694"><ele>98.0</ele><time>2026-10-01T14:50:51.000Z</time></trkpt><trkpt lat="-20.176567035524606" lon="57.50478087124827"><ele>98.0</ele><time>2026-10-01T14:50:52.000Z</time></trkpt><trkpt lat="-20.17655946885785" lon="57.50477240458152"><ele>98.0</ele><time>2026-10-01T14:50:53.000Z</time></trkpt><trkpt lat="-20.17655220219119" lon="57.50476390458152"><ele>97.4</ele><time>2026-10-01T14:50:54.000Z</time></trkpt><trkpt lat="-20.176545102191234" lon="57.504755504581496"><ele>97.4</ele><time>2026-10-01T14:50:55.000Z</time></trkpt><trkpt lat="-20.176538002191283" lon="57.50474703791485"><ele>97.4</ele><time>2026-10-01T14:50:56.000Z</time></trkpt><trkpt lat="-20.17653086885801" lon="57.50473867124818"><ele>97.4</ele><time>2026-10-01T14:50:57.000Z</time></trkpt><trkpt lat="-20.176523702191417" lon="57.50473063791482"><ele>97.4</ele><time>2026-10-01T14:50:58.000Z</time></trkpt><trkpt lat="-20.176516202191408" lon="57.50472220458141"><ele>96.8</ele><time>2026-10-01T14:50:59.000Z</time></trkpt><trkpt lat="-20.176508468858053" lon="57.50471430458127"><ele>96.8</ele><time>2026-10-01T14:51:00.000Z</time></trkpt><trkpt lat="-20.176500702191376" lon="57.504706837914455"><ele>96.8</ele><time>2026-10-01T14:51:01.000Z</time></trkpt><trkpt lat="-20.17649296885802" lon="57.50469937124764"><ele>96.8</ele><time>2026-10-01T14:51:02.000Z</time></trkpt><trkpt lat="-20.176485302191303" lon="57.50469153791422"><ele>96.8</ele><time>2026-10-01T14:51:03.000Z</time></trkpt><trkpt lat="-20.176477702191335" lon="57.50468407124752"><ele>96.4</ele><time>2026-10-01T14:51:04.000Z</time></trkpt><trkpt lat="-20.17647053552474" lon="57.504676704580845"><ele>96.4</ele><time>2026-10-01T14:51:05.000Z</time></trkpt><trkpt lat="-20.176464168858097" lon="57.50466937124755"><ele>96.4</ele><time>2026-10-01T14:51:06.000Z</time></trkpt><trkpt lat="-20.176458102191436" lon="57.50466227124755"><ele>96.4</ele><time>2026-10-01T14:51:07.000Z</time></trkpt><trkpt lat="-20.176452002191457" lon="57.50465543791412"><ele>96.4</ele><time>2026-10-01T14:51:08.000Z</time></trkpt><trkpt lat="-20.17644590219148" lon="57.50464850458064"><ele>95.7</ele><time>2026-10-01T14:51:09.000Z</time></trkpt><trkpt lat="-20.1764399688581" lon="57.50464140458051"><ele>95.7</ele><time>2026-10-01T14:51:10.000Z</time></trkpt><trkpt lat="-20.176433702191364" lon="57.504634437913694"><ele>95.7</ele><time>2026-10-01T14:51:11.000Z</time></trkpt><trkpt lat="-20.176427668857976" lon="57.50462743791362"><ele>95.7</ele><time>2026-10-01T14:51:12.000Z</time></trkpt><trkpt lat="-20.176421868857933" lon="57.50462037124697"><ele>95.7</ele><time>2026-10-01T14:51:13.000Z</time></trkpt><trkpt lat="-20.17641620219117" lon="57.50461353791369"><ele>95.0</ele><time>2026-10-01T14:51:14.000Z</time></trkpt><trkpt lat="-20.17640973552451" lon="57.504606471247044"><ele>95.0</ele><time>2026-10-01T14:51:15.000Z</time></trkpt><trkpt lat="-20.176402968857865" lon="57.50459927124706"><ele>95.0</ele><time>2026-10-01T14:51:16.000Z</time></trkpt><trkpt lat="-20.17639536885779" lon="57.50459160458039"><ele>95.0</ele><time>2026-10-01T14:51:17.000Z</time></trkpt><trkpt lat="-20.17638720219106" lon="57.5045832379137"><ele>95.0</ele><time>2026-10-01T14:51:18.000Z</time></trkpt><trkpt lat="-20.17637863552427" lon="57.50457510458027"><ele>94.7</ele><time>2026-10-01T14:51:19.000Z</time></trkpt><trkpt lat="-20.176370402190685" lon="57.504566371246845"><ele>94.7</ele><time>2026-10-01T14:51:20.000Z</time></trkpt><trkpt lat="-20.176362535523833" lon="57.504557571246735"><ele>94.7</ele><time>2026-10-01T14:51:21.000Z</time></trkpt><trkpt lat="-20.176355768857082" lon="57.50454943791324"><ele>94.7</ele><time>2026-10-01T14:51:22.000Z</time></trkpt><trkpt lat="-20.17634893552358" lon="57.50454163791302"><ele>94.7</ele><time>2026-10-01T14:51:23.000Z</time></trkpt><trkpt lat="-20.176342435523495" lon="57.50453343791289"><ele>94.0</ele><time>2026-10-01T14:51:24.000Z</time></trkpt><trkpt lat="-20.17633590219009" lon="57.50452640457947"><ele>94.0</ele><time>2026-10-01T14:51:25.000Z</time></trkpt><trkpt lat="-20.176329202189976" lon="57.50451980457941"><ele>94.0</ele><time>2026-10-01T14:51:26.000Z</time></trkpt><trkpt lat="-20.176321668856538" lon="57.50451350457941"><ele>94.0</ele><time>2026-10-01T14:51:27.000Z</time></trkpt><trkpt lat="-20.176314602189798" lon="57.504507504579465"><ele>94.0</ele><time>2026-10-01T14:51:28.000Z</time></trkpt><trkpt lat="-20.17630733552303" lon="57.50450197124612"><ele>93.4</ele><time>2026-10-01T14:51:29.000Z</time></trkpt><trkpt lat="-20.176300535522962" lon="57.50449603791272"><ele>93.4</ele><time>2026-10-01T14:51:30.000Z</time></trkpt><trkpt lat="-20.17629416885621" lon="57.504489471245925"><ele>93.4</ele><time>2026-10-01T14:51:31.000Z</time></trkpt><trkpt lat="-20.176288168856086" lon="57.5044822045791"><ele>93.4</ele><time>2026-10-01T14:51:32.000Z</time></trkpt><trkpt lat="-20.176281302189214" lon="57.50447503791226"><ele>93.4</ele><time>2026-10-01T14:51:33.000Z</time></trkpt><trkpt lat="-20.176274835522396" lon="57.50446743791208"><ele>93.2</ele><time>2026-10-01T14:51:34.000Z</time></trkpt><trkpt lat="-20.1762685688556" lon="57.504459404578526"><ele>93.2</ele><time>2026-10-01T14:51:35.000Z</time></trkpt><trkpt lat="-20.176261735522097" lon="57.50445133791176"><ele>93.2</ele><time>2026-10-01T14:51:36.000Z</time></trkpt><trkpt lat="-20.176254702188572" lon="57.504443404578296"><ele>93.2</ele><time>2026-10-01T14:51:37.000Z</time></trkpt><trkpt lat="-20.176248168855164" lon="57.50443517124478"><ele>93.2</ele><time>2026-10-01T14:51:38.000Z</time></trkpt><trkpt lat="-20.176241735521717" lon="57.504426837911254"><ele>92.6</ele><time>2026-10-01T14:51:39.000Z</time></trkpt><trkpt lat="-20.176235935521593" lon="57.50441900457781"><ele>92.6</ele><time>2026-10-01T14:51:40.000Z</time></trkpt><trkpt lat="-20.17623030218818" lon="57.50441080457754"><ele>92.6</ele><time>2026-10-01T14:51:41.000Z</time></trkpt><trkpt lat="-20.176225435521445" lon="57.50440213791059"><ele>92.6</ele><time>2026-10-01T14:51:42.000Z</time></trkpt><trkpt lat="-20.1762208688547" lon="57.504393404577016"><ele>92.6</ele><time>2026-10-01T14:51:43.000Z</time></trkpt><trkpt lat="-20.176216235521316" lon="57.50438427124359"><ele>92.1</ele><time>2026-10-01T14:51:44.000Z</time></trkpt><trkpt lat="-20.17621056885455" lon="57.5043743379101"><ele>92.1</ele><time>2026-10-01T14:51:45.000Z</time></trkpt><trkpt lat="-20.176204768854507" lon="57.50436523791011"><ele>92.1</ele><time>2026-10-01T14:51:46.000Z</time></trkpt><trkpt lat="-20.176198435521126" lon="57.50435627124352"><ele>92.1</ele><time>2026-10-01T14:51:47.000Z</time></trkpt><trkpt lat="-20.176192468854374" lon="57.50434737124361"><ele>92.1</ele><time>2026-10-01T14:51:48.000Z</time></trkpt><trkpt lat="-20.176185968854288" lon="57.50433863791028"><ele>91.8</ele><time>2026-10-01T14:51:49.000Z</time></trkpt><trkpt lat="-20.1761793021876" lon="57.50432980457697"><ele>91.8</ele><time>2026-10-01T14:51:50.000Z</time></trkpt><trkpt lat="-20.176173202187567" lon="57.504320004577"><ele>91.8</ele><time>2026-10-01T14:51:51.000Z</time></trkpt><trkpt lat="-20.17616760218755" lon="57.504309304576985"><ele>91.8</ele><time>2026-10-01T14:51:52.000Z</time></trkpt><trkpt lat="-20.176161735520868" lon="57.50429847124356"><ele>91.8</ele><time>2026-10-01T14:51:53.000Z</time></trkpt><trkpt lat="-20.176157502187493" lon="57.50428720457688"><ele>91.2</ele><time>2026-10-01T14:51:54.000Z</time></trkpt><trkpt lat="-20.17615496885411" lon="57.50427613791021"><ele>91.2</ele><time>2026-10-01T14:51:55.000Z</time></trkpt><trkpt lat="-20.176153002187384" lon="57.50426530457672"><ele>91.2</ele><time>2026-10-01T14:51:56.000Z</time></trkpt><trkpt lat="-20.176151835520677" lon="57.50425537124325"><ele>91.2</ele><time>2026-10-01T14:51:57.000Z</time></trkpt><trkpt lat="-20.17615193552069" lon="57.50424587124311"><ele>91.2</ele><time>2026-10-01T14:51:58.000Z</time></trkpt><trkpt lat="-20.176151602187343" lon="57.504236704576144"><ele>90.4</ele><time>2026-10-01T14:51:59.000Z</time></trkpt><trkpt lat="-20.17615076885398" lon="57.504227704575804"><ele>90.4</ele><time>2026-10-01T14:52:00.000Z</time></trkpt><trkpt lat="-20.176150402187286" lon="57.50421817124219"><ele>90.4</ele><time>2026-10-01T14:52:01.000Z</time></trkpt><trkpt lat="-20.17614990218726" lon="57.50420793790867"><ele>90.4</ele><time>2026-10-01T14:52:02.000Z</time></trkpt><trkpt lat="-20.176148568853883" lon="57.50419660457519"><ele>90.4</ele><time>2026-10-01T14:52:03.000Z</time></trkpt><trkpt lat="-20.176147602187203" lon="57.50418497124171"><ele>90.1</ele><time>2026-10-01T14:52:04.000Z</time></trkpt><trkpt lat="-20.17614646885384" lon="57.50417323790835"><ele>90.1</ele><time>2026-10-01T14:52:05.000Z</time></trkpt><trkpt lat="-20.176144368853794" lon="57.50416170457497"><ele>90.1</ele><time>2026-10-01T14:52:06.000Z</time></trkpt><trkpt lat="-20.176142502187083" lon="57.50415087124152"><ele>90.1</ele><time>2026-10-01T14:52:07.000Z</time></trkpt><trkpt lat="-20.176141502187058" lon="57.504141204574765"><ele>90.1</ele><time>2026-10-01T14:52:08.000Z</time></trkpt><trkpt lat="-20.17613993552036" lon="57.50413250457473"><ele>89.4</ele><time>2026-10-01T14:52:09.000Z</time></trkpt><trkpt lat="-20.176138302186995" lon="57.50412357124135"><ele>89.4</ele><time>2026-10-01T14:52:10.000Z</time></trkpt><trkpt lat="-20.176137102186978" lon="57.504114904574614"><ele>89.4</ele><time>2026-10-01T14:52:11.000Z</time></trkpt><trkpt lat="-20.176135602186964" lon="57.50410600457451"><ele>89.4</ele><time>2026-10-01T14:52:12.000Z</time></trkpt><trkpt lat="-20.176133768853596" lon="57.504096571240986"><ele>89.4</ele><time>2026-10-01T14:52:13.000Z</time></trkpt><trkpt lat="-20.176132102186884" lon="57.50408640457414"><ele>88.6</ele><time>2026-10-01T14:52:14.000Z</time></trkpt><trkpt lat="-20.176130602186852" lon="57.50407687124063"><ele>88.6</ele><time>2026-10-01T14:52:15.000Z</time></trkpt><trkpt lat="-20.176129102186824" lon="57.504067737907214"><ele>88.6</ele><time>2026-10-01T14:52:16.000Z</time></trkpt><trkpt lat="-20.176126935520138" lon="57.504058271240396"><ele>88.6</ele><time>2026-10-01T14:52:17.000Z</time></trkpt><trkpt lat="-20.176124968853465" lon="57.504048071240376"><ele>88.6</ele><time>2026-10-01T14:52:18.000Z</time></trkpt><trkpt lat="-20.176123168853472" lon="57.504037071240305"><ele>88.2</ele><time>2026-10-01T14:52:19.000Z</time></trkpt><trkpt lat="-20.176121235520146" lon="57.50402553790686"><ele>88.2</ele><time>2026-10-01T14:52:20.000Z</time></trkpt><trkpt lat="-20.176119302186816" lon="57.50401350457338"><ele>88.2</ele><time>2026-10-01T14:52:21.000Z</time></trkpt><trkpt lat="-20.17611843552016" lon="57.50400153790665"><ele>88.2</ele><time>2026-10-01T14:52:22.000Z</time></trkpt><trkpt lat="-20.17611760218684" lon="57.50399037123983"><ele>88.2</ele><time>2026-10-01T14:52:23.000Z</time></trkpt><trkpt lat="-20.17611643552018" lon="57.503979504573124"><ele>87.5</ele><time>2026-10-01T14:52:24.000Z</time></trkpt><trkpt lat="-20.176115035520176" lon="57.503968471239716"><ele>87.5</ele><time>2026-10-01T14:52:25.000Z</time></trkpt><trkpt lat="-20.17611350218681" lon="57.50395733790625"><ele>87.5</ele><time>2026-10-01T14:52:26.000Z</time></trkpt><trkpt lat="-20.17611143552008" lon="57.503945571239534"><ele>87.5</ele><time>2026-10-01T14:52:27.000Z</time></trkpt><trkpt lat="-20.176109268853356" lon="57.50393307123956"><ele>87.5</ele><time>2026-10-01T14:52:28.000Z</time></trkpt><trkpt lat="-20.17610710218663" lon="57.50392077123938"><ele>86.8</ele><time>2026-10-01T14:52:29.000Z</time></trkpt><trkpt lat="-20.176105735519922" lon="57.50390833790591"><ele>86.8</ele><time>2026-10-01T14:52:30.000Z</time></trkpt><trkpt lat="-20.17610456885324" lon="57.503895537905905"><ele>86.8</ele><time>2026-10-01T14:52:31.000Z</time></trkpt><trkpt lat="-20.176102835519877" lon="57.50388387123919"><ele>86.8</ele><time>2026-10-01T14:52:32.000Z</time></trkpt><trkpt lat="-20.176100935519845" lon="57.503872337905854"><ele>86.8</ele><time>2026-10-01T14:52:33.000Z</time></trkpt><trkpt lat="-20.176100268853133" lon="57.50385983790583"><ele>86.5</ele><time>2026-10-01T14:52:34.000Z</time></trkpt><trkpt lat="-20.176099968853094" lon="57.50384773790578"><ele>86.5</ele><time>2026-10-01T14:52:35.000Z</time></trkpt><trkpt lat="-20.176099335519694" lon="57.503836337905696"><ele>86.5</ele><time>2026-10-01T14:52:36.000Z</time></trkpt><trkpt lat="-20.176099002186334" lon="57.50382527123885"><ele>86.5</ele><time>2026-10-01T14:52:37.000Z</time></trkpt><trkpt lat="-20.17609826885297" lon="57.50381520457195"><ele>86.5</ele><time>2026-10-01T14:52:38.000Z</time></trkpt><trkpt lat="-20.176096735519607" lon="57.50380683790513"><ele>85.9</ele><time>2026-10-01T14:52:39.000Z</time></trkpt><trkpt lat="-20.176094335519572" lon="57.50379823790505"><ele>85.9</ele><time>2026-10-01T14:52:40.000Z</time></trkpt><trkpt lat="-20.176092268852898" lon="57.50378910457154"><ele>85.9</ele><time>2026-10-01T14:52:41.000Z</time></trkpt><trkpt lat="-20.176090635519547" lon="57.50377883790467"><ele>85.9</ele><time>2026-10-01T14:52:42.000Z</time></trkpt><trkpt lat="-20.176089735519533" lon="57.503767671237696"><ele>85.9</ele><time>2026-10-01T14:52:43.000Z</time></trkpt><trkpt lat="-20.176089635519517" lon="57.50375590457082"><ele>85.1</ele><time>2026-10-01T14:52:44.000Z</time></trkpt><trkpt lat="-20.176090502186184" lon="57.50374417123726"><ele>85.1</ele><time>2026-10-01T14:52:45.000Z</time></trkpt><trkpt lat="-20.176091102186184" lon="57.50373253790377"><ele>85.1</ele><time>2026-10-01T14:52:46.000Z</time></trkpt><trkpt lat="-20.176092135519532" lon="57.50372100457039"><ele>85.1</ele><time>2026-10-01T14:52:47.000Z</time></trkpt><trkpt lat="-20.17609296885288" lon="57.503709504570466"><ele>85.1</ele><time>2026-10-01T14:52:48.000Z</time></trkpt><trkpt lat="-20.176093402186243" lon="57.50369937123713"><ele>84.7</ele><time>2026-10-01T14:52:49.000Z</time></trkpt><trkpt lat="-20.176094202186285" lon="57.50368917123717"><ele>84.7</ele><time>2026-10-01T14:52:50.000Z</time></trkpt><trkpt lat="-20.176096402186356" lon="57.503679604570564"><ele>84.7</ele><time>2026-10-01T14:52:51.000Z</time></trkpt><trkpt lat="-20.17609806885307" lon="57.5036708379039"><ele>84.7</ele><time>2026-10-01T14:52:52.000Z</time></trkpt><trkpt lat="-20.17609886885308" lon="57.50366297123723"><ele>84.7</ele><time>2026-10-01T14:52:53.000Z</time></trkpt><trkpt lat="-20.176099302186433" lon="57.50365407123716"><ele>83.9</ele><time>2026-10-01T14:52:54.000Z</time></trkpt><trkpt lat="-20.176098435519737" lon="57.50364570457043"><ele>83.9</ele><time>2026-10-01T14:52:55.000Z</time></trkpt><trkpt lat="-20.176096268852994" lon="57.50363673790365"><ele>83.9</ele><time>2026-10-01T14:52:56.000Z</time></trkpt><trkpt lat="-20.176094235519606" lon="57.50362750457017"><ele>83.9</ele><time>2026-10-01T14:52:57.000Z</time></trkpt><trkpt lat="-20.176092668852906" lon="57.503617871236656"><ele>83.9</ele><time>2026-10-01T14:52:58.000Z</time></trkpt><trkpt lat="-20.176091435519545" lon="57.50360833790328"><ele>83.2</ele><time>2026-10-01T14:52:59.000Z</time></trkpt><trkpt lat="-20.17609020218618" lon="57.5035979712364"><ele>83.2</ele><time>2026-10-01T14:53:00.000Z</time></trkpt><trkpt lat="-20.17608946885283" lon="57.503587237902785"><ele>83.2</ele><time>2026-10-01T14:53:01.000Z</time></trkpt><trkpt lat="-20.176088868852815" lon="57.503575937902454"><ele>83.2</ele><time>2026-10-01T14:53:02.000Z</time></trkpt><trkpt lat="-20.17608900218614" lon="57.50356417123553"><ele>83.2</ele><time>2026-10-01T14:53:03.000Z</time></trkpt><trkpt lat="-20.17608896885279" lon="57.50355197123527"><ele>82.9</ele><time>2026-10-01T14:53:04.000Z</time></trkpt><trkpt lat="-20.176089368852793" lon="57.50354030456837"><ele>82.9</ele><time>2026-10-01T14:53:05.000Z</time></trkpt><trkpt lat="-20.17608976885279" lon="57.503528571234824"><ele>82.9</ele><time>2026-10-01T14:53:06.000Z</time></trkpt><trkpt lat="-20.17609053551946" lon="57.503517271234685"><ele>82.9</ele><time>2026-10-01T14:53:07.000Z</time></trkpt><trkpt lat="-20.17609123551946" lon="57.50350637123451"><ele>82.9</ele><time>2026-10-01T14:53:08.000Z</time></trkpt><trkpt lat="-20.176091602186116" lon="57.50349550456758"><ele>82.3</ele><time>2026-10-01T14:53:09.000Z</time></trkpt><trkpt lat="-20.176091468852757" lon="57.50348423790073"><ele>82.3</ele><time>2026-10-01T14:53:10.000Z</time></trkpt><trkpt lat="-20.17609150218608" lon="57.50347420456724"><ele>82.3</ele><time>2026-10-01T14:53:11.000Z</time></trkpt><trkpt lat="-20.1760915355194" lon="57.503463471233864"><ele>82.3</ele><time>2026-10-01T14:53:12.000Z</time></trkpt><trkpt lat="-20.176090635519387" lon="57.503453037900464"><ele>82.3</ele><time>2026-10-01T14:53:13.000Z</time></trkpt><trkpt lat="-20.176089802186038" lon="57.50344220456702"><ele>81.7</ele><time>2026-10-01T14:53:14.000Z</time></trkpt><trkpt lat="-20.176089002186036" lon="57.50343210456693"><ele>81.7</ele><time>2026-10-01T14:53:15.000Z</time></trkpt><trkpt lat="-20.176087868852683" lon="57.5034220712335"><ele>81.7</ele><time>2026-10-01T14:53:16.000Z</time></trkpt><trkpt lat="-20.176086235519332" lon="57.50341313790002"><ele>81.7</ele><time>2026-10-01T14:53:17.000Z</time></trkpt><trkpt lat="-20.17608536885265" lon="57.5034033378999"><ele>81.7</ele><time>2026-10-01T14:53:18.000Z</time></trkpt><trkpt lat="-20.176084502185965" lon="57.503393171233256"><ele>81.3</ele><time>2026-10-01T14:53:19.000Z</time></trkpt><trkpt lat="-20.176084535519273" lon="57.50338290456665"><ele>81.3</ele><time>2026-10-01T14:53:20.000Z</time></trkpt><trkpt lat="-20.176085468852584" lon="57.503371237899955"><ele>81.3</ele><time>2026-10-01T14:53:21.000Z</time></trkpt><trkpt lat="-20.176087702185946" lon="57.50335827123324"><ele>81.3</ele><time>2026-10-01T14:53:22.000Z</time></trkpt><trkpt lat="-20.17609036885265" lon="57.50334463789975"><ele>81.3</ele><time>2026-10-01T14:53:23.000Z</time></trkpt><trkpt lat="-20.17609340218603" lon="57.503332337899586"><ele>80.5</ele><time>2026-10-01T14:53:24.000Z</time></trkpt><trkpt lat="-20.176096002186092" lon="57.50332010456607"><ele>80.5</ele><time>2026-10-01T14:53:25.000Z</time></trkpt><trkpt lat="-20.176097568852803" lon="57.50330877123255"><ele>80.5</ele><time>2026-10-01T14:53:26.000Z</time></trkpt><trkpt lat="-20.176098035519455" lon="57.50329880456566"><ele>80.5</ele><time>2026-10-01T14:53:27.000Z</time></trkpt><trkpt lat="-20.176097802186096" lon="57.50329063789883"><ele>80.5</ele><time>2026-10-01T14:53:28.000Z</time></trkpt><trkpt lat="-20.17609663551937" lon="57.503282204565195"><ele>79.7</ele><time>2026-10-01T14:53:29.000Z</time></trkpt><trkpt lat="-20.17609460218595" lon="57.50327387123157"><ele>79.7</ele><time>2026-10-01T14:53:30.000Z</time></trkpt><trkpt lat="-20.176092568852532" lon="57.50326533789801"><ele>79.7</ele><time>2026-10-01T14:53:31.000Z</time></trkpt><trkpt lat="-20.176089835519086" lon="57.503256737897814"><ele>79.7</ele><time>2026-10-01T14:53:32.000Z</time></trkpt><trkpt lat="-20.176087168852305" lon="57.50324760456429"><ele>79.7</ele><time>2026-10-01T14:53:33.000Z</time></trkpt><trkpt lat="-20.176085402185556" lon="57.50323850456423"><ele>79.4</ele><time>2026-10-01T14:53:34.000Z</time></trkpt><trkpt lat="-20.17608456885217" lon="57.50322870456417"><ele>79.4</ele><time>2026-10-01T14:53:35.000Z</time></trkpt><trkpt lat="-20.17608420218547" lon="57.503219371230784"><ele>79.4</ele><time>2026-10-01T14:53:36.000Z</time></trkpt><trkpt lat="-20.17608483551881" lon="57.50320940456404"><ele>79.4</ele><time>2026-10-01T14:53:37.000Z</time></trkpt><trkpt lat="-20.17608556885216" lon="57.50319900456407"><ele>79.4</ele><time>2026-10-01T14:53:38.000Z</time></trkpt><trkpt lat="-20.176086502185523" lon="57.50318880456399"><ele>78.7</ele><time>2026-10-01T14:53:39.000Z</time></trkpt><trkpt lat="-20.176086868852202" lon="57.50317867123046"><ele>78.7</ele><time>2026-10-01T14:53:40.000Z</time></trkpt><trkpt lat="-20.1760866688522" lon="57.503167304563576"><ele>78.7</ele><time>2026-10-01T14:53:41.000Z</time></trkpt><trkpt lat="-20.17608536885221" lon="57.50315583789679"><ele>78.7</ele><time>2026-10-01T14:53:42.000Z</time></trkpt><trkpt lat="-20.176083602185525" lon="57.50314393789647"><ele>78.7</ele><time>2026-10-01T14:53:43.000Z</time></trkpt><trkpt lat="-20.176081135518796" lon="57.503131837896184"><ele>78.1</ele><time>2026-10-01T14:53:44.000Z</time></trkpt><trkpt lat="-20.176078568852056" lon="57.503120804562705"><ele>78.1</ele><time>2026-10-01T14:53:45.000Z</time></trkpt><trkpt lat="-20.176075968851972" lon="57.503110304562526"><ele>78.1</ele><time>2026-10-01T14:53:46.000Z</time></trkpt><trkpt lat="-20.17607423551854" lon="57.50309957122897"><ele>78.1</ele><time>2026-10-01T14:53:47.000Z</time></trkpt><trkpt lat="-20.176073402185153" lon="57.50308873789542"><ele>78.1</ele><time>2026-10-01T14:53:48.000Z</time></trkpt><trkpt lat="-20.176072735518446" lon="57.5030768045619"><ele>77.9</ele><time>2026-10-01T14:53:49.000Z</time></trkpt><trkpt lat="-20.1760724021851" lon="57.50306293789504"><ele>77.9</ele><time>2026-10-01T14:53:50.000Z</time></trkpt><trkpt lat="-20.176072402185095" lon="57.50304877122826"><ele>77.9</ele><time>2026-10-01T14:53:51.000Z</time></trkpt><trkpt lat="-20.176072902185098" lon="57.503034537894884"><ele>77.9</ele><time>2026-10-01T14:53:52.000Z</time></trkpt><trkpt lat="-20.176073802185073" lon="57.50302090456161"><ele>77.9</ele><time>2026-10-01T14:53:53.000Z</time></trkpt><trkpt lat="-20.176075335518398" lon="57.50300903789493"><ele>77.3</ele><time>2026-10-01T14:53:54.000Z</time></trkpt><trkpt lat="-20.176077102185054" lon="57.502999004561524"><ele>77.3</ele><time>2026-10-01T14:53:55.000Z</time></trkpt><trkpt lat="-20.17607903551838" lon="57.50299017122818"><ele>77.3</ele><time>2026-10-01T14:53:56.000Z</time></trkpt><trkpt lat="-20.17608013551837" lon="57.502981571228034"><ele>77.3</ele><time>2026-10-01T14:53:57.000Z</time></trkpt><trkpt lat="-20.176080935518375" lon="57.502972204561125"><ele>77.3</ele><time>2026-10-01T14:53:58.000Z</time></trkpt><trkpt lat="-20.17608203551839" lon="57.502961204560904"><ele>76.6</ele><time>2026-10-01T14:53:59.000Z</time></trkpt><trkpt lat="-20.176083535518423" lon="57.50294940456074"><ele>76.6</ele><time>2026-10-01T14:54:00.000Z</time></trkpt><trkpt lat="-20.176085102185123" lon="57.50293670456044"><ele>76.6</ele><time>2026-10-01T14:54:01.000Z</time></trkpt><trkpt lat="-20.176087102185157" lon="57.502924004560256"><ele>76.6</ele><time>2026-10-01T14:54:02.000Z</time></trkpt><trkpt lat="-20.176089102185188" lon="57.502912171226754"><ele>76.6</ele><time>2026-10-01T14:54:03.000Z</time></trkpt><trkpt lat="-20.17609043551854" lon="57.502900804559815"><ele>76.3</ele><time>2026-10-01T14:54:04.000Z</time></trkpt><trkpt lat="-20.176090835518522" lon="57.50288937122618"><ele>76.3</ele><time>2026-10-01T14:54:05.000Z</time></trkpt><trkpt lat="-20.176091368851843" lon="57.502877904559206"><ele>76.3</ele><time>2026-10-01T14:54:06.000Z</time></trkpt><trkpt lat="-20.176091502185166" lon="57.502866571225425"><ele>76.3</ele><time>2026-10-01T14:54:07.000Z</time></trkpt><trkpt lat="-20.176091135518483" lon="57.50285493789164"><ele>76.3</ele><time>2026-10-01T14:54:08.000Z</time></trkpt><trkpt lat="-20.17609073551847" lon="57.502843304557885"><ele>75.5</ele><time>2026-10-01T14:54:09.000Z</time></trkpt><trkpt lat="-20.17609070218514" lon="57.502831037890886"><ele>75.5</ele><time>2026-10-01T14:54:10.000Z</time></trkpt><trkpt lat="-20.176089835518457" lon="57.502818371223974"><ele>75.5</ele><time>2026-10-01T14:54:11.000Z</time></trkpt><trkpt lat="-20.176088368851744" lon="57.50280560455722"><ele>75.5</ele><time>2026-10-01T14:54:12.000Z</time></trkpt><trkpt lat="-20.176086902185034" lon="57.502793104557234"><ele>75.5</ele><time>2026-10-01T14:54:13.000Z</time></trkpt><trkpt lat="-20.176085302184987" lon="57.50278083789074"><ele>74.7</ele><time>2026-10-01T14:54:14.000Z</time></trkpt><trkpt lat="-20.17608316885158" lon="57.502769604557514"><ele>74.7</ele><time>2026-10-01T14:54:15.000Z</time></trkpt><trkpt lat="-20.17608136885152" lon="57.50275923789083"><ele>74.7</ele><time>2026-10-01T14:54:16.000Z</time></trkpt><trkpt lat="-20.176079735518172" lon="57.50274853789078"><ele>74.7</ele><time>2026-10-01T14:54:17.000Z</time></trkpt><trkpt lat="-20.176077968851473" lon="57.502737637890576"><ele>74.7</ele><time>2026-10-01T14:54:18.000Z</time></trkpt><trkpt lat="-20.17607646885144" lon="57.50272597122362"><ele>74.4</ele><time>2026-10-01T14:54:19.000Z</time></trkpt><trkpt lat="-20.176075568851438" lon="57.50271357122339"><ele>74.4</ele><time>2026-10-01T14:54:20.000Z</time></trkpt><trkpt lat="-20.17607450218477" lon="57.50270067122322"><ele>74.4</ele><time>2026-10-01T14:54:21.000Z</time></trkpt><trkpt lat="-20.17607383551809" lon="57.50268823788959"><ele>74.4</ele><time>2026-10-01T14:54:22.000Z</time></trkpt><trkpt lat="-20.17607353551809" lon="57.502676004556065"><ele>74.4</ele><time>2026-10-01T14:54:23.000Z</time></trkpt><trkpt lat="-20.176073368851423" lon="57.502664771222555"><ele>73.9</ele><time>2026-10-01T14:54:24.000Z</time></trkpt><trkpt lat="-20.176072435518073" lon="57.50265340455562"><ele>73.9</ele><time>2026-10-01T14:54:25.000Z</time></trkpt><trkpt lat="-20.176071735518057" lon="57.502641637888686"><ele>73.9</ele><time>2026-10-01T14:54:26.000Z</time></trkpt><trkpt lat="-20.1760719021847" lon="57.50262960455516"><ele>73.9</ele><time>2026-10-01T14:54:27.000Z</time></trkpt><trkpt lat="-20.17607206885134" lon="57.502617504555005"><ele>73.9</ele><time>2026-10-01T14:54:28.000Z</time></trkpt><trkpt lat="-20.176072102184648" lon="57.502604671221505"><ele>73.6</ele><time>2026-10-01T14:54:29.000Z</time></trkpt><trkpt lat="-20.176072702184634" lon="57.50259220455477"><ele>73.6</ele><time>2026-10-01T14:54:30.000Z</time></trkpt><trkpt lat="-20.17607366885129" lon="57.50257997122135"><ele>73.6</ele><time>2026-10-01T14:54:31.000Z</time></trkpt><trkpt lat="-20.176073202184597" lon="57.50256843788789"><ele>73.6</ele><time>2026-10-01T14:54:32.000Z</time></trkpt><trkpt lat="-20.176072502184567" lon="57.50255670455442"><ele>73.6</ele><time>2026-10-01T14:54:33.000Z</time></trkpt><trkpt lat="-20.176071735517873" lon="57.502545671221036"><ele>73.5</ele><time>2026-10-01T14:54:34.000Z</time></trkpt><trkpt lat="-20.17607130218451" lon="57.50253543788754"><ele>73.5</ele><time>2026-10-01T14:54:35.000Z</time></trkpt><trkpt lat="-20.176070702184482" lon="57.50252560455415"><ele>73.5</ele><time>2026-10-01T14:54:36.000Z</time></trkpt><trkpt lat="-20.176070402184468" lon="57.50251547122085"><ele>73.5</ele><time>2026-10-01T14:54:37.000Z</time></trkpt><trkpt lat="-20.176070335517785" lon="57.50250537122086"><ele>73.5</ele><time>2026-10-01T14:54:38.000Z</time></trkpt><trkpt lat="-20.17607020218444" lon="57.502495237887594"><ele>73.3</ele><time>2026-10-01T14:54:39.000Z</time></trkpt><trkpt lat="-20.176069968851092" lon="57.50248403788764"><ele>73.3</ele><time>2026-10-01T14:54:40.000Z</time></trkpt><trkpt lat="-20.176069868851094" lon="57.50247273788757"><ele>73.3</ele><time>2026-10-01T14:54:41.000Z</time></trkpt><trkpt lat="-20.176070802184473" lon="57.50246070455417"><ele>73.3</ele><time>2026-10-01T14:54:42.000Z</time></trkpt><trkpt lat="-20.17607136885117" lon="57.502448537887496"><ele>73.3</ele><time>2026-10-01T14:54:43.000Z</time></trkpt><trkpt lat="-20.17607210218453" lon="57.5024360378873"><ele>72.9</ele><time>2026-10-01T14:54:44.000Z</time></trkpt><trkpt lat="-20.176073335517895" lon="57.502424071220574"><ele>72.9</ele><time>2026-10-01T14:54:45.000Z</time></trkpt><trkpt lat="-20.17607440218458" lon="57.50241247122053"><ele>72.9</ele><time>2026-10-01T14:54:46.000Z</time></trkpt><trkpt lat="-20.17607533551793" lon="57.50240153788716"><ele>72.9</ele><time>2026-10-01T14:54:47.000Z</time></trkpt><trkpt lat="-20.17607656885129" lon="57.502390871220356"><ele>72.9</ele><time>2026-10-01T14:54:48.000Z</time></trkpt><trkpt lat="-20.176077768851318" lon="57.502380737887016"><ele>72.7</ele><time>2026-10-01T14:54:49.000Z</time></trkpt><trkpt lat="-20.176077902184677" lon="57.50237173788689"><ele>72.7</ele><time>2026-10-01T14:54:50.000Z</time></trkpt><trkpt lat="-20.176077635518034" lon="57.502362537886725"><ele>72.7</ele><time>2026-10-01T14:54:51.000Z</time></trkpt><trkpt lat="-20.176077202184715" lon="57.50235267121983"><ele>72.7</ele><time>2026-10-01T14:54:52.000Z</time></trkpt><trkpt lat="-20.17607750218473" lon="57.50234203788631"><ele>72.7</ele><time>2026-10-01T14:54:53.000Z</time></trkpt><trkpt lat="-20.17607853551808" lon="57.50233053788618"><ele>72.5</ele><time>2026-10-01T14:54:54.000Z</time></trkpt><trkpt lat="-20.176080568851457" lon="57.50231727121941"><ele>72.5</ele><time>2026-10-01T14:54:55.000Z</time></trkpt><trkpt lat="-20.17608333551817" lon="57.502304271219415"><ele>72.5</ele><time>2026-10-01T14:54:56.000Z</time></trkpt><trkpt lat="-20.17608623551822" lon="57.50229180455276"><ele>72.5</ele><time>2026-10-01T14:54:57.000Z</time></trkpt><trkpt lat="-20.176088735518267" lon="57.50228013788609"><ele>72.5</ele><time>2026-10-01T14:54:58.000Z</time></trkpt><trkpt lat="-20.176090735518322" lon="57.50226877121942"><ele>72.5</ele><time>2026-10-01T14:54:59.000Z</time></trkpt><trkpt lat="-20.176091902185007" lon="57.50225867121937"><ele>72.5</ele><time>2026-10-01T14:55:00.000Z</time></trkpt><trkpt lat="-20.176092002185023" lon="57.50224923788598"><ele>72.5</ele><time>2026-10-01T14:55:01.000Z</time></trkpt><trkpt lat="-20.176091502185024" lon="57.50224043788595"><ele>72.5</ele><time>2026-10-01T14:55:02.000Z</time></trkpt><trkpt lat="-20.176090402185018" lon="57.502232137885905"><ele>72.5</ele><time>2026-10-01T14:55:03.000Z</time></trkpt><trkpt lat="-20.176088902185" lon="57.50222403788577"><ele>72.6</ele><time>2026-10-01T14:55:04.000Z</time></trkpt><trkpt lat="-20.17608723551833" lon="57.50221540455236"><ele>72.6</ele><time>2026-10-01T14:55:05.000Z</time></trkpt><trkpt lat="-20.176085635518298" lon="57.50220620455237"><ele>72.6</ele><time>2026-10-01T14:55:06.000Z</time></trkpt><trkpt lat="-20.176084302184933" lon="57.502196371219114"><ele>72.6</ele><time>2026-10-01T14:55:07.000Z</time></trkpt><trkpt lat="-20.176083002184903" lon="57.502185904552576"><ele>72.6</ele><time>2026-10-01T14:55:08.000Z</time></trkpt><trkpt lat="-20.176082302184888" lon="57.50217563788594"><ele>72.6</ele><time>2026-10-01T14:55:09.000Z</time></trkpt><trkpt lat="-20.176082035518206" lon="57.5021655712193"><ele>72.6</ele><time>2026-10-01T14:55:10.000Z</time></trkpt><trkpt lat="-20.176081668851566" lon="57.5021553045525"><ele>72.6</ele><time>2026-10-01T14:55:11.000Z</time></trkpt><trkpt lat="-20.176081002184922" lon="57.502145171218956"><ele>72.6</ele><time>2026-10-01T14:55:12.000Z</time></trkpt><trkpt lat="-20.176080435518283" lon="57.50213560455207"><ele>72.6</ele><time>2026-10-01T14:55:13.000Z</time></trkpt><trkpt lat="-20.176079202184958" lon="57.50212620455197"><ele>72.5</ele><time>2026-10-01T14:55:14.000Z</time></trkpt><trkpt lat="-20.176077868851635" lon="57.50211693788516"><ele>72.5</ele><time>2026-10-01T14:55:15.000Z</time></trkpt><trkpt lat="-20.1760768355183" lon="57.50210720455173"><ele>72.5</ele><time>2026-10-01T14:55:16.000Z</time></trkpt><trkpt lat="-20.17607553551827" lon="57.502096971218364"><ele>72.5</ele><time>2026-10-01T14:55:17.000Z</time></trkpt><trkpt lat="-20.176074335518237" lon="57.50208543788492"><ele>72.5</ele><time>2026-10-01T14:55:18.000Z</time></trkpt><trkpt lat="-20.176073735518223" lon="57.50207337121801"><ele>72.5</ele><time>2026-10-01T14:55:19.000Z</time></trkpt><trkpt lat="-20.17607296885153" lon="57.50206090455117"><ele>72.5</ele><time>2026-10-01T14:55:20.000Z</time></trkpt><trkpt lat="-20.176072702184836" lon="57.50204880455094"><ele>72.5</ele><time>2026-10-01T14:55:21.000Z</time></trkpt><trkpt lat="-20.176073035518172" lon="57.50203753788397"><ele>72.5</ele><time>2026-10-01T14:55:22.000Z</time></trkpt><trkpt lat="-20.176073635518186" lon="57.50202750455044"><ele>72.5</ele><time>2026-10-01T14:55:23.000Z</time></trkpt><trkpt lat="-20.1760732355182" lon="57.50201777121704"><ele>72.4</ele><time>2026-10-01T14:55:24.000Z</time></trkpt><trkpt lat="-20.17607296885155" lon="57.502008637883556"><ele>72.4</ele><time>2026-10-01T14:55:25.000Z</time></trkpt><trkpt lat="-20.176072435518225" lon="57.501999571216935"><ele>72.4</ele><time>2026-10-01T14:55:26.000Z</time></trkpt><trkpt lat="-20.176071535518222" lon="57.50199010455026"><ele>72.4</ele><time>2026-10-01T14:55:27.000Z</time></trkpt><trkpt lat="-20.176069902184857" lon="57.501980237883444"><ele>72.4</ele><time>2026-10-01T14:55:28.000Z</time></trkpt><trkpt lat="-20.17606816885148" lon="57.50197000454997"><ele>72.4</ele><time>2026-10-01T14:55:29.000Z</time></trkpt><trkpt lat="-20.176066168851435" lon="57.50195897121644"><ele>72.4</ele><time>2026-10-01T14:55:30.000Z</time></trkpt><trkpt lat="-20.176063935518055" lon="57.50194830454956"><ele>72.4</ele><time>2026-10-01T14:55:31.000Z</time></trkpt><trkpt lat="-20.1760611021847" lon="57.501937771216035"><ele>72.4</ele><time>2026-10-01T14:55:32.000Z</time></trkpt><trkpt lat="-20.176058235518" lon="57.501928171216"><ele>72.4</ele><time>2026-10-01T14:55:33.000Z</time></trkpt><trkpt lat="-20.17605506885126" lon="57.50191860454927"><ele>72.4</ele><time>2026-10-01T14:55:34.000Z</time></trkpt><trkpt lat="-20.17605146885114" lon="57.50190927121582"><ele>72.4</ele><time>2026-10-01T14:55:35.000Z</time></trkpt><trkpt lat="-20.176047635517676" lon="57.50189993788234"><ele>72.4</ele><time>2026-10-01T14:55:36.000Z</time></trkpt><trkpt lat="-20.17604413551752" lon="57.50189147121559"><ele>72.4</ele><time>2026-10-01T14:55:37.000Z</time></trkpt><trkpt lat="-20.176040268850734" lon="57.50188250454878"><ele>72.4</ele><time>2026-10-01T14:55:38.000Z</time></trkpt><trkpt lat="-20.176036502183965" lon="57.5018737712153"><ele>72.4</ele><time>2026-10-01T14:55:39.000Z</time></trkpt><trkpt lat="-20.176032235517283" lon="57.50186513788195"><ele>72.4</ele><time>2026-10-01T14:55:40.000Z</time></trkpt><trkpt lat="-20.176027668850566" lon="57.501856037881836"><ele>72.4</ele><time>2026-10-01T14:55:41.000Z</time></trkpt><trkpt lat="-20.17602256885051" lon="57.501846004548256"><ele>72.4</ele><time>2026-10-01T14:55:42.000Z</time></trkpt><trkpt lat="-20.17601696885044" lon="57.501835871214766"><ele>72.4</ele><time>2026-10-01T14:55:43.000Z</time></trkpt><trkpt lat="-20.176010868850405" lon="57.50182607121455"><ele>72.3</ele><time>2026-10-01T14:55:44.000Z</time></trkpt><trkpt lat="-20.176004835517016" lon="57.501817237880985"><ele>72.3</ele><time>2026-10-01T14:55:45.000Z</time></trkpt><trkpt lat="-20.17599906885035" lon="57.50180910454749"><ele>72.3</ele><time>2026-10-01T14:55:46.000Z</time></trkpt><trkpt lat="-20.175993568850345" lon="57.50180157121408"><ele>72.3</ele><time>2026-10-01T14:55:47.000Z</time></trkpt><trkpt lat="-20.175988168850303" lon="57.50179383788062"><ele>72.3</ele><time>2026-10-01T14:55:48.000Z</time></trkpt><trkpt lat="-20.175982935516863" lon="57.501785571213816"><ele>72.3</ele><time>2026-10-01T14:55:49.000Z</time></trkpt><trkpt lat="-20.175977935516766" lon="57.501776071213655"><ele>72.3</ele><time>2026-10-01T14:55:50.000Z</time></trkpt><trkpt lat="-20.17597276885002" lon="57.50176643788014"><ele>72.3</ele><time>2026-10-01T14:55:51.000Z</time></trkpt><trkpt lat="-20.17596753551663" lon="57.50175577121329"><ele>72.3</ele><time>2026-10-01T14:55:52.000Z</time></trkpt><trkpt lat="-20.17596310218327" lon="57.50174527121318"><ele>72.3</ele><time>2026-10-01T14:55:53.000Z</time></trkpt><trkpt lat="-20.17595890218326" lon="57.50173487121324"><ele>72.2</ele><time>2026-10-01T14:55:54.000Z</time></trkpt><trkpt lat="-20.17595510218319" lon="57.50172430454652"><ele>72.2</ele><time>2026-10-01T14:55:55.000Z</time></trkpt><trkpt lat="-20.175951168849743" lon="57.501712637879834"><ele>72.2</ele><time>2026-10-01T14:55:56.000Z</time></trkpt><trkpt lat="-20.17594676884959" lon="57.50170153787983"><ele>72.2</ele><time>2026-10-01T14:55:57.000Z</time></trkpt><trkpt lat="-20.175941768849444" lon="57.50169010454645"><ele>72.2</ele><time>2026-10-01T14:55:58.000Z</time></trkpt><trkpt lat="-20.175936835516044" lon="57.50167903787965"><ele>72.0</ele><time>2026-10-01T14:55:59.000Z</time></trkpt><trkpt lat="-20.175931235516025" lon="57.50166797121299"><ele>72.0</ele><time>2026-10-01T14:56:00.000Z</time></trkpt><trkpt lat="-20.175925235516065" lon="57.501657237879726"><ele>72.0</ele><time>2026-10-01T14:56:01.000Z</time></trkpt><trkpt lat="-20.175918635516126" lon="57.50164647121311"><ele>72.0</ele><time>2026-10-01T14:56:02.000Z</time></trkpt><trkpt lat="-20.17591130218283" lon="57.50163603787987"><ele>72.0</ele><time>2026-10-01T14:56:03.000Z</time></trkpt><trkpt lat="-20.175903235516166" lon="57.501625671213255"><ele>71.9</ele><time>2026-10-01T14:56:04.000Z</time></trkpt><trkpt lat="-20.17589563551609" lon="57.50161543787984"><ele>71.9</ele><time>2026-10-01T14:56:05.000Z</time></trkpt><trkpt lat="-20.175887735516024" lon="57.50160650454636"><ele>71.9</ele><time>2026-10-01T14:56:06.000Z</time></trkpt><trkpt lat="-20.175880635515963" lon="57.50159773787956"><ele>71.9</ele><time>2026-10-01T14:56:07.000Z</time></trkpt><trkpt lat="-20.17587293551593" lon="57.50158890454601"><ele>71.9</ele><time>2026-10-01T14:56:08.000Z</time></trkpt><trkpt lat="-20.17586593551583" lon="57.501581104545835"><ele>71.5</ele><time>2026-10-01T14:56:09.000Z</time></trkpt><trkpt lat="-20.175858235515797" lon="57.501573237879185"><ele>71.5</ele><time>2026-10-01T14:56:10.000Z</time></trkpt><trkpt lat="-20.175850835515746" lon="57.50156397121261"><ele>71.5</ele><time>2026-10-01T14:56:11.000Z</time></trkpt><trkpt lat="-20.175842768848977" lon="57.50155447121267"><ele>71.5</ele><time>2026-10-01T14:56:12.000Z</time></trkpt><trkpt lat="-20.1758345355155" lon="57.501545171212754"><ele>71.5</ele><time>2026-10-01T14:56:13.000Z</time></trkpt><trkpt lat="-20.175825202182143" lon="57.50153510454612"><ele>71.0</ele><time>2026-10-01T14:56:14.000Z</time></trkpt><trkpt lat="-20.17581630218205" lon="57.501525937879386"><ele>71.0</ele><time>2026-10-01T14:56:15.000Z</time></trkpt><trkpt lat="-20.175806902181836" lon="57.50151750454595"><ele>71.0</ele><time>2026-10-01T14:56:16.000Z</time></trkpt><trkpt lat="-20.17579713551499" lon="57.50150923787923"><ele>71.0</ele><time>2026-10-01T14:56:17.000Z</time></trkpt><trkpt lat="-20.175787668848137" lon="57.50150103787912"><ele>71.0</ele><time>2026-10-01T14:56:18.000Z</time></trkpt><trkpt lat="-20.175778335514558" lon="57.50149257121232"><ele>70.7</ele><time>2026-10-01T14:56:19.000Z</time></trkpt><trkpt lat="-20.175768202180983" lon="57.501483871212244"><ele>70.7</ele><time>2026-10-01T14:56:20.000Z</time></trkpt><trkpt lat="-20.175758602180846" lon="57.501475104545456"><ele>70.7</ele><time>2026-10-01T14:56:21.000Z</time></trkpt><trkpt lat="-20.175749602180687" lon="57.50146653787863"><ele>70.7</ele><time>2026-10-01T14:56:22.000Z</time></trkpt><trkpt lat="-20.17574116884729" lon="57.50145860454516"><ele>70.7</ele><time>2026-10-01T14:56:23.000Z</time></trkpt><trkpt lat="-20.175732768847105" lon="57.50145123787843"><ele>69.8</ele><time>2026-10-01T14:56:24.000Z</time></trkpt><trkpt lat="-20.175723468846957" lon="57.50144420454495"><ele>69.8</ele><time>2026-10-01T14:56:25.000Z</time></trkpt><trkpt lat="-20.175713502180088" lon="57.50143840454486"><ele>69.8</ele><time>2026-10-01T14:56:26.000Z</time></trkpt><trkpt lat="-20.17570310217995" lon="57.50143327121141"><ele>69.8</ele><time>2026-10-01T14:56:27.000Z</time></trkpt><trkpt lat="-20.175692635513066" lon="57.50142803787801"><ele>69.8</ele><time>2026-10-01T14:56:28.000Z</time></trkpt><trkpt lat="-20.175682002179688" lon="57.501422904544555"><ele>68.7</ele><time>2026-10-01T14:56:29.000Z</time></trkpt><trkpt lat="-20.17567233551291" lon="57.501418437877774"><ele>68.7</ele><time>2026-10-01T14:56:30.000Z</time></trkpt><trkpt lat="-20.175662368846147" lon="57.50141310454436"><ele>68.7</ele><time>2026-10-01T14:56:31.000Z</time></trkpt><trkpt lat="-20.175652335512744" lon="57.50140713787765"><ele>68.7</ele><time>2026-10-01T14:56:32.000Z</time></trkpt><trkpt lat="-20.175642135512742" lon="57.50140083787754"><ele>68.7</ele><time>2026-10-01T14:56:33.000Z</time></trkpt><trkpt lat="-20.175632635512677" lon="57.501393304544045"><ele>68.3</ele><time>2026-10-01T14:56:34.000Z</time></trkpt><trkpt lat="-20.175622468845994" lon="57.50138457121058"><ele>68.3</ele><time>2026-10-01T14:56:35.000Z</time></trkpt><trkpt lat="-20.175612902179285" lon="57.501374871210466"><ele>68.3</ele><time>2026-10-01T14:56:36.000Z</time></trkpt><trkpt lat="-20.17560350217907" lon="57.50136487121034"><ele>68.3</ele><time>2026-10-01T14:56:37.000Z</time></trkpt><trkpt lat="-20.175593768845438" lon="57.501355371210266"><ele>68.3</ele><time>2026-10-01T14:56:38.000Z</time></trkpt><trkpt lat="-20.17558296884503" lon="57.50134723787697"><ele>67.4</ele><time>2026-10-01T14:56:39.000Z</time></trkpt><trkpt lat="-20.1755721355112" lon="57.501339271210384"><ele>67.4</ele><time>2026-10-01T14:56:40.000Z</time></trkpt><trkpt lat="-20.175560735510818" lon="57.50133123787708"><ele>67.4</ele><time>2026-10-01T14:56:41.000Z</time></trkpt><trkpt lat="-20.17554876884389" lon="57.50132317121039"><ele>67.4</ele><time>2026-10-01T14:56:42.000Z</time></trkpt><trkpt lat="-20.175536868843597" lon="57.501313871210314"><ele>67.4</ele><time>2026-10-01T14:56:43.000Z</time></trkpt><trkpt lat="-20.175524868843457" lon="57.501303371210085"><ele>66.6</ele><time>2026-10-01T14:56:44.000Z</time></trkpt><trkpt lat="-20.175512735510033" lon="57.50129260454312"><ele>66.6</ele><time>2026-10-01T14:56:45.000Z</time></trkpt><trkpt lat="-20.17550066884325" lon="57.50128270454278"><ele>66.6</ele><time>2026-10-01T14:56:46.000Z</time></trkpt><trkpt lat="-20.175489068843163" lon="57.50127250454257"><ele>66.6</ele><time>2026-10-01T14:56:47.000Z</time></trkpt><trkpt lat="-20.175476935509742" lon="57.501262171209156"><ele>66.6</ele><time>2026-10-01T14:56:48.000Z</time></trkpt><trkpt lat="-20.175465768842923" lon="57.50125183787592"><ele>66.2</ele><time>2026-10-01T14:56:49.000Z</time></trkpt><trkpt lat="-20.1754557021762" lon="57.501241571209356"><ele>66.2</ele><time>2026-10-01T14:56:50.000Z</time></trkpt><trkpt lat="-20.17544563550948" lon="57.501230904542886"><ele>66.2</ele><time>2026-10-01T14:56:51.000Z</time></trkpt><trkpt lat="-20.175435035509423" lon="57.501221004543005"><ele>66.2</ele><time>2026-10-01T14:56:52.000Z</time></trkpt><trkpt lat="-20.17542483550942" lon="57.50121177120968"><ele>66.2</ele><time>2026-10-01T14:56:53.000Z</time></trkpt><trkpt lat="-20.1754139688428" lon="57.501202971209636"><ele>65.3</ele><time>2026-10-01T14:56:54.000Z</time></trkpt><trkpt lat="-20.17540256884285" lon="57.50119443787628"><ele>65.3</ele><time>2026-10-01T14:56:55.000Z</time></trkpt><trkpt lat="-20.175391535509526" lon="57.50118617120944"><ele>65.3</ele><time>2026-10-01T14:56:56.000Z</time></trkpt><trkpt lat="-20.17538063550948" lon="57.50117783787592"><ele>65.3</ele><time>2026-10-01T14:56:57.000Z</time></trkpt><trkpt lat="-20.175369902176143" lon="57.5011695712091"><ele>65.3</ele><time>2026-10-01T14:56:58.000Z</time></trkpt><trkpt lat="-20.175359168842807" lon="57.50116160454223"><ele>64.4</ele><time>2026-10-01T14:56:59.000Z</time></trkpt><trkpt lat="-20.175348335509405" lon="57.50115373787535"><ele>64.4</ele><time>2026-10-01T14:57:00.000Z</time></trkpt><trkpt lat="-20.175337202176014" lon="57.50114640454183"><ele>64.4</ele><time>2026-10-01T14:57:01.000Z</time></trkpt><trkpt lat="-20.175326168842687" lon="57.50114017120835"><ele>64.4</ele><time>2026-10-01T14:57:02.000Z</time></trkpt><trkpt lat="-20.175314535509386" lon="57.50113437120822"><ele>64.4</ele><time>2026-10-01T14:57:03.000Z</time></trkpt><trkpt lat="-20.17530263550931" lon="57.50112893787483"><ele>63.9</ele><time>2026-10-01T14:57:04.000Z</time></trkpt><trkpt lat="-20.175290968842585" lon="57.501123571208154"><ele>63.9</ele><time>2026-10-01T14:57:05.000Z</time></trkpt><trkpt lat="-20.17527996884247" lon="57.50111703787492"><ele>63.9</ele><time>2026-10-01T14:57:06.000Z</time></trkpt><trkpt lat="-20.175269335508986" lon="57.50110953787504"><ele>63.9</ele><time>2026-10-01T14:57:07.000Z</time></trkpt><trkpt lat="-20.175259168842196" lon="57.50110203787513"><ele>63.9</ele><time>2026-10-01T14:57:08.000Z</time></trkpt><trkpt lat="-20.17524936884203" lon="57.50109437120847"><ele>63.0</ele><time>2026-10-01T14:57:09.000Z</time></trkpt><trkpt lat="-20.17523933550852" lon="57.50108713787513"><ele>63.0</ele><time>2026-10-01T14:57:10.000Z</time></trkpt><trkpt lat="-20.175229035508345" lon="57.501080404541725"><ele>63.0</ele><time>2026-10-01T14:57:11.000Z</time></trkpt><trkpt lat="-20.175218602174887" lon="57.50107363787498"><ele>63.0</ele><time>2026-10-01T14:57:12.000Z</time></trkpt><trkpt lat="-20.175208302174713" lon="57.501066537874884"><ele>63.0</ele><time>2026-10-01T14:57:13.000Z</time></trkpt><trkpt lat="-20.175197902174684" lon="57.50105920454148"><ele>62.3</ele><time>2026-10-01T14:57:14.000Z</time></trkpt><trkpt lat="-20.17518786884128" lon="57.50105083787465"><ele>62.3</ele><time>2026-10-01T14:57:15.000Z</time></trkpt><trkpt lat="-20.17517763550785" lon="57.50104257120783"><ele>62.3</ele><time>2026-10-01T14:57:16.000Z</time></trkpt><trkpt lat="-20.175167568840912" lon="57.50103433787437"><ele>62.3</ele><time>2026-10-01T14:57:17.000Z</time></trkpt><trkpt lat="-20.175157968840672" lon="57.501026204540985"><ele>62.3</ele><time>2026-10-01T14:57:18.000Z</time></trkpt><trkpt lat="-20.175148768840483" lon="57.501017937874266"><ele>61.9</ele><time>2026-10-01T14:57:19.000Z</time></trkpt><trkpt lat="-20.175139568840297" lon="57.50101033787428"><ele>61.9</ele><time>2026-10-01T14:57:20.000Z</time></trkpt><trkpt lat="-20.175130602173454" lon="57.50100273787422"><ele>61.9</ele><time>2026-10-01T14:57:21.000Z</time></trkpt><trkpt lat="-20.17512183550675" lon="57.50099463787412"><ele>61.9</ele><time>2026-10-01T14:57:22.000Z</time></trkpt><trkpt lat="-20.17511256883992" lon="57.50098650454066"><ele>61.9</ele><time>2026-10-01T14:57:23.000Z</time></trkpt><trkpt lat="-20.175102468839558" lon="57.50097860454048"><ele>61.3</ele><time>2026-10-01T14:57:24.000Z</time></trkpt><trkpt lat="-20.17509263550597" lon="57.50097110454038"><ele>61.3</ele><time>2026-10-01T14:57:25.000Z</time></trkpt><trkpt lat="-20.175082102172336" lon="57.50096303787363"><ele>61.3</ele><time>2026-10-01T14:57:26.000Z</time></trkpt><trkpt lat="-20.17507096883873" lon="57.50095557120685"><ele>61.3</ele><time>2026-10-01T14:57:27.000Z</time></trkpt><trkpt lat="-20.175059835505124" lon="57.50094817120679"><ele>61.3</ele><time>2026-10-01T14:57:28.000Z</time></trkpt><trkpt lat="-20.17504843550496" lon="57.50094063787342"><ele>60.6</ele><time>2026-10-01T14:57:29.000Z</time></trkpt><trkpt lat="-20.175036702171376" lon="57.50093210453999"><ele>60.6</ele><time>2026-10-01T14:57:30.000Z</time></trkpt><trkpt lat="-20.17502546883792" lon="57.500924304539886"><ele>60.6</ele><time>2026-10-01T14:57:31.000Z</time></trkpt><trkpt lat="-20.175013668837696" lon="57.50091657120642"><ele>60.6</ele><time>2026-10-01T14:57:32.000Z</time></trkpt><trkpt lat="-20.175001868837473" lon="57.50090847120617"><ele>60.6</ele><time>2026-10-01T14:57:33.000Z</time></trkpt><trkpt lat="-20.17499096883721" lon="57.50090010453933"><ele>60.3</ele><time>2026-10-01T14:57:34.000Z</time></trkpt><trkpt lat="-20.174979335503693" lon="57.500891804539194"><ele>60.3</ele><time>2026-10-01T14:57:35.000Z</time></trkpt><trkpt lat="-20.174967135503415" lon="57.50088317120569"><ele>60.3</ele><time>2026-10-01T14:57:36.000Z</time></trkpt><trkpt lat="-20.174955735503247" lon="57.5008740045389"><ele>60.3</ele><time>2026-10-01T14:57:37.000Z</time></trkpt><trkpt lat="-20.174944235503226" lon="57.50086567120553"><ele>60.3</ele><time>2026-10-01T14:57:38.000Z</time></trkpt><trkpt lat="-20.17493266883657" lon="57.50085827120548"><ele>59.5</ele><time>2026-10-01T14:57:39.000Z</time></trkpt><trkpt lat="-20.174922302169858" lon="57.50085097120541"><ele>59.5</ele><time>2026-10-01T14:57:40.000Z</time></trkpt><trkpt lat="-20.17491236883663" lon="57.50084363787198"><ele>59.5</ele><time>2026-10-01T14:57:41.000Z</time></trkpt><trkpt lat="-20.174901968836707" lon="57.50083687120521"><ele>59.5</ele><time>2026-10-01T14:57:42.000Z</time></trkpt><trkpt lat="-20.17489163550342" lon="57.500829904538435"><ele>59.5</ele><time>2026-10-01T14:57:43.000Z</time></trkpt><trkpt lat="-20.174881602170124" lon="57.50082150453833"><ele>58.8</ele><time>2026-10-01T14:57:44.000Z</time></trkpt><trkpt lat="-20.174871035503497" lon="57.50081273787165"><ele>58.8</ele><time>2026-10-01T14:57:45.000Z</time></trkpt><trkpt lat="-20.174860535503505" lon="57.50080413787174"><ele>58.8</ele><time>2026-10-01T14:57:46.000Z</time></trkpt><trkpt lat="-20.174850535503428" lon="57.50079510453851"><ele>58.8</ele><time>2026-10-01T14:57:47.000Z</time></trkpt><trkpt lat="-20.174840635503198" lon="57.50078573787188"><ele>58.8</ele><time>2026-10-01T14:57:48.000Z</time></trkpt><trkpt lat="-20.17483076883629" lon="57.500777237871844"><ele>58.4</ele><time>2026-10-01T14:57:49.000Z</time></trkpt><trkpt lat="-20.174821268836006" lon="57.50076983787169"><ele>58.4</ele><time>2026-10-01T14:57:50.000Z</time></trkpt><trkpt lat="-20.174812068835713" lon="57.500762537871516"><ele>58.4</ele><time>2026-10-01T14:57:51.000Z</time></trkpt><trkpt lat="-20.17480276883535" lon="57.5007559712047"><ele>58.4</ele><time>2026-10-01T14:57:52.000Z</time></trkpt><trkpt lat="-20.174793702168337" lon="57.50074933787124"><ele>58.4</ele><time>2026-10-01T14:57:53.000Z</time></trkpt><trkpt lat="-20.174784468834723" lon="57.5007423045378"><ele>57.6</ele><time>2026-10-01T14:57:54.000Z</time></trkpt><trkpt lat="-20.174775368834496" lon="57.50073540453773"><ele>57.6</ele><time>2026-10-01T14:57:55.000Z</time></trkpt><trkpt lat="-20.174765935500858" lon="57.500727704537624"><ele>57.6</ele><time>2026-10-01T14:57:56.000Z</time></trkpt><trkpt lat="-20.174756768833994" lon="57.50071890453749"><ele>57.6</ele><time>2026-10-01T14:57:57.000Z</time></trkpt><trkpt lat="-20.174748268833845" lon="57.50070983787074"><ele>57.6</ele><time>2026-10-01T14:57:58.000Z</time></trkpt><trkpt lat="-20.17474013550033" lon="57.50070077120402"><ele>56.8</ele><time>2026-10-01T14:57:59.000Z</time></trkpt><trkpt lat="-20.174731868833426" lon="57.500690737870606"><ele>56.8</ele><time>2026-10-01T14:58:00.000Z</time></trkpt><trkpt lat="-20.174723768833225" lon="57.5006813712039"><ele>56.8</ele><time>2026-10-01T14:58:01.000Z</time></trkpt><trkpt lat="-20.17471556883296" lon="57.500672404537156"><ele>56.8</ele><time>2026-10-01T14:58:02.000Z</time></trkpt><trkpt lat="-20.174706768832827" lon="57.50066383787045"><ele>56.8</ele><time>2026-10-01T14:58:03.000Z</time></trkpt><trkpt lat="-20.174697335499292" lon="57.50065613787039"><ele>56.4</ele><time>2026-10-01T14:58:04.000Z</time></trkpt><trkpt lat="-20.174687902165758" lon="57.500649471203744"><ele>56.4</ele><time>2026-10-01T14:58:05.000Z</time></trkpt><trkpt lat="-20.174678868832277" lon="57.50064407120376"><ele>56.4</ele><time>2026-10-01T14:58:06.000Z</time></trkpt><trkpt lat="-20.174670602165584" lon="57.50063887120384"><ele>56.4</ele><time>2026-10-01T14:58:07.000Z</time></trkpt><trkpt lat="-20.174662435498746" lon="57.50063337120389"><ele>56.4</ele><time>2026-10-01T14:58:08.000Z</time></trkpt><trkpt lat="-20.17465480216535" lon="57.50062720453728"><ele>55.5</ele><time>2026-10-01T14:58:09.000Z</time></trkpt><trkpt lat="-20.174646535498766" lon="57.50062137120398"><ele>55.5</ele><time>2026-10-01T14:58:10.000Z</time></trkpt><trkpt lat="-20.174637368832222" lon="57.50061460453734"><ele>55.5</ele><time>2026-10-01T14:58:11.000Z</time></trkpt><trkpt lat="-20.174626902165553" lon="57.500607471204"><ele>55.5</ele><time>2026-10-01T14:58:12.000Z</time></trkpt><trkpt lat="-20.174616435498884" lon="57.50060047120401"><ele>55.5</ele><time>2026-10-01T14:58:13.000Z</time></trkpt><trkpt lat="-20.174606102165495" lon="57.50059337120401"><ele>54.7</ele><time>2026-10-01T14:58:14.000Z</time></trkpt><trkpt lat="-20.17459670216539" lon="57.5005852045373"><ele>54.7</ele><time>2026-10-01T14:58:15.000Z</time></trkpt><trkpt lat="-20.174588102165178" lon="57.50057673787052"><ele>54.7</ele><time>2026-10-01T14:58:16.000Z</time></trkpt><trkpt lat="-20.174580335498394" lon="57.50056880453708"><ele>54.7</ele><time>2026-10-01T14:58:17.000Z</time></trkpt><trkpt lat="-20.17457250216497" lon="57.500560737870295"><ele>54.7</ele><time>2026-10-01T14:58:18.000Z</time></trkpt><trkpt lat="-20.174564068831465" lon="57.500552704536815"><ele>54.3</ele><time>2026-10-01T14:58:19.000Z</time></trkpt><trkpt lat="-20.174555102164515" lon="57.50054473787005"><ele>54.3</ele><time>2026-10-01T14:58:20.000Z</time></trkpt><trkpt lat="-20.174546235497637" lon="57.500536904536716"><ele>54.3</ele><time>2026-10-01T14:58:21.000Z</time></trkpt><trkpt lat="-20.174537468830714" lon="57.50052910453671"><ele>54.3</ele><time>2026-10-01T14:58:22.000Z</time></trkpt><trkpt lat="-20.174528368830384" lon="57.500521571203365"><ele>54.3</ele><time>2026-10-01T14:58:23.000Z</time></trkpt><trkpt lat="-20.174519668830104" lon="57.500514371203394"><ele>53.7</ele><time>2026-10-01T14:58:24.000Z</time></trkpt><trkpt lat="-20.17451100216325" lon="57.50050763787006"><ele>53.7</ele><time>2026-10-01T14:58:25.000Z</time></trkpt><trkpt lat="-20.174501768829636" lon="57.50050103787005"><ele>53.7</ele><time>2026-10-01T14:58:26.000Z</time></trkpt><trkpt lat="-20.17449280216269" lon="57.500493904536725"><ele>53.7</ele><time>2026-10-01T14:58:27.000Z</time></trkpt><trkpt lat="-20.1744839021626" lon="57.50048793787006"><ele>53.7</ele><time>2026-10-01T14:58:28.000Z</time></trkpt><trkpt lat="-20.174474968829184" lon="57.50048220453666"><ele>53.1</ele><time>2026-10-01T14:58:29.000Z</time></trkpt><trkpt lat="-20.17446506882917" lon="57.500477771203315"><ele>53.1</ele><time>2026-10-01T14:58:30.000Z</time></trkpt><trkpt lat="-20.174455335495864" lon="57.500473371203285"><ele>53.1</ele><time>2026-10-01T14:58:31.000Z</time></trkpt><trkpt lat="-20.17444520216261" lon="57.500468971203226"><ele>53.1</ele><time>2026-10-01T14:58:32.000Z</time></trkpt><trkpt lat="-20.174435235495846" lon="57.500463271203124"><ele>53.1</ele><time>2026-10-01T14:58:33.000Z</time></trkpt><trkpt lat="-20.17442470216243" lon="57.50045733786978"><ele>52.9</ele><time>2026-10-01T14:58:34.000Z</time></trkpt><trkpt lat="-20.17441506882897" lon="57.5004498712031"><ele>52.9</ele><time>2026-10-01T14:58:35.000Z</time></trkpt><trkpt lat="-20.174405702162186" lon="57.50044250453637"><ele>52.9</ele><time>2026-10-01T14:58:36.000Z</time></trkpt><trkpt lat="-20.1743963354954" lon="57.50043610453629"><ele>52.9</ele><time>2026-10-01T14:58:37.000Z</time></trkpt><trkpt lat="-20.17438696882861" lon="57.500430271202944"><ele>52.9</ele><time>2026-10-01T14:58:38.000Z</time></trkpt><trkpt lat="-20.174378235495226" lon="57.5004243378696"><ele>52.3</ele><time>2026-10-01T14:58:39.000Z</time></trkpt><trkpt lat="-20.174369768828406" lon="57.50041817120287"><ele>52.3</ele><time>2026-10-01T14:58:40.000Z</time></trkpt><trkpt lat="-20.174360702161497" lon="57.50041170453619"><ele>52.3</ele><time>2026-10-01T14:58:41.000Z</time></trkpt><trkpt lat="-20.174351968827896" lon="57.50040437120284"><ele>52.3</ele><time>2026-10-01T14:58:42.000Z</time></trkpt><trkpt lat="-20.17434353549439" lon="57.50039650453616"><ele>52.3</ele><time>2026-10-01T14:58:43.000Z</time></trkpt><trkpt lat="-20.17433483549411" lon="57.50038857120277"><ele>51.9</ele><time>2026-10-01T14:58:44.000Z</time></trkpt><trkpt lat="-20.174326202160575" lon="57.50038047120277"><ele>51.9</ele><time>2026-10-01T14:58:45.000Z</time></trkpt><trkpt lat="-20.174317668827108" lon="57.50037283786942"><ele>51.9</ele><time>2026-10-01T14:58:46.000Z</time></trkpt><trkpt lat="-20.174308268827" lon="57.500365637869436"><ele>51.9</ele><time>2026-10-01T14:58:47.000Z</time></trkpt><trkpt lat="-20.174298335493454" lon="57.50035860453603"><ele>51.9</ele><time>2026-10-01T14:58:48.000Z</time></trkpt><trkpt lat="-20.174288035493277" lon="57.500352404535946"><ele>51.7</ele><time>2026-10-01T14:58:49.000Z</time></trkpt><trkpt lat="-20.174277802159743" lon="57.50034610453582"><ele>51.7</ele><time>2026-10-01T14:58:50.000Z</time></trkpt><trkpt lat="-20.17426813549286" lon="57.50034040453569"><ele>51.7</ele><time>2026-10-01T14:58:51.000Z</time></trkpt><trkpt lat="-20.17425900215931" lon="57.50033483786884"><ele>51.7</ele><time>2026-10-01T14:58:52.000Z</time></trkpt><trkpt lat="-20.174250635492555" lon="57.50032950453542"><ele>51.7</ele><time>2026-10-01T14:58:53.000Z</time></trkpt><trkpt lat="-20.174242635492426" lon="57.50032390453532"><ele>51.1</ele><time>2026-10-01T14:58:54.000Z</time></trkpt><trkpt lat="-20.174234535492335" lon="57.50031880453522"><ele>51.1</ele><time>2026-10-01T14:58:55.000Z</time></trkpt><trkpt lat="-20.174226335492286" lon="57.50031277120174"><ele>51.1</ele><time>2026-10-01T14:58:56.000Z</time></trkpt><trkpt lat="-20.174218602158824" lon="57.5003073378683"><ele>51.1</ele><time>2026-10-01T14:58:57.000Z</time></trkpt><trkpt lat="-20.17421066882533" lon="57.500301404534774"><ele>51.1</ele><time>2026-10-01T14:58:58.000Z</time></trkpt><trkpt lat="-20.174202835491908" lon="57.50029473786797"><ele>50.3</ele><time>2026-10-01T14:58:59.000Z</time></trkpt><trkpt lat="-20.174194668825074" lon="57.50028810453449"><ele>50.3</ele><time>2026-10-01T14:59:00.000Z</time></trkpt><trkpt lat="-20.174186468824914" lon="57.50028173786767"><ele>50.3</ele><time>2026-10-01T14:59:01.000Z</time></trkpt><trkpt lat="-20.17417780215817" lon="57.50027453786747"><ele>50.3</ele><time>2026-10-01T14:59:02.000Z</time></trkpt><trkpt lat="-20.17416923549149" lon="57.50026760453396"><ele>50.3</ele><time>2026-10-01T14:59:03.000Z</time></trkpt><trkpt lat="-20.17416093549148" lon="57.50026153786713"><ele>49.9</ele><time>2026-10-01T14:59:04.000Z</time></trkpt><trkpt lat="-20.174153302158192" lon="57.50025540453358"><ele>49.9</ele><time>2026-10-01T14:59:05.000Z</time></trkpt><trkpt lat="-20.174145735491543" lon="57.50024943786673"><ele>49.9</ele><time>2026-10-01T14:59:06.000Z</time></trkpt><trkpt lat="-20.174138368824817" lon="57.50024357119988"><ele>49.9</ele><time>2026-10-01T14:59:07.000Z</time></trkpt><trkpt lat="-20.174131268824755" lon="57.50023760453301"><ele>49.9</ele><time>2026-10-01T14:59:08.000Z</time></trkpt><trkpt lat="-20.17412436882472" lon="57.50023107119947"><ele>49.2</ele><time>2026-10-01T14:59:09.000Z</time></trkpt><trkpt lat="-20.17411730215798" lon="57.500225004532695"><ele>49.2</ele><time>2026-10-01T14:59:10.000Z</time></trkpt><trkpt lat="-20.1741103354912" lon="57.50021847119931"><ele>49.2</ele><time>2026-10-01T14:59:11.000Z</time></trkpt><trkpt lat="-20.174103302157782" lon="57.50021173786596"><ele>49.2</ele><time>2026-10-01T14:59:12.000Z</time></trkpt><trkpt lat="-20.174095335490865" lon="57.50020530453262"><ele>49.2</ele><time>2026-10-01T14:59:13.000Z</time></trkpt><trkpt lat="-20.174086602157264" lon="57.50019793786599"><ele>48.8</ele><time>2026-10-01T14:59:14.000Z</time></trkpt><trkpt lat="-20.174076635490394" lon="57.50018997119937"><ele>48.8</ele><time>2026-10-01T14:59:15.000Z</time></trkpt><trkpt lat="-20.174066402156853" lon="57.5001815711993"><ele>48.8</ele><time>2026-10-01T14:59:16.000Z</time></trkpt><trkpt lat="-20.174055268823352" lon="57.5001728711992"><ele>48.8</ele><time>2026-10-01T14:59:17.000Z</time></trkpt><trkpt lat="-20.174044268823344" lon="57.500164337865804"><ele>48.8</ele><time>2026-10-01T14:59:18.000Z</time></trkpt><trkpt lat="-20.17403333548998" lon="57.50015580453233"><ele>48.6</ele><time>2026-10-01T14:59:19.000Z</time></trkpt><trkpt lat="-20.174023835489912" lon="57.50014743786549"><ele>48.6</ele><time>2026-10-01T14:59:20.000Z</time></trkpt><trkpt lat="-20.17401476882322" lon="57.50013967119874"><ele>48.6</ele><time>2026-10-01T14:59:21.000Z</time></trkpt><trkpt lat="-20.174006268823074" lon="57.50013200453196"><ele>48.6</ele><time>2026-10-01T14:59:22.000Z</time></trkpt><trkpt lat="-20.173998502156188" lon="57.5001244378652"><ele>48.6</ele><time>2026-10-01T14:59:23.000Z</time></trkpt><trkpt lat="-20.173991102155924" lon="57.50011790453182"><ele>47.9</ele><time>2026-10-01T14:59:24.000Z</time></trkpt><trkpt lat="-20.173983902155687" lon="57.50011120453172"><ele>47.9</ele><time>2026-10-01T14:59:25.000Z</time></trkpt><trkpt lat="-20.173976502155423" lon="57.50010437119825"><ele>47.9</ele><time>2026-10-01T14:59:26.000Z</time></trkpt><trkpt lat="-20.17396923548855" lon="57.50009770453147"><ele>47.9</ele><time>2026-10-01T14:59:27.000Z</time></trkpt><trkpt lat="-20.173962568821768" lon="57.500090504530945"><ele>47.9</ele><time>2026-10-01T14:59:28.000Z</time></trkpt><trkpt lat="-20.173953902154807" lon="57.50008317119753"><ele>47.1</ele><time>2026-10-01T14:59:29.000Z</time></trkpt></trkseg></trk></gpx>