<?xml version="1.0" encoding="UTF-8"?><gpx creator="Health" xsi:schemaLocation="http://www.topografix.com/GPX/1/0 http://www.topografix.com/GPX/1/0/gpx.xsd" version="1.0" xmlns="http://www.topografix.com/GPX/1/0" xmlns:xsi="http://www.w3.org/2001/XMLSchema-instance"><metadata><time>2026-09-24T13:03:14.000Z</time></metadata><trk><type>Mountain hike</type><extensions><totalTime>2057.0</totalTime><cumulativeDecrease>98.30000305175781</cumulativeDecrease><cumulativeClimb>90.0</cumulativeClimb><totalDistance>1670.0</totalDistance><routeType>0</routeType></extensions><trkseg><trkpt lat="-20.20434056917421" lon="57.46347767075937"><ele>145.1</ele><time>2026-09-24T13:03:14.000Z</time></trkpt><trkpt lat="-20.204342902507683" lon="57.463465004092825"><ele>145.1</ele><time>2026-09-24T13:03:15.000Z</time></trkpt><trkpt lat="-20.20434280250766" lon="57.46345623742595"><ele>145.1</ele><time>2026-09-24T13:03:16.000Z</time></trkpt><trkpt lat="-20.204343269174352" lon="57.463446637425896"><ele>145.1</ele><time>2026-09-24T13:03:17.000Z</time></trkpt><trkpt lat="-20.204343302507688" lon="57.46343840409251"><ele>145.1</ele><time>2026-09-24T13:03:18.000Z</time></trkpt><trkpt lat="-20.20434293584102" lon="57.46343043742576"><ele>145.1</ele><time>2026-09-24T13:03:19.000Z</time></trkpt><trkpt lat="-20.204342502507682" lon="57.46342340409245"><ele>145.1</ele><time>2026-09-24T13:03:20.000Z</time></trkpt><trkpt lat="-20.20434200250768" lon="57.463416604092515"><ele>145.1</ele><time>2026-09-24T13:03:21.000Z</time></trkpt><trkpt lat="-20.204341469174345" lon="57.463409937425936"><ele>145.1</ele><time>2026-09-24T13:03:22.000Z</time></trkpt><trkpt lat="-20.20434086917435" lon="57.46340257075932"><ele>145.1</ele><time>2026-09-24T13:03:23.000Z</time></trkpt><trkpt lat="-20.20434060250768" lon="57.463394537426"><ele>145.1</ele><time>2026-09-24T13:03:24.000Z</time></trkpt><trkpt lat="-20.204340435841015" lon="57.4633852040926"><ele>145.1</ele><time>2026-09-24T13:03:25.000Z</time></trkpt><trkpt lat="-20.20434110250771" lon="57.4633753374258"><ele>145.1</ele><time>2026-09-24T13:03:26.000Z</time></trkpt><trkpt lat="-20.204342035841073" lon="57.46336537075895"><ele>145.1</ele><time>2026-09-24T13:03:27.000Z</time></trkpt><trkpt lat="-20.204343135841107" lon="57.463355837425446"><ele>145.1</ele><time>2026-09-24T13:03:28.000Z</time></trkpt><trkpt lat="-20.20434373584112" lon="57.46334660409194"><ele>145.1</ele><time>2026-09-24T13:03:29.000Z</time></trkpt><trkpt lat="-20.20434373584115" lon="57.46333827075849"><ele>145.2</ele><time>2026-09-24T13:03:30.000Z</time></trkpt><trkpt lat="-20.204343002507812" lon="57.46333003742507"><ele>145.2</ele><time>2026-09-24T13:03:31.000Z</time></trkpt><trkpt lat="-20.20434213584114" lon="57.463321837424985"><ele>145.2</ele><time>2026-09-24T13:03:32.000Z</time></trkpt><trkpt lat="-20.204340935841138" lon="57.46331360409154"><ele>145.2</ele><time>2026-09-24T13:03:33.000Z</time></trkpt><trkpt lat="-20.204340069174485" lon="57.46330517075811"><ele>145.2</ele><time>2026-09-24T13:03:34.000Z</time></trkpt><trkpt lat="-20.20434023584118" lon="57.463296004091276"><ele>145.2</ele><time>2026-09-24T13:03:35.000Z</time></trkpt><trkpt lat="-20.204340902507887" lon="57.46328687075773"><ele>145.2</ele><time>2026-09-24T13:03:36.000Z</time></trkpt><trkpt lat="-20.20434130250793" lon="57.463277837424165"><ele>145.2</ele><time>2026-09-24T13:03:37.000Z</time></trkpt><trkpt lat="-20.20434200250797" lon="57.46326773742396"><ele>145.2</ele><time>2026-09-24T13:03:38.000Z</time></trkpt><trkpt lat="-20.204343169174695" lon="57.46325773742374"><ele>145.2</ele><time>2026-09-24T13:03:39.000Z</time></trkpt><trkpt lat="-20.204344235841404" lon="57.46324780409027"><ele>145.2</ele><time>2026-09-24T13:03:40.000Z</time></trkpt><trkpt lat="-20.20434473584143" lon="57.463237704090226"><ele>145.2</ele><time>2026-09-24T13:03:41.000Z</time></trkpt><trkpt lat="-20.204345302508123" lon="57.463226404090186"><ele>145.2</ele><time>2026-09-24T13:03:42.000Z</time></trkpt><trkpt lat="-20.204345769174818" lon="57.463214270756694"><ele>145.2</ele><time>2026-09-24T13:03:43.000Z</time></trkpt><trkpt lat="-20.2043452691748" lon="57.463202570756586"><ele>145.2</ele><time>2026-09-24T13:03:44.000Z</time></trkpt><trkpt lat="-20.204344502508107" lon="57.463191104089745"><ele>145.2</ele><time>2026-09-24T13:03:45.000Z</time></trkpt><trkpt lat="-20.204343269174743" lon="57.463179504089496"><ele>145.2</ele><time>2026-09-24T13:03:46.000Z</time></trkpt><trkpt lat="-20.204342469174726" lon="57.463168737422606"><ele>145.2</ele><time>2026-09-24T13:03:47.000Z</time></trkpt><trkpt lat="-20.2043426025081" lon="57.46315957075585"><ele>145.2</ele><time>2026-09-24T13:03:48.000Z</time></trkpt><trkpt lat="-20.204343369174833" lon="57.46315047075582"><ele>145.2</ele><time>2026-09-24T13:03:49.000Z</time></trkpt><trkpt lat="-20.20434443584157" lon="57.463141370755714"><ele>145.1</ele><time>2026-09-24T13:03:50.000Z</time></trkpt><trkpt lat="-20.204346635841674" lon="57.46313177075554"><ele>145.1</ele><time>2026-09-24T13:03:51.000Z</time></trkpt><trkpt lat="-20.20434860250843" lon="57.463121604088585"><ele>145.1</ele><time>2026-09-24T13:03:52.000Z</time></trkpt><trkpt lat="-20.20434943584179" lon="57.46311113742155"><ele>145.1</ele><time>2026-09-24T13:03:53.000Z</time></trkpt><trkpt lat="-20.204349702508487" lon="57.46310027075434"><ele>145.1</ele><time>2026-09-24T13:03:54.000Z</time></trkpt><trkpt lat="-20.204349469175177" lon="57.46308923742049"><ele>145.1</ele><time>2026-09-24T13:03:55.000Z</time></trkpt><trkpt lat="-20.204348169175148" lon="57.463078270753485"><ele>145.1</ele><time>2026-09-24T13:03:56.000Z</time></trkpt><trkpt lat="-20.204347035841785" lon="57.463067437419795"><ele>145.1</ele><time>2026-09-24T13:03:57.000Z</time></trkpt><trkpt lat="-20.204346235841754" lon="57.463056837419536"><ele>145.1</ele><time>2026-09-24T13:03:58.000Z</time></trkpt><trkpt lat="-20.204345735841713" lon="57.46304630408595"><ele>145.1</ele><time>2026-09-24T13:03:59.000Z</time></trkpt><trkpt lat="-20.204345469175003" lon="57.463035004085825"><ele>145.1</ele><time>2026-09-24T13:04:00.000Z</time></trkpt><trkpt lat="-20.204345769174996" lon="57.46302393741896"><ele>145.1</ele><time>2026-09-24T13:04:01.000Z</time></trkpt><trkpt lat="-20.20434573584165" lon="57.46301317075216"><ele>145.1</ele><time>2026-09-24T13:04:02.000Z</time></trkpt><trkpt lat="-20.204345002508312" lon="57.463002337418644"><ele>145.1</ele><time>2026-09-24T13:04:03.000Z</time></trkpt><trkpt lat="-20.204344602508325" lon="57.46299140408513"><ele>145.1</ele><time>2026-09-24T13:04:04.000Z</time></trkpt><trkpt lat="-20.20434433584167" lon="57.462981004084746"><ele>145.1</ele><time>2026-09-24T13:04:05.000Z</time></trkpt><trkpt lat="-20.20434380250835" lon="57.46297050408437"><ele>145.1</ele><time>2026-09-24T13:04:06.000Z</time></trkpt><trkpt lat="-20.20434346917503" lon="57.46296023741736"><ele>145.1</ele><time>2026-09-24T13:04:07.000Z</time></trkpt><trkpt lat="-20.204343635841695" lon="57.4629500374171"><ele>145.1</ele><time>2026-09-24T13:04:08.000Z</time></trkpt><trkpt lat="-20.204343869175027" lon="57.46293933741695"><ele>145.1</ele><time>2026-09-24T13:04:09.000Z</time></trkpt><trkpt lat="-20.20434400250836" lon="57.46292867075018"><ele>145.1</ele><time>2026-09-24T13:04:10.000Z</time></trkpt><trkpt lat="-20.204344235841695" lon="57.46291817075004"><ele>145.1</ele><time>2026-09-24T13:04:11.000Z</time></trkpt><trkpt lat="-20.204344235841695" lon="57.462907637416585"><ele>145.1</ele><time>2026-09-24T13:04:12.000Z</time></trkpt><trkpt lat="-20.204343935841685" lon="57.46289660408312"><ele>145.1</ele><time>2026-09-24T13:04:13.000Z</time></trkpt><trkpt lat="-20.20434316917499" lon="57.46288580408291"><ele>145.1</ele><time>2026-09-24T13:04:14.000Z</time></trkpt><trkpt lat="-20.20434236917496" lon="57.46287523741599"><ele>145.1</ele><time>2026-09-24T13:04:15.000Z</time></trkpt><trkpt lat="-20.20434166917493" lon="57.46286423741585"><ele>145.1</ele><time>2026-09-24T13:04:16.000Z</time></trkpt><trkpt lat="-20.204341269174904" lon="57.462852804082466"><ele>145.1</ele><time>2026-09-24T13:04:17.000Z</time></trkpt><trkpt lat="-20.204341102508224" lon="57.46284177074898"><ele>145.1</ele><time>2026-09-24T13:04:18.000Z</time></trkpt><trkpt lat="-20.204340469174873" lon="57.46283153741558"><ele>145.1</ele><time>2026-09-24T13:04:19.000Z</time></trkpt><trkpt lat="-20.20434036917486" lon="57.462822137415586"><ele>145.1</ele><time>2026-09-24T13:04:20.000Z</time></trkpt><trkpt lat="-20.204339835841512" lon="57.462813504082234"><ele>145.1</ele><time>2026-09-24T13:04:21.000Z</time></trkpt><trkpt lat="-20.204338669174824" lon="57.46280477074869"><ele>145.1</ele><time>2026-09-24T13:04:22.000Z</time></trkpt><trkpt lat="-20.204337669174812" lon="57.46279640408186"><ele>145.1</ele><time>2026-09-24T13:04:23.000Z</time></trkpt><trkpt lat="-20.204337235841475" lon="57.462787637415"><ele>145.1</ele><time>2026-09-24T13:04:24.000Z</time></trkpt><trkpt lat="-20.204336135841473" lon="57.46277877074814"><ele>145.1</ele><time>2026-09-24T13:04:25.000Z</time></trkpt><trkpt lat="-20.204335135841454" lon="57.46276970408119"><ele>145.1</ele><time>2026-09-24T13:04:26.000Z</time></trkpt><trkpt lat="-20.204334035841427" lon="57.46276063741432"><ele>145.1</ele><time>2026-09-24T13:04:27.000Z</time></trkpt><trkpt lat="-20.204333402508077" lon="57.46275127074746"><ele>145.1</ele><time>2026-09-24T13:04:28.000Z</time></trkpt><trkpt lat="-20.20433300250806" lon="57.462741804080494"><ele>145.1</ele><time>2026-09-24T13:04:29.000Z</time></trkpt><trkpt lat="-20.204332169174698" lon="57.4627319707469"><ele>145.2</ele><time>2026-09-24T13:04:30.000Z</time></trkpt><trkpt lat="-20.204331235841348" lon="57.46272183741331"><ele>145.2</ele><time>2026-09-24T13:04:31.000Z</time></trkpt><trkpt lat="-20.204330602508016" lon="57.46271097074648"><ele>145.2</ele><time>2026-09-24T13:04:32.000Z</time></trkpt><trkpt lat="-20.204329302507993" lon="57.46269897074634"><ele>145.2</ele><time>2026-09-24T13:04:33.000Z</time></trkpt><trkpt lat="-20.20432740250799" lon="57.462686837413095"><ele>145.2</ele><time>2026-09-24T13:04:34.000Z</time></trkpt><trkpt lat="-20.204325102508008" lon="57.46267460407982"><ele>145.3</ele><time>2026-09-24T13:04:35.000Z</time></trkpt><trkpt lat="-20.204322735841338" lon="57.46266200407986"><ele>145.3</ele><time>2026-09-24T13:04:36.000Z</time></trkpt><trkpt lat="-20.204320435841332" lon="57.46265010407973"><ele>145.3</ele><time>2026-09-24T13:04:37.000Z</time></trkpt><trkpt lat="-20.204317502507994" lon="57.46263850407961"><ele>145.3</ele><time>2026-09-24T13:04:38.000Z</time></trkpt><trkpt lat="-20.204314535841277" lon="57.462627070746066"><ele>145.3</ele><time>2026-09-24T13:04:39.000Z</time></trkpt><trkpt lat="-20.20431210250787" lon="57.462614870745746"><ele>145.4</ele><time>2026-09-24T13:04:40.000Z</time></trkpt><trkpt lat="-20.204310035841157" lon="57.46260273741221"><ele>145.4</ele><time>2026-09-24T13:04:41.000Z</time></trkpt><trkpt lat="-20.204307902507775" lon="57.46259027074543"><ele>145.4</ele><time>2026-09-24T13:04:42.000Z</time></trkpt><trkpt lat="-20.2043065691744" lon="57.46257780407859"><ele>145.4</ele><time>2026-09-24T13:04:43.000Z</time></trkpt><trkpt lat="-20.204305502507715" lon="57.46256480407843"><ele>145.4</ele><time>2026-09-24T13:04:44.000Z</time></trkpt><trkpt lat="-20.204304535841043" lon="57.46255217074495"><ele>145.5</ele><time>2026-09-24T13:04:45.000Z</time></trkpt><trkpt lat="-20.204303502507706" lon="57.46253937074473"><ele>145.5</ele><time>2026-09-24T13:04:46.000Z</time></trkpt><trkpt lat="-20.204302435841026" lon="57.462526704077774"><ele>145.5</ele><time>2026-09-24T13:04:47.000Z</time></trkpt><trkpt lat="-20.204301135840996" lon="57.462514204077515"><ele>145.5</ele><time>2026-09-24T13:04:48.000Z</time></trkpt><trkpt lat="-20.204300035840966" lon="57.46250183741053"><ele>145.5</ele><time>2026-09-24T13:04:49.000Z</time></trkpt><trkpt lat="-20.20429886917427" lon="57.46248923741022"><ele>145.5</ele><time>2026-09-24T13:04:50.000Z</time></trkpt><trkpt lat="-20.204297502507558" lon="57.46247613740981"><ele>145.5</ele><time>2026-09-24T13:04:51.000Z</time></trkpt><trkpt lat="-20.204296069174177" lon="57.462462737409524"><ele>145.5</ele><time>2026-09-24T13:04:52.000Z</time></trkpt><trkpt lat="-20.20429473584081" lon="57.46244893740916"><ele>145.5</ele><time>2026-09-24T13:04:53.000Z</time></trkpt><trkpt lat="-20.204293669174113" lon="57.46243487074209"><ele>145.5</ele><time>2026-09-24T13:04:54.000Z</time></trkpt><trkpt lat="-20.204293035840756" lon="57.46242090407511"><ele>145.4</ele><time>2026-09-24T13:04:55.000Z</time></trkpt><trkpt lat="-20.204292369174073" lon="57.462407737408135"><ele>145.4</ele><time>2026-09-24T13:04:56.000Z</time></trkpt><trkpt lat="-20.204291969174072" lon="57.46239510407436"><ele>145.4</ele><time>2026-09-24T13:04:57.000Z</time></trkpt><trkpt lat="-20.204291535840742" lon="57.46238320407396"><ele>145.4</ele><time>2026-09-24T13:04:58.000Z</time></trkpt><trkpt lat="-20.20429063584074" lon="57.462371770740376"><ele>145.4</ele><time>2026-09-24T13:04:59.000Z</time></trkpt><trkpt lat="-20.204289469174068" lon="57.46236080407341"><ele>145.3</ele><time>2026-09-24T13:05:00.000Z</time></trkpt><trkpt lat="-20.204288835840735" lon="57.462349737406534"><ele>145.3</ele><time>2026-09-24T13:05:01.000Z</time></trkpt><trkpt lat="-20.204288102507398" lon="57.46233850407314"><ele>145.3</ele><time>2026-09-24T13:05:02.000Z</time></trkpt><trkpt lat="-20.204287069174036" lon="57.46232750407317"><ele>145.3</ele><time>2026-09-24T13:05:03.000Z</time></trkpt><trkpt lat="-20.204286135840658" lon="57.462316670739845"><ele>145.3</ele><time>2026-09-24T13:05:04.000Z</time></trkpt><trkpt lat="-20.20428516917395" lon="57.46230577073999"><ele>145.2</ele><time>2026-09-24T13:05:05.000Z</time></trkpt><trkpt lat="-20.20428393584057" lon="57.46229520407358"><ele>145.2</ele><time>2026-09-24T13:05:06.000Z</time></trkpt><trkpt lat="-20.204282935840524" lon="57.46228457074045"><ele>145.2</ele><time>2026-09-24T13:05:07.000Z</time></trkpt><trkpt lat="-20.20428216917383" lon="57.46227373740719"><ele>145.2</ele><time>2026-09-24T13:05:08.000Z</time></trkpt><trkpt lat="-20.204281302507145" lon="57.46226297074056"><ele>145.2</ele><time>2026-09-24T13:05:09.000Z</time></trkpt><trkpt lat="-20.204280202507114" lon="57.462252404073844"><ele>145.2</ele><time>2026-09-24T13:05:10.000Z</time></trkpt><trkpt lat="-20.204279269173746" lon="57.462241704073584"><ele>145.2</ele><time>2026-09-24T13:05:11.000Z</time></trkpt><trkpt lat="-20.20427770250705" lon="57.46223177073997"><ele>145.2</ele><time>2026-09-24T13:05:12.000Z</time></trkpt><trkpt lat="-20.204276102507034" lon="57.46222197073962"><ele>145.2</ele><time>2026-09-24T13:05:13.000Z</time></trkpt><trkpt lat="-20.204274469173672" lon="57.4622133040726"><ele>145.2</ele><time>2026-09-24T13:05:14.000Z</time></trkpt><trkpt lat="-20.204272835840307" lon="57.462206870738974"><ele>145.2</ele><time>2026-09-24T13:05:15.000Z</time></trkpt><trkpt lat="-20.204271435840276" lon="57.46220293740549"><ele>145.2</ele><time>2026-09-24T13:05:16.000Z</time></trkpt><trkpt lat="-20.204270935840263" lon="57.46220093740537"><ele>145.2</ele><time>2026-09-24T13:05:17.000Z</time></trkpt><trkpt lat="-20.204271335840264" lon="57.46220077073872"><ele>145.2</ele><time>2026-09-24T13:05:18.000Z</time></trkpt><trkpt lat="-20.204272702506977" lon="57.46220057073871"><ele>145.2</ele><time>2026-09-24T13:05:19.000Z</time></trkpt><trkpt lat="-20.20427473584038" lon="57.46219843740539"><ele>145.3</ele><time>2026-09-24T13:05:20.000Z</time></trkpt><trkpt lat="-20.204276469173784" lon="57.4621938707387"><ele>145.3</ele><time>2026-09-24T13:05:21.000Z</time></trkpt><trkpt lat="-20.2042777358405" lon="57.46218727073865"><ele>145.3</ele><time>2026-09-24T13:05:22.000Z</time></trkpt><trkpt lat="-20.20427800250718" lon="57.46217893740529"><ele>145.3</ele><time>2026-09-24T13:05:23.000Z</time></trkpt><trkpt lat="-20.204277435840485" lon="57.462168670738535"><ele>145.3</ele><time>2026-09-24T13:05:24.000Z</time></trkpt><trkpt lat="-20.20427610250708" lon="57.46215723740497"><ele>145.4</ele><time>2026-09-24T13:05:25.000Z</time></trkpt><trkpt lat="-20.20427386917362" lon="57.462146037404636"><ele>145.4</ele><time>2026-09-24T13:05:26.000Z</time></trkpt><trkpt lat="-20.204271502506824" lon="57.46213470407095"><ele>145.4</ele><time>2026-09-24T13:05:27.000Z</time></trkpt><trkpt lat="-20.204269102506707" lon="57.462122970737276"><ele>145.4</ele><time>2026-09-24T13:05:28.000Z</time></trkpt><trkpt lat="-20.20426673583994" lon="57.462111537403736"><ele>145.4</ele><time>2026-09-24T13:05:29.000Z</time></trkpt><trkpt lat="-20.204264302506534" lon="57.4621000374036"><ele>145.5</ele><time>2026-09-24T13:05:30.000Z</time></trkpt><trkpt lat="-20.204262702506515" lon="57.46208813740351"><ele>145.5</ele><time>2026-09-24T13:05:31.000Z</time></trkpt><trkpt lat="-20.204261069173178" lon="57.462076170736715"><ele>145.5</ele><time>2026-09-24T13:05:32.000Z</time></trkpt><trkpt lat="-20.204259669173172" lon="57.462064304069784"><ele>145.5</ele><time>2026-09-24T13:05:33.000Z</time></trkpt><trkpt lat="-20.204257902506512" lon="57.46205250406954"><ele>145.5</ele><time>2026-09-24T13:05:34.000Z</time></trkpt><trkpt lat="-20.204256302506508" lon="57.46204077073602"><ele>145.6</ele><time>2026-09-24T13:05:35.000Z</time></trkpt><trkpt lat="-20.20425446917317" lon="57.46202900406922"><ele>145.6</ele><time>2026-09-24T13:05:36.000Z</time></trkpt><trkpt lat="-20.204252569173136" lon="57.46201710406918"><ele>145.6</ele><time>2026-09-24T13:05:37.000Z</time></trkpt><trkpt lat="-20.204250402506425" lon="57.462004837402596"><ele>145.6</ele><time>2026-09-24T13:05:38.000Z</time></trkpt><trkpt lat="-20.204248769173034" lon="57.46199220406926"><ele>145.6</ele><time>2026-09-24T13:05:39.000Z</time></trkpt><trkpt lat="-20.204247435839655" lon="57.46197950406927"><ele>145.6</ele><time>2026-09-24T13:05:40.000Z</time></trkpt><trkpt lat="-20.20424610250628" lon="57.46196713740267"><ele>145.6</ele><time>2026-09-24T13:05:41.000Z</time></trkpt><trkpt lat="-20.204245135839596" lon="57.461954904069295"><ele>145.6</ele><time>2026-09-24T13:05:42.000Z</time></trkpt><trkpt lat="-20.204243935839592" lon="57.46194223740254"><ele>145.6</ele><time>2026-09-24T13:05:43.000Z</time></trkpt><trkpt lat="-20.204242402506242" lon="57.46193023740243"><ele>145.6</ele><time>2026-09-24T13:05:44.000Z</time></trkpt><trkpt lat="-20.204240735839555" lon="57.461919237402256"><ele>145.6</ele><time>2026-09-24T13:05:45.000Z</time></trkpt><trkpt lat="-20.20423943583954" lon="57.46190837073542"><ele>145.6</ele><time>2026-09-24T13:05:46.000Z</time></trkpt><trkpt lat="-20.204238802506175" lon="57.461898304068676"><ele>145.6</ele><time>2026-09-24T13:05:47.000Z</time></trkpt><trkpt lat="-20.204238635839484" lon="57.461889470735244"><ele>145.6</ele><time>2026-09-24T13:05:48.000Z</time></trkpt><trkpt lat="-20.204238402506125" lon="57.46188077073516"><ele>145.6</ele><time>2026-09-24T13:05:49.000Z</time></trkpt><trkpt lat="-20.204238202506097" lon="57.461871604068484"><ele>145.7</ele><time>2026-09-24T13:05:50.000Z</time></trkpt><trkpt lat="-20.204236902506064" lon="57.46186420406845"><ele>145.7</ele><time>2026-09-24T13:05:51.000Z</time></trkpt><trkpt lat="-20.204235069172714" lon="57.461858604068404"><ele>145.7</ele><time>2026-09-24T13:05:52.000Z</time></trkpt><trkpt lat="-20.20423330250603" lon="57.46185497073509"><ele>145.7</ele><time>2026-09-24T13:05:53.000Z</time></trkpt><trkpt lat="-20.20423193583936" lon="57.46185293740179"><ele>145.7</ele><time>2026-09-24T13:05:54.000Z</time></trkpt><trkpt lat="-20.204230735839356" lon="57.461853137401775"><ele>145.7</ele><time>2026-09-24T13:05:55.000Z</time></trkpt><trkpt lat="-20.204230502506025" lon="57.461853570735094"><ele>145.7</ele><time>2026-09-24T13:05:56.000Z</time></trkpt><trkpt lat="-20.204230235839358" lon="57.46185350406843"><ele>145.7</ele><time>2026-09-24T13:05:57.000Z</time></trkpt><trkpt lat="-20.204230435839357" lon="57.461853870735084"><ele>145.7</ele><time>2026-09-24T13:05:58.000Z</time></trkpt><trkpt lat="-20.20423093583936" lon="57.461855670735076"><ele>145.7</ele><time>2026-09-24T13:05:59.000Z</time></trkpt><trkpt lat="-20.204230502505972" lon="57.46185743740174"><ele>145.8</ele><time>2026-09-24T13:06:00.000Z</time></trkpt><trkpt lat="-20.204231302505896" lon="57.4618593040684"><ele>145.8</ele><time>2026-09-24T13:06:01.000Z</time></trkpt><trkpt lat="-20.204232502505818" lon="57.46186167073506"><ele>145.8</ele><time>2026-09-24T13:06:02.000Z</time></trkpt><trkpt lat="-20.204233035839074" lon="57.46186447073502"><ele>145.8</ele><time>2026-09-24T13:06:03.000Z</time></trkpt><trkpt lat="-20.20423306917231" lon="57.461865370735"><ele>145.8</ele><time>2026-09-24T13:06:04.000Z</time></trkpt><trkpt lat="-20.20423286917231" lon="57.46186390406832"><ele>145.9</ele><time>2026-09-24T13:06:05.000Z</time></trkpt><trkpt lat="-20.204231702505666" lon="57.46186013740156"><ele>145.9</ele><time>2026-09-24T13:06:06.000Z</time></trkpt><trkpt lat="-20.20423000250569" lon="57.461853904068036"><ele>145.9</ele><time>2026-09-24T13:06:07.000Z</time></trkpt><trkpt lat="-20.20422880250571" lon="57.46184463740129"><ele>145.9</ele><time>2026-09-24T13:06:08.000Z</time></trkpt><trkpt lat="-20.204226969172385" lon="57.46183397073442"><ele>145.9</ele><time>2026-09-24T13:06:09.000Z</time></trkpt><trkpt lat="-20.20422573583903" lon="57.46182373740087"><ele>145.9</ele><time>2026-09-24T13:06:10.000Z</time></trkpt><trkpt lat="-20.204224702505694" lon="57.46181350406739"><ele>145.9</ele><time>2026-09-24T13:06:11.000Z</time></trkpt><trkpt lat="-20.204223369172343" lon="57.46180373740067"><ele>145.9</ele><time>2026-09-24T13:06:12.000Z</time></trkpt><trkpt lat="-20.204221635838977" lon="57.461794137400545"><ele>145.9</ele><time>2026-09-24T13:06:13.000Z</time></trkpt><trkpt lat="-20.204220369172305" lon="57.46178510406717"><ele>145.9</ele><time>2026-09-24T13:06:14.000Z</time></trkpt><trkpt lat="-20.20421986917229" lon="57.461776370733695"><ele>146.0</ele><time>2026-09-24T13:06:15.000Z</time></trkpt><trkpt lat="-20.20421906917226" lon="57.46176787073354"><ele>146.0</ele><time>2026-09-24T13:06:16.000Z</time></trkpt><trkpt lat="-20.204218202505565" lon="57.461758870733355"><ele>146.0</ele><time>2026-09-24T13:06:17.000Z</time></trkpt><trkpt lat="-20.204216802505535" lon="57.46175030406649"><ele>146.0</ele><time>2026-09-24T13:06:18.000Z</time></trkpt><trkpt lat="-20.2042150025055" lon="57.461741204066264"><ele>146.0</ele><time>2026-09-24T13:06:19.000Z</time></trkpt><trkpt lat="-20.204212869172135" lon="57.46173207073275"><ele>146.0</ele><time>2026-09-24T13:06:20.000Z</time></trkpt><trkpt lat="-20.20420993583874" lon="57.4617228373992"><ele>146.0</ele><time>2026-09-24T13:06:21.000Z</time></trkpt><trkpt lat="-20.204207335838696" lon="57.46171360406561"><ele>146.0</ele><time>2026-09-24T13:06:22.000Z</time></trkpt><trkpt lat="-20.20420526917198" lon="57.46170407073199"><ele>146.0</ele><time>2026-09-24T13:06:23.000Z</time></trkpt><trkpt lat="-20.2042037358386" lon="57.46169523739841"><ele>146.0</ele><time>2026-09-24T13:06:24.000Z</time></trkpt><trkpt lat="-20.204201769171902" lon="57.4616860373981"><ele>146.0</ele><time>2026-09-24T13:06:25.000Z</time></trkpt><trkpt lat="-20.204199635838602" lon="57.461677037397884"><ele>146.0</ele><time>2026-09-24T13:06:26.000Z</time></trkpt><trkpt lat="-20.20419703583862" lon="57.46166793739766"><ele>146.0</ele><time>2026-09-24T13:06:27.000Z</time></trkpt><trkpt lat="-20.204194102505333" lon="57.46165863739749"><ele>146.0</ele><time>2026-09-24T13:06:28.000Z</time></trkpt><trkpt lat="-20.20419140250538" lon="57.461648370730565"><ele>146.0</ele><time>2026-09-24T13:06:29.000Z</time></trkpt><trkpt lat="-20.204188769172067" lon="57.46163807073043"><ele>146.0</ele><time>2026-09-24T13:06:30.000Z</time></trkpt><trkpt lat="-20.20418656917202" lon="57.46162787073026"><ele>146.0</ele><time>2026-09-24T13:06:31.000Z</time></trkpt><trkpt lat="-20.204184735838655" lon="57.46161720406356"><ele>146.0</ele><time>2026-09-24T13:06:32.000Z</time></trkpt><trkpt lat="-20.204183035838597" lon="57.46160600406351"><ele>146.0</ele><time>2026-09-24T13:06:33.000Z</time></trkpt><trkpt lat="-20.20418090250518" lon="57.46159477073023"><ele>146.0</ele><time>2026-09-24T13:06:34.000Z</time></trkpt><trkpt lat="-20.204179069171772" lon="57.46158347073033"><ele>145.9</ele><time>2026-09-24T13:06:35.000Z</time></trkpt><trkpt lat="-20.204177002505073" lon="57.461572170730406"><ele>145.9</ele><time>2026-09-24T13:06:36.000Z</time></trkpt><trkpt lat="-20.204173735838317" lon="57.46156193739714"><ele>145.9</ele><time>2026-09-24T13:06:37.000Z</time></trkpt><trkpt lat="-20.204170935838242" lon="57.46155180406381"><ele>145.9</ele><time>2026-09-24T13:06:38.000Z</time></trkpt><trkpt lat="-20.204167702504897" lon="57.46154173739724"><ele>145.9</ele><time>2026-09-24T13:06:39.000Z</time></trkpt><trkpt lat="-20.204163469171498" lon="57.461532437397224"><ele>145.8</ele><time>2026-09-24T13:06:40.000Z</time></trkpt><trkpt lat="-20.204159469171394" lon="57.46152333739725"><ele>145.8</ele><time>2026-09-24T13:06:41.000Z</time></trkpt><trkpt lat="-20.204155969171303" lon="57.46151383739717"><ele>145.8</ele><time>2026-09-24T13:06:42.000Z</time></trkpt><trkpt lat="-20.20415146917117" lon="57.46150533739715"><ele>145.8</ele><time>2026-09-24T13:06:43.000Z</time></trkpt><trkpt lat="-20.204146869170966" lon="57.4614973040638"><ele>145.8</ele><time>2026-09-24T13:06:44.000Z</time></trkpt><trkpt lat="-20.20414280250416" lon="57.46148860406387"><ele>145.8</ele><time>2026-09-24T13:06:45.000Z</time></trkpt><trkpt lat="-20.204138202504012" lon="57.461478870730595"><ele>145.8</ele><time>2026-09-24T13:06:46.000Z</time></trkpt><trkpt lat="-20.20413303583721" lon="57.46146943739738"><ele>145.8</ele><time>2026-09-24T13:06:47.000Z</time></trkpt><trkpt lat="-20.20412756917042" lon="57.46145990406416"><ele>145.8</ele><time>2026-09-24T13:06:48.000Z</time></trkpt><trkpt lat="-20.20412146917034" lon="57.46145143739754"><ele>145.8</ele><time>2026-09-24T13:06:49.000Z</time></trkpt><trkpt lat="-20.204114902503612" lon="57.46144403739747"><ele>145.8</ele><time>2026-09-24T13:06:50.000Z</time></trkpt><trkpt lat="-20.204108335836885" lon="57.46143770406404"><ele>145.8</ele><time>2026-09-24T13:06:51.000Z</time></trkpt><trkpt lat="-20.204102302503493" lon="57.461432204063975"><ele>145.8</ele><time>2026-09-24T13:06:52.000Z</time></trkpt><trkpt lat="-20.20409646917013" lon="57.461425870730565"><ele>145.8</ele><time>2026-09-24T13:06:53.000Z</time></trkpt><trkpt lat="-20.20409113583678" lon="57.461418504063715"><ele>145.8</ele><time>2026-09-24T13:06:54.000Z</time></trkpt><trkpt lat="-20.204085802503432" lon="57.46141097073022"><ele>145.8</ele><time>2026-09-24T13:06:55.000Z</time></trkpt><trkpt lat="-20.204080502503402" lon="57.46140297073005"><ele>145.8</ele><time>2026-09-24T13:06:56.000Z</time></trkpt><trkpt lat="-20.204075269170012" lon="57.46139317072991"><ele>145.8</ele><time>2026-09-24T13:06:57.000Z</time></trkpt><trkpt lat="-20.204070069169937" lon="57.46138400406305"><ele>145.8</ele><time>2026-09-24T13:06:58.000Z</time></trkpt><trkpt lat="-20.204064735836482" lon="57.46137520406298"><ele>145.8</ele><time>2026-09-24T13:06:59.000Z</time></trkpt><trkpt lat="-20.20405966916964" lon="57.46136517072964"><ele>145.8</ele><time>2026-09-24T13:07:00.000Z</time></trkpt><trkpt lat="-20.204055035836173" lon="57.46135500406308"><ele>145.8</ele><time>2026-09-24T13:07:01.000Z</time></trkpt><trkpt lat="-20.20404996916944" lon="57.461346770729776"><ele>145.8</ele><time>2026-09-24T13:07:02.000Z</time></trkpt><trkpt lat="-20.204043969169426" lon="57.46133827072981"><ele>145.8</ele><time>2026-09-24T13:07:03.000Z</time></trkpt><trkpt lat="-20.20403750250271" lon="57.461330304063175"><ele>145.8</ele><time>2026-09-24T13:07:04.000Z</time></trkpt><trkpt lat="-20.20403010250277" lon="57.461323204063184"><ele>145.8</ele><time>2026-09-24T13:07:05.000Z</time></trkpt><trkpt lat="-20.204021902502824" lon="57.46131633739642"><ele>145.8</ele><time>2026-09-24T13:07:06.000Z</time></trkpt><trkpt lat="-20.204013169169546" lon="57.46130913739631"><ele>145.8</ele><time>2026-09-24T13:07:07.000Z</time></trkpt><trkpt lat="-20.204004602502973" lon="57.46130320406293"><ele>145.8</ele><time>2026-09-24T13:07:08.000Z</time></trkpt><trkpt lat="-20.203996502503095" lon="57.461296870729505"><ele>145.8</ele><time>2026-09-24T13:07:09.000Z</time></trkpt><trkpt lat="-20.203989502503156" lon="57.461290070729476"><ele>145.8</ele><time>2026-09-24T13:07:10.000Z</time></trkpt><trkpt lat="-20.203982402503257" lon="57.46128307072937"><ele>145.8</ele><time>2026-09-24T13:07:11.000Z</time></trkpt><trkpt lat="-20.203975669169985" lon="57.46127520406259"><ele>145.8</ele><time>2026-09-24T13:07:12.000Z</time></trkpt><trkpt lat="-20.203969069169993" lon="57.46126583739588"><ele>145.8</ele><time>2026-09-24T13:07:13.000Z</time></trkpt><trkpt lat="-20.20396226916997" lon="57.461257004062475"><ele>145.8</ele><time>2026-09-24T13:07:14.000Z</time></trkpt><trkpt lat="-20.20395490250324" lon="57.461248637395705"><ele>145.9</ele><time>2026-09-24T13:07:15.000Z</time></trkpt><trkpt lat="-20.203947302503167" lon="57.46124030406229"><ele>145.9</ele><time>2026-09-24T13:07:16.000Z</time></trkpt><trkpt lat="-20.203940069169825" lon="57.461232337395494"><ele>145.9</ele><time>2026-09-24T13:07:17.000Z</time></trkpt><trkpt lat="-20.20393306916983" lon="57.46122540406192"><ele>145.9</ele><time>2026-09-24T13:07:18.000Z</time></trkpt><trkpt lat="-20.20392546916986" lon="57.46121830406166"><ele>145.9</ele><time>2026-09-24T13:07:19.000Z</time></trkpt><trkpt lat="-20.20391726916981" lon="57.46121130406141"><ele>146.0</ele><time>2026-09-24T13:07:20.000Z</time></trkpt><trkpt lat="-20.203909902503078" lon="57.461204237394576"><ele>146.0</ele><time>2026-09-24T13:07:21.000Z</time></trkpt><trkpt lat="-20.203902802503016" lon="57.46119620406107"><ele>146.0</ele><time>2026-09-24T13:07:22.000Z</time></trkpt><trkpt lat="-20.20389583583624" lon="57.46118747072762"><ele>146.0</ele><time>2026-09-24T13:07:23.000Z</time></trkpt><trkpt lat="-20.20388963583614" lon="57.46117797072751"><ele>146.0</ele><time>2026-09-24T13:07:24.000Z</time></trkpt><trkpt lat="-20.203883835836095" lon="57.461167570727284"><ele>146.0</ele><time>2026-09-24T13:07:25.000Z</time></trkpt><trkpt lat="-20.203877435836077" lon="57.46115677072695"><ele>146.0</ele><time>2026-09-24T13:07:26.000Z</time></trkpt><trkpt lat="-20.20387100250263" lon="57.46114607072661"><ele>146.0</ele><time>2026-09-24T13:07:27.000Z</time></trkpt><trkpt lat="-20.20386523583585" lon="57.46113657072628"><ele>146.0</ele><time>2026-09-24T13:07:28.000Z</time></trkpt><trkpt lat="-20.203860369169085" lon="57.461126137392725"><ele>146.0</ele><time>2026-09-24T13:07:29.000Z</time></trkpt><trkpt lat="-20.2038567358357" lon="57.4611161707259"><ele>146.0</ele><time>2026-09-24T13:07:30.000Z</time></trkpt><trkpt lat="-20.203853969168957" lon="57.46110583739247"><ele>146.0</ele><time>2026-09-24T13:07:31.000Z</time></trkpt><trkpt lat="-20.203851569168954" lon="57.46109580405905"><ele>146.0</ele><time>2026-09-24T13:07:32.000Z</time></trkpt><trkpt lat="-20.203849169168947" lon="57.46108447072562"><ele>146.0</ele><time>2026-09-24T13:07:33.000Z</time></trkpt><trkpt lat="-20.203845435835554" lon="57.46107340405867"><ele>146.0</ele><time>2026-09-24T13:07:34.000Z</time></trkpt><trkpt lat="-20.2038411358355" lon="57.461062737391764"><ele>145.9</ele><time>2026-09-24T13:07:35.000Z</time></trkpt><trkpt lat="-20.20383710250209" lon="57.46105290405816"><ele>145.9</ele><time>2026-09-24T13:07:36.000Z</time></trkpt><trkpt lat="-20.203832769168635" lon="57.461043670724585"><ele>145.9</ele><time>2026-09-24T13:07:37.000Z</time></trkpt><trkpt lat="-20.203828202501835" lon="57.46103510405764"><ele>145.9</ele><time>2026-09-24T13:07:38.000Z</time></trkpt><trkpt lat="-20.203824835835093" lon="57.46102717072411"><ele>145.9</ele><time>2026-09-24T13:07:39.000Z</time></trkpt><trkpt lat="-20.203822235835016" lon="57.46101863739043"><ele>145.9</ele><time>2026-09-24T13:07:40.000Z</time></trkpt><trkpt lat="-20.20381940250162" lon="57.46100980405672"><ele>145.9</ele><time>2026-09-24T13:07:41.000Z</time></trkpt><trkpt lat="-20.203817469168253" lon="57.461000404056264"><ele>145.9</ele><time>2026-09-24T13:07:42.000Z</time></trkpt><trkpt lat="-20.203816302501583" lon="57.46098967072245"><ele>145.9</ele><time>2026-09-24T13:07:43.000Z</time></trkpt><trkpt lat="-20.203815569168246" lon="57.46097840405537"><ele>145.9</ele><time>2026-09-24T13:07:44.000Z</time></trkpt><trkpt lat="-20.203814435834897" lon="57.46096663738831"><ele>145.8</ele><time>2026-09-24T13:07:45.000Z</time></trkpt><trkpt lat="-20.20381340250153" lon="57.46095507072139"><ele>145.8</ele><time>2026-09-24T13:07:46.000Z</time></trkpt><trkpt lat="-20.2038125025015" lon="57.460944004054554"><ele>145.8</ele><time>2026-09-24T13:07:47.000Z</time></trkpt><trkpt lat="-20.20381213583482" lon="57.46093307072101"><ele>145.8</ele><time>2026-09-24T13:07:48.000Z</time></trkpt><trkpt lat="-20.20381250250149" lon="57.46092197072075"><ele>145.8</ele><time>2026-09-24T13:07:49.000Z</time></trkpt><trkpt lat="-20.20381360250152" lon="57.46091123738726"><ele>145.7</ele><time>2026-09-24T13:07:50.000Z</time></trkpt><trkpt lat="-20.20381526916823" lon="57.460900137387114"><ele>145.7</ele><time>2026-09-24T13:07:51.000Z</time></trkpt><trkpt lat="-20.20381706916829" lon="57.46088840405363"><ele>145.7</ele><time>2026-09-24T13:07:52.000Z</time></trkpt><trkpt lat="-20.203819435835033" lon="57.460876637386924"><ele>145.7</ele><time>2026-09-24T13:07:53.000Z</time></trkpt><trkpt lat="-20.203822569168402" lon="57.46086497072018"><ele>145.7</ele><time>2026-09-24T13:07:54.000Z</time></trkpt><trkpt lat="-20.20382683583516" lon="57.460853037386755"><ele>145.7</ele><time>2026-09-24T13:07:55.000Z</time></trkpt><trkpt lat="-20.20383183583528" lon="57.46084193738665"><ele>145.7</ele><time>2026-09-24T13:07:56.000Z</time></trkpt><trkpt lat="-20.203838002502113" lon="57.46083120405318"><ele>145.7</ele><time>2026-09-24T13:07:57.000Z</time></trkpt><trkpt lat="-20.20384480250224" lon="57.46082113738639"><ele>145.7</ele><time>2026-09-24T13:07:58.000Z</time></trkpt><trkpt lat="-20.20385190250246" lon="57.46081177071967"><ele>145.7</ele><time>2026-09-24T13:07:59.000Z</time></trkpt><trkpt lat="-20.203859635835975" lon="57.460803404052896"><ele>145.6</ele><time>2026-09-24T13:08:00.000Z</time></trkpt><trkpt lat="-20.20386763583611" lon="57.460795204052786"><ele>145.6</ele><time>2026-09-24T13:08:01.000Z</time></trkpt><trkpt lat="-20.20387570250288" lon="57.460786937386025"><ele>145.6</ele><time>2026-09-24T13:08:02.000Z</time></trkpt><trkpt lat="-20.203883969169677" lon="57.46077883738585"><ele>145.6</ele><time>2026-09-24T13:08:03.000Z</time></trkpt><trkpt lat="-20.203892769169812" lon="57.46077107071902"><ele>145.6</ele><time>2026-09-24T13:08:04.000Z</time></trkpt><trkpt lat="-20.20390113583657" lon="57.460763304052236"><ele>145.6</ele><time>2026-09-24T13:08:05.000Z</time></trkpt><trkpt lat="-20.203910235836798" lon="57.46075590405212"><ele>145.6</ele><time>2026-09-24T13:08:06.000Z</time></trkpt><trkpt lat="-20.20391906917036" lon="57.460749504052025"><ele>145.6</ele><time>2026-09-24T13:08:07.000Z</time></trkpt><trkpt lat="-20.2039280358372" lon="57.46074363738533"><ele>145.6</ele><time>2026-09-24T13:08:08.000Z</time></trkpt><trkpt lat="-20.203936502504025" lon="57.460738004052"><ele>145.6</ele><time>2026-09-24T13:08:09.000Z</time></trkpt><trkpt lat="-20.203945235837516" lon="57.4607327373853"><ele>145.6</ele><time>2026-09-24T13:08:10.000Z</time></trkpt><trkpt lat="-20.203954602504194" lon="57.46072737071862"><ele>145.6</ele><time>2026-09-24T13:08:11.000Z</time></trkpt><trkpt lat="-20.203964835837517" lon="57.46072193738526"><ele>145.6</ele><time>2026-09-24T13:08:12.000Z</time></trkpt><trkpt lat="-20.203975469170896" lon="57.46071680405188"><ele>145.6</ele><time>2026-09-24T13:08:13.000Z</time></trkpt><trkpt lat="-20.20398680250421" lon="57.46071190405185"><ele>145.6</ele><time>2026-09-24T13:08:14.000Z</time></trkpt><trkpt lat="-20.203997769170893" lon="57.460707204051836"><ele>145.6</ele><time>2026-09-24T13:08:15.000Z</time></trkpt><trkpt lat="-20.204008469171022" lon="57.4607031707185"><ele>145.6</ele><time>2026-09-24T13:08:16.000Z</time></trkpt><trkpt lat="-20.20401913583793" lon="57.4606989373852"><ele>145.6</ele><time>2026-09-24T13:08:17.000Z</time></trkpt><trkpt lat="-20.204028069171507" lon="57.46069457071856"><ele>145.6</ele><time>2026-09-24T13:08:18.000Z</time></trkpt><trkpt lat="-20.20403553583846" lon="57.460691004051874"><ele>145.6</ele><time>2026-09-24T13:08:19.000Z</time></trkpt><trkpt lat="-20.204042402505443" lon="57.46068790405186"><ele>145.6</ele><time>2026-09-24T13:08:20.000Z</time></trkpt><trkpt lat="-20.204048869172368" lon="57.46068500405183"><ele>145.6</ele><time>2026-09-24T13:08:21.000Z</time></trkpt><trkpt lat="-20.204055402505936" lon="57.460682570718475"><ele>145.6</ele><time>2026-09-24T13:08:22.000Z</time></trkpt><trkpt lat="-20.204062869172837" lon="57.46068073738515"><ele>145.6</ele><time>2026-09-24T13:08:23.000Z</time></trkpt><trkpt lat="-20.204070635839724" lon="57.46067897071848"><ele>145.6</ele><time>2026-09-24T13:08:24.000Z</time></trkpt><trkpt lat="-20.204078869173202" lon="57.46067733738514"><ele>145.8</ele><time>2026-09-24T13:08:25.000Z</time></trkpt><trkpt lat="-20.204086402506636" lon="57.46067597071847"><ele>145.8</ele><time>2026-09-24T13:08:26.000Z</time></trkpt><trkpt lat="-20.204093669173297" lon="57.460675437385135"><ele>145.8</ele><time>2026-09-24T13:08:27.000Z</time></trkpt><trkpt lat="-20.204101402506545" lon="57.46067460405178"><ele>145.8</ele><time>2026-09-24T13:08:28.000Z</time></trkpt><trkpt lat="-20.20410976917309" lon="57.46067320405177"><ele>145.8</ele><time>2026-09-24T13:08:29.000Z</time></trkpt><trkpt lat="-20.204118602506433" lon="57.46067147071843"><ele>145.9</ele><time>2026-09-24T13:08:30.000Z</time></trkpt><trkpt lat="-20.204128002506543" lon="57.46066950405176"><ele>145.9</ele><time>2026-09-24T13:08:31.000Z</time></trkpt><trkpt lat="-20.20413726917337" lon="57.460667237385074"><ele>145.9</ele><time>2026-09-24T13:08:32.000Z</time></trkpt><trkpt lat="-20.20414583584026" lon="57.4606653707184"><ele>145.9</ele><time>2026-09-24T13:08:33.000Z</time></trkpt><trkpt lat="-20.204154202507233" lon="57.46066433738505"><ele>145.9</ele><time>2026-09-24T13:08:34.000Z</time></trkpt><trkpt lat="-20.20416270250748" lon="57.46066417071838"><ele>146.1</ele><time>2026-09-24T13:08:35.000Z</time></trkpt><trkpt lat="-20.204171469174298" lon="57.46066463738505"><ele>146.1</ele><time>2026-09-24T13:08:36.000Z</time></trkpt><trkpt lat="-20.204180502507672" lon="57.460665237385044"><ele>146.1</ele><time>2026-09-24T13:08:37.000Z</time></trkpt><trkpt lat="-20.20418990250778" lon="57.460666370718386"><ele>146.1</ele><time>2026-09-24T13:08:38.000Z</time></trkpt><trkpt lat="-20.20419943584117" lon="57.46066697071838"><ele>146.1</ele><time>2026-09-24T13:08:39.000Z</time></trkpt><trkpt lat="-20.20420933584118" lon="57.4606673040517"><ele>146.2</ele><time>2026-09-24T13:08:40.000Z</time></trkpt><trkpt lat="-20.204220102507946" lon="57.460667604051686"><ele>146.2</ele><time>2026-09-24T13:08:41.000Z</time></trkpt><trkpt lat="-20.204231035841417" lon="57.46066813738499"><ele>146.2</ele><time>2026-09-24T13:08:42.000Z</time></trkpt><trkpt lat="-20.204242702508147" lon="57.46066920405167"><ele>146.2</ele><time>2026-09-24T13:08:43.000Z</time></trkpt><trkpt lat="-20.204254469174938" lon="57.460670637385036"><ele>146.2</ele><time>2026-09-24T13:08:44.000Z</time></trkpt><trkpt lat="-20.204266535841718" lon="57.46067260405171"><ele>146.2</ele><time>2026-09-24T13:08:45.000Z</time></trkpt><trkpt lat="-20.204277202508415" lon="57.460675304051755"><ele>146.2</ele><time>2026-09-24T13:08:46.000Z</time></trkpt><trkpt lat="-20.20428736917521" lon="57.460678604051814"><ele>146.2</ele><time>2026-09-24T13:08:47.000Z</time></trkpt><trkpt lat="-20.204297335842078" lon="57.46068087071851"><ele>146.2</ele><time>2026-09-24T13:08:48.000Z</time></trkpt><trkpt lat="-20.204307269175523" lon="57.46068317071854"><ele>146.2</ele><time>2026-09-24T13:08:49.000Z</time></trkpt><trkpt lat="-20.204317335842248" lon="57.46068547071856"><ele>146.0</ele><time>2026-09-24T13:08:50.000Z</time></trkpt><trkpt lat="-20.204328402509" lon="57.460687204051865"><ele>146.0</ele><time>2026-09-24T13:08:51.000Z</time></trkpt><trkpt lat="-20.204339602509034" lon="57.46068863738516"><ele>146.0</ele><time>2026-09-24T13:08:52.000Z</time></trkpt><trkpt lat="-20.204350235842305" lon="57.460691404051815"><ele>146.0</ele><time>2026-09-24T13:08:53.000Z</time></trkpt><trkpt lat="-20.204359769175586" lon="57.46069567071852"><ele>146.0</ele><time>2026-09-24T13:08:54.000Z</time></trkpt><trkpt lat="-20.20436650250891" lon="57.46070137071869"><ele>145.9</ele><time>2026-09-24T13:08:55.000Z</time></trkpt><trkpt lat="-20.20437046917558" lon="57.460709170718886"><ele>145.9</ele><time>2026-09-24T13:08:56.000Z</time></trkpt><trkpt lat="-20.204372869175558" lon="57.460718537385844"><ele>145.9</ele><time>2026-09-24T13:08:57.000Z</time></trkpt><trkpt lat="-20.20437423584224" lon="57.460728437386095"><ele>145.9</ele><time>2026-09-24T13:08:58.000Z</time></trkpt><trkpt lat="-20.204374869175588" lon="57.460738170719615"><ele>145.9</ele><time>2026-09-24T13:08:59.000Z</time></trkpt><trkpt lat="-20.204375402508933" lon="57.46074797071981"><ele>145.9</ele><time>2026-09-24T13:09:00.000Z</time></trkpt><trkpt lat="-20.20437610250895" lon="57.46075643738669"><ele>145.9</ele><time>2026-09-24T13:09:01.000Z</time></trkpt><trkpt lat="-20.204375902508946" lon="57.460764804053575"><ele>145.9</ele><time>2026-09-24T13:09:02.000Z</time></trkpt><trkpt lat="-20.20437520250893" lon="57.460773937387145"><ele>145.9</ele><time>2026-09-24T13:09:03.000Z</time></trkpt><trkpt lat="-20.204374502508916" lon="57.4607838707207"><ele>145.9</ele><time>2026-09-24T13:09:04.000Z</time></trkpt><trkpt lat="-20.20437433584225" lon="57.46079333738752"><ele>145.9</ele><time>2026-09-24T13:09:05.000Z</time></trkpt><trkpt lat="-20.204374469175583" lon="57.46080340405426"><ele>145.9</ele><time>2026-09-24T13:09:06.000Z</time></trkpt><trkpt lat="-20.20437573584228" lon="57.46081330405425"><ele>145.9</ele><time>2026-09-24T13:09:07.000Z</time></trkpt><trkpt lat="-20.20437813584234" lon="57.460822570720964"><ele>145.9</ele><time>2026-09-24T13:09:08.000Z</time></trkpt><trkpt lat="-20.204381402509124" lon="57.46083070405441"><ele>145.9</ele><time>2026-09-24T13:09:09.000Z</time></trkpt><trkpt lat="-20.204384535842575" lon="57.460839070721214"><ele>146.1</ele><time>2026-09-24T13:09:10.000Z</time></trkpt><trkpt lat="-20.204388269176057" lon="57.46084750405473"><ele>146.1</ele><time>2026-09-24T13:09:11.000Z</time></trkpt><trkpt lat="-20.204392935842925" lon="57.46085620405487"><ele>146.1</ele><time>2026-09-24T13:09:12.000Z</time></trkpt><trkpt lat="-20.20439753584315" lon="57.46086407072156"><ele>146.1</ele><time>2026-09-24T13:09:13.000Z</time></trkpt><trkpt lat="-20.204402569176647" lon="57.46087207072158"><ele>146.1</ele><time>2026-09-24T13:09:14.000Z</time></trkpt><trkpt lat="-20.204408702510104" lon="57.46088040405484"><ele>146.4</ele><time>2026-09-24T13:09:15.000Z</time></trkpt><trkpt lat="-20.20441480251019" lon="57.460888504054786"><ele>146.4</ele><time>2026-09-24T13:09:16.000Z</time></trkpt><trkpt lat="-20.204419702510215" lon="57.460895470721425"><ele>146.4</ele><time>2026-09-24T13:09:17.000Z</time></trkpt><trkpt lat="-20.20442413584355" lon="57.46090347072142"><ele>146.4</ele><time>2026-09-24T13:09:18.000Z</time></trkpt><trkpt lat="-20.204427469176892" lon="57.4609122707213"><ele>146.4</ele><time>2026-09-24T13:09:19.000Z</time></trkpt><trkpt lat="-20.204429769176937" lon="57.46092003738785"><ele>147.3</ele><time>2026-09-24T13:09:20.000Z</time></trkpt><trkpt lat="-20.204431135843645" lon="57.46092723738768"><ele>147.3</ele><time>2026-09-24T13:09:21.000Z</time></trkpt><trkpt lat="-20.204432302510344" lon="57.460935237387545"><ele>147.3</ele><time>2026-09-24T13:09:22.000Z</time></trkpt><trkpt lat="-20.204432935843677" lon="57.46094250405415"><ele>147.3</ele><time>2026-09-24T13:09:23.000Z</time></trkpt><trkpt lat="-20.20443360251036" lon="57.46094967072084"><ele>147.3</ele><time>2026-09-24T13:09:24.000Z</time></trkpt><trkpt lat="-20.204434469177016" lon="57.460957070720916"><ele>148.3</ele><time>2026-09-24T13:09:25.000Z</time></trkpt><trkpt lat="-20.20443630251038" lon="57.4609644373877"><ele>148.3</ele><time>2026-09-24T13:09:26.000Z</time></trkpt><trkpt lat="-20.204439002510377" lon="57.46097113738788"><ele>148.3</ele><time>2026-09-24T13:09:27.000Z</time></trkpt><trkpt lat="-20.204442202510357" lon="57.46097723738801"><ele>148.3</ele><time>2026-09-24T13:09:28.000Z</time></trkpt><trkpt lat="-20.204445535843675" lon="57.46098150405483"><ele>148.3</ele><time>2026-09-24T13:09:29.000Z</time></trkpt><trkpt lat="-20.204449569177036" lon="57.46098570405489"><ele>148.7</ele><time>2026-09-24T13:09:30.000Z</time></trkpt><trkpt lat="-20.204453669177035" lon="57.46099007072163"><ele>148.7</ele><time>2026-09-24T13:09:31.000Z</time></trkpt><trkpt lat="-20.204457335843767" lon="57.4609945373884"><ele>148.7</ele><time>2026-09-24T13:09:32.000Z</time></trkpt><trkpt lat="-20.204460969177177" lon="57.461000070721845"><ele>148.7</ele><time>2026-09-24T13:09:33.000Z</time></trkpt><trkpt lat="-20.204465102510632" lon="57.46100627072194"><ele>148.7</ele><time>2026-09-24T13:09:34.000Z</time></trkpt><trkpt lat="-20.204468969177416" lon="57.461012237388786"><ele>149.5</ele><time>2026-09-24T13:09:35.000Z</time></trkpt><trkpt lat="-20.204473102510867" lon="57.46101807072223"><ele>149.5</ele><time>2026-09-24T13:09:36.000Z</time></trkpt><trkpt lat="-20.204477569177623" lon="57.461023604055605"><ele>149.5</ele><time>2026-09-24T13:09:37.000Z</time></trkpt><trkpt lat="-20.204482135844394" lon="57.46102850405565"><ele>149.5</ele><time>2026-09-24T13:09:38.000Z</time></trkpt><trkpt lat="-20.20448686917777" lon="57.46103380405576"><ele>149.5</ele><time>2026-09-24T13:09:39.000Z</time></trkpt><trkpt lat="-20.204491369177795" lon="57.461039637389185"><ele>150.3</ele><time>2026-09-24T13:09:40.000Z</time></trkpt><trkpt lat="-20.2044954358445" lon="57.46104537072264"><ele>150.3</ele><time>2026-09-24T13:09:41.000Z</time></trkpt><trkpt lat="-20.204499102511207" lon="57.46105137072279"><ele>150.3</ele><time>2026-09-24T13:09:42.000Z</time></trkpt><trkpt lat="-20.20450230251124" lon="57.4610573040563"><ele>150.3</ele><time>2026-09-24T13:09:43.000Z</time></trkpt><trkpt lat="-20.204505435844638" lon="57.461062670723095"><ele>150.3</ele><time>2026-09-24T13:09:44.000Z</time></trkpt><trkpt lat="-20.20450863584467" lon="57.46106717072322"><ele>150.7</ele><time>2026-09-24T13:09:45.000Z</time></trkpt><trkpt lat="-20.204511535844695" lon="57.461071270723366"><ele>150.7</ele><time>2026-09-24T13:09:46.000Z</time></trkpt><trkpt lat="-20.204515569178078" lon="57.46107720405691"><ele>150.7</ele><time>2026-09-24T13:09:47.000Z</time></trkpt><trkpt lat="-20.204520002511437" lon="57.46108427072379"><ele>150.7</ele><time>2026-09-24T13:09:48.000Z</time></trkpt><trkpt lat="-20.204523635844797" lon="57.461091470724014"><ele>150.7</ele><time>2026-09-24T13:09:49.000Z</time></trkpt><trkpt lat="-20.20452696917817" lon="57.46109927072426"><ele>151.4</ele><time>2026-09-24T13:09:50.000Z</time></trkpt><trkpt lat="-20.204530669178194" lon="57.46110830405787"><ele>151.4</ele><time>2026-09-24T13:09:51.000Z</time></trkpt><trkpt lat="-20.204533802511563" lon="57.461116070724735"><ele>151.4</ele><time>2026-09-24T13:09:52.000Z</time></trkpt><trkpt lat="-20.20453673584496" lon="57.461122937391586"><ele>151.4</ele><time>2026-09-24T13:09:53.000Z</time></trkpt><trkpt lat="-20.204539302511677" lon="57.46113063739176"><ele>151.4</ele><time>2026-09-24T13:09:54.000Z</time></trkpt><trkpt lat="-20.204541969178404" lon="57.461139037391966"><ele>151.9</ele><time>2026-09-24T13:09:55.000Z</time></trkpt><trkpt lat="-20.204544169178494" lon="57.46114710405885"><ele>151.9</ele><time>2026-09-24T13:09:56.000Z</time></trkpt><trkpt lat="-20.204546002511897" lon="57.46115503739236"><ele>151.9</ele><time>2026-09-24T13:09:57.000Z</time></trkpt><trkpt lat="-20.204548302512" lon="57.46116340405924"><ele>151.9</ele><time>2026-09-24T13:09:58.000Z</time></trkpt><trkpt lat="-20.204552602512212" lon="57.46117137072616"><ele>151.9</ele><time>2026-09-24T13:09:59.000Z</time></trkpt><trkpt lat="-20.2045577358458" lon="57.461178870726336"><ele>152.2</ele><time>2026-09-24T13:10:00.000Z</time></trkpt><trkpt lat="-20.20456373584603" lon="57.46118567072649"><ele>152.2</ele><time>2026-09-24T13:10:01.000Z</time></trkpt><trkpt lat="-20.2045706691796" lon="57.4611920707267"><ele>152.2</ele><time>2026-09-24T13:10:02.000Z</time></trkpt><trkpt lat="-20.204577302513126" lon="57.46119723739351"><ele>152.2</ele><time>2026-09-24T13:10:03.000Z</time></trkpt><trkpt lat="-20.204582835846555" lon="57.46120240406034"><ele>152.2</ele><time>2026-09-24T13:10:04.000Z</time></trkpt><trkpt lat="-20.204588269179915" lon="57.46120777072711"><ele>152.9</ele><time>2026-09-24T13:10:05.000Z</time></trkpt><trkpt lat="-20.20459330251328" lon="57.46121377072726"><ele>152.9</ele><time>2026-09-24T13:10:06.000Z</time></trkpt><trkpt lat="-20.204597402513304" lon="57.46122017072736"><ele>152.9</ele><time>2026-09-24T13:10:07.000Z</time></trkpt><trkpt lat="-20.20460150251333" lon="57.461227804060776"><ele>152.9</ele><time>2026-09-24T13:10:08.000Z</time></trkpt><trkpt lat="-20.204605669179998" lon="57.46123617072747"><ele>152.9</ele><time>2026-09-24T13:10:09.000Z</time></trkpt><trkpt lat="-20.204609269180008" lon="57.46124473739421"><ele>153.9</ele><time>2026-09-24T13:10:10.000Z</time></trkpt><trkpt lat="-20.204613269180022" lon="57.46125423739424"><ele>153.9</ele><time>2026-09-24T13:10:11.000Z</time></trkpt><trkpt lat="-20.204617702513353" lon="57.46126410406091"><ele>153.9</ele><time>2026-09-24T13:10:12.000Z</time></trkpt><trkpt lat="-20.204622602513332" lon="57.46127353739431"><ele>153.9</ele><time>2026-09-24T13:10:13.000Z</time></trkpt><trkpt lat="-20.204627135846675" lon="57.461283070727745"><ele>153.9</ele><time>2026-09-24T13:10:14.000Z</time></trkpt><trkpt lat="-20.204631535846687" lon="57.46129363739457"><ele>154.4</ele><time>2026-09-24T13:10:15.000Z</time></trkpt><trkpt lat="-20.204634902513373" lon="57.46130403739478"><ele>154.4</ele><time>2026-09-24T13:10:16.000Z</time></trkpt><trkpt lat="-20.204637335846716" lon="57.46131463739495"><ele>154.4</ele><time>2026-09-24T13:10:17.000Z</time></trkpt><trkpt lat="-20.204639035846746" lon="57.46132603739511"><ele>154.4</ele><time>2026-09-24T13:10:18.000Z</time></trkpt><trkpt lat="-20.204640735846777" lon="57.46133817072855"><ele>154.4</ele><time>2026-09-24T13:10:19.000Z</time></trkpt><trkpt lat="-20.204642969180195" lon="57.46135023739519"><ele>155.4</ele><time>2026-09-24T13:10:20.000Z</time></trkpt><trkpt lat="-20.20464590251363" lon="57.46136137072845"><ele>155.4</ele><time>2026-09-24T13:10:21.000Z</time></trkpt><trkpt lat="-20.204649135847067" lon="57.46137093739511"><ele>155.4</ele><time>2026-09-24T13:10:22.000Z</time></trkpt><trkpt lat="-20.204653469180545" lon="57.46138013739515"><ele>155.4</ele><time>2026-09-24T13:10:23.000Z</time></trkpt><trkpt lat="-20.20465823584729" lon="57.46138820406194"><ele>155.4</ele><time>2026-09-24T13:10:24.000Z</time></trkpt><trkpt lat="-20.204662602513984" lon="57.46139480406212"><ele>156.4</ele><time>2026-09-24T13:10:25.000Z</time></trkpt><trkpt lat="-20.20466706918069" lon="57.46140273739572"><ele>156.4</ele><time>2026-09-24T13:10:26.000Z</time></trkpt><trkpt lat="-20.204672302514023" lon="57.46141210406272"><ele>156.4</ele><time>2026-09-24T13:10:27.000Z</time></trkpt><trkpt lat="-20.204677435847294" lon="57.46142077072966"><ele>156.4</ele><time>2026-09-24T13:10:28.000Z</time></trkpt><trkpt lat="-20.20468263584731" lon="57.46142873739657"><ele>156.4</ele><time>2026-09-24T13:10:29.000Z</time></trkpt><trkpt lat="-20.20468716918065" lon="57.461437670730206"><ele>156.9</ele><time>2026-09-24T13:10:30.000Z</time></trkpt><trkpt lat="-20.20469113584732" lon="57.46144573739706"><ele>156.9</ele><time>2026-09-24T13:10:31.000Z</time></trkpt><trkpt lat="-20.2046943691807" lon="57.46145367073043"><ele>156.9</ele><time>2026-09-24T13:10:32.000Z</time></trkpt><trkpt lat="-20.204696869180772" lon="57.461462504063796"><ele>156.9</ele><time>2026-09-24T13:10:33.000Z</time></trkpt><trkpt lat="-20.204699002514168" lon="57.46147267073043"><ele>156.9</ele><time>2026-09-24T13:10:34.000Z</time></trkpt><trkpt lat="-20.204702435847526" lon="57.461482437397116"><ele>157.8</ele><time>2026-09-24T13:10:35.000Z</time></trkpt><trkpt lat="-20.204706969180847" lon="57.46149170406384"><ele>157.8</ele><time>2026-09-24T13:10:36.000Z</time></trkpt><trkpt lat="-20.204712669180825" lon="57.46150063739734"><ele>157.8</ele><time>2026-09-24T13:10:37.000Z</time></trkpt><trkpt lat="-20.204718669180842" lon="57.461508970730826"><ele>157.8</ele><time>2026-09-24T13:10:38.000Z</time></trkpt><trkpt lat="-20.204725202514144" lon="57.46151683739765"><ele>157.8</ele><time>2026-09-24T13:10:39.000Z</time></trkpt><trkpt lat="-20.204731802514186" lon="57.46152383739773"><ele>158.6</ele><time>2026-09-24T13:10:40.000Z</time></trkpt><trkpt lat="-20.204738202514314" lon="57.46153103739772"><ele>158.6</ele><time>2026-09-24T13:10:41.000Z</time></trkpt><trkpt lat="-20.204743635847784" lon="57.461537437397695"><ele>158.6</ele><time>2026-09-24T13:10:42.000Z</time></trkpt><trkpt lat="-20.204748669181196" lon="57.46154393739772"><ele>158.6</ele><time>2026-09-24T13:10:43.000Z</time></trkpt><trkpt lat="-20.204752969181307" lon="57.46155047073107"><ele>158.6</ele><time>2026-09-24T13:10:44.000Z</time></trkpt><trkpt lat="-20.204756202514716" lon="57.461557437397765"><ele>159.0</ele><time>2026-09-24T13:10:45.000Z</time></trkpt><trkpt lat="-20.204758802514725" lon="57.461564670731185"><ele>159.0</ele><time>2026-09-24T13:10:46.000Z</time></trkpt><trkpt lat="-20.204761569181382" lon="57.46157203739796"><ele>159.0</ele><time>2026-09-24T13:10:47.000Z</time></trkpt><trkpt lat="-20.204764002514736" lon="57.4615800707315"><ele>159.0</ele><time>2026-09-24T13:10:48.000Z</time></trkpt><trkpt lat="-20.204766469181436" lon="57.46158810406506"><ele>159.0</ele><time>2026-09-24T13:10:49.000Z</time></trkpt><trkpt lat="-20.20476976918149" lon="57.46159683739868"><ele>159.9</ele><time>2026-09-24T13:10:50.000Z</time></trkpt><trkpt lat="-20.20477350251491" lon="57.46160563739893"><ele>159.9</ele><time>2026-09-24T13:10:51.000Z</time></trkpt><trkpt lat="-20.20477763584839" lon="57.461615337399145"><ele>159.9</ele><time>2026-09-24T13:10:52.000Z</time></trkpt><trkpt lat="-20.204782169181872" lon="57.46162507073268"><ele>159.9</ele><time>2026-09-24T13:10:53.000Z</time></trkpt><trkpt lat="-20.20478733584867" lon="57.461634904066216"><ele>159.9</ele><time>2026-09-24T13:10:54.000Z</time></trkpt><trkpt lat="-20.204792569182114" lon="57.46164473739967"><ele>160.9</ele><time>2026-09-24T13:10:55.000Z</time></trkpt><trkpt lat="-20.204797135848864" lon="57.461655237399874"><ele>160.9</ele><time>2026-09-24T13:10:56.000Z</time></trkpt><trkpt lat="-20.204800969182248" lon="57.461665370733485"><ele>160.9</ele><time>2026-09-24T13:10:57.000Z</time></trkpt><trkpt lat="-20.204805169182315" lon="57.461675804066964"><ele>160.9</ele><time>2026-09-24T13:10:58.000Z</time></trkpt><trkpt lat="-20.2048094025157" lon="57.46168660406721"><ele>160.9</ele><time>2026-09-24T13:10:59.000Z</time></trkpt><trkpt lat="-20.204813769182472" lon="57.46169600406743"><ele>161.4</ele><time>2026-09-24T13:11:00.000Z</time></trkpt><trkpt lat="-20.20481913584925" lon="57.461703604067566"><ele>161.4</ele><time>2026-09-24T13:11:01.000Z</time></trkpt><trkpt lat="-20.20482546918263" lon="57.46171073740093"><ele>161.4</ele><time>2026-09-24T13:11:02.000Z</time></trkpt><trkpt lat="-20.20483196918261" lon="57.46171623740095"><ele>161.4</ele><time>2026-09-24T13:11:03.000Z</time></trkpt><trkpt lat="-20.204837802515947" lon="57.46172137073425"><ele>161.4</ele><time>2026-09-24T13:11:04.000Z</time></trkpt><trkpt lat="-20.20484243584923" lon="57.4617271040676"><ele>162.3</ele><time>2026-09-24T13:11:05.000Z</time></trkpt><trkpt lat="-20.204846035849187" lon="57.46173347073426"><ele>162.3</ele><time>2026-09-24T13:11:06.000Z</time></trkpt><trkpt lat="-20.204848802515876" lon="57.46174083740088"><ele>162.3</ele><time>2026-09-24T13:11:07.000Z</time></trkpt><trkpt lat="-20.204850102515916" lon="57.46174903740091"><ele>162.3</ele><time>2026-09-24T13:11:08.000Z</time></trkpt><trkpt lat="-20.204850502515917" lon="57.461757037400865"><ele>162.3</ele><time>2026-09-24T13:11:09.000Z</time></trkpt><trkpt lat="-20.2048508691826" lon="57.46176567073419"><ele>162.7</ele><time>2026-09-24T13:11:10.000Z</time></trkpt><trkpt lat="-20.204850735849266" lon="57.4617739707342"><ele>162.7</ele><time>2026-09-24T13:11:11.000Z</time></trkpt><trkpt lat="-20.20484996918257" lon="57.46178233740104"><ele>162.7</ele><time>2026-09-24T13:11:12.000Z</time></trkpt><trkpt lat="-20.204849835849224" lon="57.46179067073454"><ele>162.7</ele><time>2026-09-24T13:11:13.000Z</time></trkpt><trkpt lat="-20.204850369182573" lon="57.46179833740136"><ele>162.7</ele><time>2026-09-24T13:11:14.000Z</time></trkpt><trkpt lat="-20.204851202515908" lon="57.46180533740147"><ele>163.8</ele><time>2026-09-24T13:11:15.000Z</time></trkpt><trkpt lat="-20.204853035849247" lon="57.46181223740159"><ele>163.8</ele><time>2026-09-24T13:11:16.000Z</time></trkpt><trkpt lat="-20.20485580251588" lon="57.46181680406831"><ele>163.8</ele><time>2026-09-24T13:11:17.000Z</time></trkpt><trkpt lat="-20.204858369182514" lon="57.46182000406833"><ele>163.8</ele><time>2026-09-24T13:11:18.000Z</time></trkpt><trkpt lat="-20.20486076918248" lon="57.461822537401666"><ele>163.8</ele><time>2026-09-24T13:11:19.000Z</time></trkpt><trkpt lat="-20.20486253584911" lon="57.461823637401686"><ele>164.9</ele><time>2026-09-24T13:11:20.000Z</time></trkpt><trkpt lat="-20.20486336918241" lon="57.461823770735045"><ele>164.9</ele><time>2026-09-24T13:11:21.000Z</time></trkpt><trkpt lat="-20.20486330251574" lon="57.461824170735056"><ele>164.9</ele><time>2026-09-24T13:11:22.000Z</time></trkpt><trkpt lat="-20.20486310251574" lon="57.46182437073505"><ele>164.9</ele><time>2026-09-24T13:11:23.000Z</time></trkpt><trkpt lat="-20.20486286918241" lon="57.461824270735065"><ele>164.9</ele><time>2026-09-24T13:11:24.000Z</time></trkpt><trkpt lat="-20.204862735849076" lon="57.46182417073508"><ele>165.5</ele><time>2026-09-24T13:11:25.000Z</time></trkpt><trkpt lat="-20.204862702515744" lon="57.46182437073507"><ele>165.5</ele><time>2026-09-24T13:11:26.000Z</time></trkpt><trkpt lat="-20.20486266918241" lon="57.46182460406841"><ele>165.5</ele><time>2026-09-24T13:11:27.000Z</time></trkpt><trkpt lat="-20.204862635849075" lon="57.46182483740174"><ele>165.5</ele><time>2026-09-24T13:11:28.000Z</time></trkpt><trkpt lat="-20.204863102515755" lon="57.46182570406842"><ele>165.5</ele><time>2026-09-24T13:11:29.000Z</time></trkpt><trkpt lat="-20.204863569182436" lon="57.46182657073509"><ele>166.6</ele><time>2026-09-24T13:11:30.000Z</time></trkpt><trkpt lat="-20.20486406918245" lon="57.46182723740177"><ele>166.6</ele><time>2026-09-24T13:11:31.000Z</time></trkpt><trkpt lat="-20.204865569182495" lon="57.461828337401776"><ele>166.6</ele><time>2026-09-24T13:11:32.000Z</time></trkpt><trkpt lat="-20.204867335849205" lon="57.46183017073512"><ele>166.6</ele><time>2026-09-24T13:11:33.000Z</time></trkpt><trkpt lat="-20.204868635849234" lon="57.461832970735124"><ele>166.6</ele><time>2026-09-24T13:11:34.000Z</time></trkpt><trkpt lat="-20.2048699691826" lon="57.46183637073515"><ele>167.3</ele><time>2026-09-24T13:11:35.000Z</time></trkpt><trkpt lat="-20.204871069182616" lon="57.46184120406855"><ele>167.3</ele><time>2026-09-24T13:11:36.000Z</time></trkpt><trkpt lat="-20.204871635849294" lon="57.46184653740197"><ele>167.3</ele><time>2026-09-24T13:11:37.000Z</time></trkpt><trkpt lat="-20.204872702515992" lon="57.46185200406872"><ele>167.3</ele><time>2026-09-24T13:11:38.000Z</time></trkpt><trkpt lat="-20.204874669182747" lon="57.46185617073549"><ele>167.3</ele><time>2026-09-24T13:11:39.000Z</time></trkpt><trkpt lat="-20.204877802516222" lon="57.46186030406892"><ele>167.4</ele><time>2026-09-24T13:11:40.000Z</time></trkpt><trkpt lat="-20.20488170251638" lon="57.46186350406897"><ele>167.4</ele><time>2026-09-24T13:11:41.000Z</time></trkpt><trkpt lat="-20.204885969183167" lon="57.4618669374024"><ele>167.4</ele><time>2026-09-24T13:11:42.000Z</time></trkpt><trkpt lat="-20.204890102516618" lon="57.46187047073588"><ele>167.4</ele><time>2026-09-24T13:11:43.000Z</time></trkpt><trkpt lat="-20.204894169183376" lon="57.46187490406934"><ele>167.4</ele><time>2026-09-24T13:11:44.000Z</time></trkpt><trkpt lat="-20.204897569183412" lon="57.46187943740281"><ele>167.6</ele><time>2026-09-24T13:11:45.000Z</time></trkpt><trkpt lat="-20.204900269183447" lon="57.46188330406962"><ele>167.6</ele><time>2026-09-24T13:11:46.000Z</time></trkpt><trkpt lat="-20.204901702516814" lon="57.46188603740304"><ele>167.6</ele><time>2026-09-24T13:11:47.000Z</time></trkpt><trkpt lat="-20.204902169183498" lon="57.46188850406975"><ele>167.6</ele><time>2026-09-24T13:11:48.000Z</time></trkpt><trkpt lat="-20.204901769183486" lon="57.46189143740313"><ele>167.6</ele><time>2026-09-24T13:11:49.000Z</time></trkpt><trkpt lat="-20.204901469183486" lon="57.461896137403166"><ele>168.1</ele><time>2026-09-24T13:11:50.000Z</time></trkpt><trkpt lat="-20.204902069183515" lon="57.46190177073655"><ele>168.1</ele><time>2026-09-24T13:11:51.000Z</time></trkpt><trkpt lat="-20.204903669183544" lon="57.46190820406996"><ele>168.1</ele><time>2026-09-24T13:11:52.000Z</time></trkpt><trkpt lat="-20.204906069183604" lon="57.46191530407002"><ele>168.1</ele><time>2026-09-24T13:11:53.000Z</time></trkpt><trkpt lat="-20.204909435850375" lon="57.461922504070024"><ele>168.1</ele><time>2026-09-24T13:11:54.000Z</time></trkpt><trkpt lat="-20.204912802517143" lon="57.4619286374034"><ele>168.5</ele><time>2026-09-24T13:11:55.000Z</time></trkpt><trkpt lat="-20.204916535850543" lon="57.46193510407009"><ele>168.5</ele><time>2026-09-24T13:11:56.000Z</time></trkpt><trkpt lat="-20.204920869183915" lon="57.4619417374034"><ele>168.5</ele><time>2026-09-24T13:11:57.000Z</time></trkpt><trkpt lat="-20.204926869183932" lon="57.461947437403424"><ele>168.5</ele><time>2026-09-24T13:11:58.000Z</time></trkpt><trkpt lat="-20.20493256918391" lon="57.46195150407014"><ele>168.5</ele><time>2026-09-24T13:11:59.000Z</time></trkpt><trkpt lat="-20.204938535850502" lon="57.46195590407018"><ele>169.4</ele><time>2026-09-24T13:12:00.000Z</time></trkpt><trkpt lat="-20.204944202517105" lon="57.46196043740359"><ele>169.4</ele><time>2026-09-24T13:12:01.000Z</time></trkpt><trkpt lat="-20.204949435850445" lon="57.461964704070354"><ele>169.4</ele><time>2026-09-24T13:12:02.000Z</time></trkpt><trkpt lat="-20.204953902517097" lon="57.46197000407044"><ele>169.4</ele><time>2026-09-24T13:12:03.000Z</time></trkpt><trkpt lat="-20.204958869183713" lon="57.46197623740386"><ele>169.4</ele><time>2026-09-24T13:12:04.000Z</time></trkpt><trkpt lat="-20.204963802517064" lon="57.46198140407055"><ele>170.3</ele><time>2026-09-24T13:12:05.000Z</time></trkpt><trkpt lat="-20.204968135850407" lon="57.46198560407055"><ele>170.3</ele><time>2026-09-24T13:12:06.000Z</time></trkpt><trkpt lat="-20.204972835850377" lon="57.46198900407056"><ele>170.3</ele><time>2026-09-24T13:12:07.000Z</time></trkpt><trkpt lat="-20.20497740251707" lon="57.461991670737234"><ele>170.3</ele><time>2026-09-24T13:12:08.000Z</time></trkpt><trkpt lat="-20.204981902517126" lon="57.4619930374039"><ele>170.3</ele><time>2026-09-24T13:12:09.000Z</time></trkpt><trkpt lat="-20.204987035850525" lon="57.46199423740393"><ele>170.8</ele><time>2026-09-24T13:12:10.000Z</time></trkpt><trkpt lat="-20.204993169183982" lon="57.461995904070605"><ele>170.8</ele><time>2026-09-24T13:12:11.000Z</time></trkpt><trkpt lat="-20.20499926918412" lon="57.461998337403955"><ele>170.8</ele><time>2026-09-24T13:12:12.000Z</time></trkpt><trkpt lat="-20.20500566918425" lon="57.46200093740399"><ele>170.8</ele><time>2026-09-24T13:12:13.000Z</time></trkpt><trkpt lat="-20.205011535851035" lon="57.46200433740405"><ele>170.8</ele><time>2026-09-24T13:12:14.000Z</time></trkpt><trkpt lat="-20.20501603585112" lon="57.462008237404135"><ele>171.7</ele><time>2026-09-24T13:12:15.000Z</time></trkpt><trkpt lat="-20.205018735851116" lon="57.46201337073766"><ele>171.7</ele><time>2026-09-24T13:12:16.000Z</time></trkpt><trkpt lat="-20.20502040251777" lon="57.46201917073787"><ele>171.7</ele><time>2026-09-24T13:12:17.000Z</time></trkpt><trkpt lat="-20.20502100251776" lon="57.46202407073805"><ele>171.7</ele><time>2026-09-24T13:12:18.000Z</time></trkpt><trkpt lat="-20.20502233585111" lon="57.46202933740492"><ele>171.7</ele><time>2026-09-24T13:12:19.000Z</time></trkpt><trkpt lat="-20.205024269184484" lon="57.46203437073842"><ele>172.6</ele><time>2026-09-24T13:12:20.000Z</time></trkpt><trkpt lat="-20.205026969184562" lon="57.46203897073855"><ele>172.6</ele><time>2026-09-24T13:12:21.000Z</time></trkpt><trkpt lat="-20.20502970251797" lon="57.4620441374053"><ele>172.6</ele><time>2026-09-24T13:12:22.000Z</time></trkpt><trkpt lat="-20.205032869184645" lon="57.462051670738774"><ele>172.6</ele><time>2026-09-24T13:12:23.000Z</time></trkpt><trkpt lat="-20.205035502517983" lon="57.46205980407219"><ele>172.6</ele><time>2026-09-24T13:12:24.000Z</time></trkpt><trkpt lat="-20.20503876918462" lon="57.462068970739004"><ele>173.1</ele><time>2026-09-24T13:12:25.000Z</time></trkpt><trkpt lat="-20.205043002517897" lon="57.46207807073908"><ele>173.1</ele><time>2026-09-24T13:12:26.000Z</time></trkpt><trkpt lat="-20.205047869184497" lon="57.46208620407252"><ele>173.1</ele><time>2026-09-24T13:12:27.000Z</time></trkpt><trkpt lat="-20.205052602517817" lon="57.46209273740594"><ele>173.1</ele><time>2026-09-24T13:12:28.000Z</time></trkpt><trkpt lat="-20.205057202517807" lon="57.462098904072704"><ele>173.1</ele><time>2026-09-24T13:12:29.000Z</time></trkpt><trkpt lat="-20.20506056918447" lon="57.46210487073944"><ele>173.8</ele><time>2026-09-24T13:12:30.000Z</time></trkpt><trkpt lat="-20.20506313585116" lon="57.46211073740618"><ele>173.8</ele><time>2026-09-24T13:12:31.000Z</time></trkpt><trkpt lat="-20.205065169184525" lon="57.46211733740624"><ele>173.8</ele><time>2026-09-24T13:12:32.000Z</time></trkpt><trkpt lat="-20.205066902517903" lon="57.462123637406286"><ele>173.8</ele><time>2026-09-24T13:12:33.000Z</time></trkpt><trkpt lat="-20.20506843585128" lon="57.46213013740635"><ele>173.8</ele><time>2026-09-24T13:12:34.000Z</time></trkpt><trkpt lat="-20.205070735851287" lon="57.46213697073972"><ele>174.5</ele><time>2026-09-24T13:12:35.000Z</time></trkpt><trkpt lat="-20.20507370251799" lon="57.46214333740645"><ele>174.5</ele><time>2026-09-24T13:12:36.000Z</time></trkpt><trkpt lat="-20.205076769184693" lon="57.462148604073164"><ele>174.5</ele><time>2026-09-24T13:12:37.000Z</time></trkpt><trkpt lat="-20.205080235851394" lon="57.46215487073992"><ele>174.5</ele><time>2026-09-24T13:12:38.000Z</time></trkpt><trkpt lat="-20.205084735851475" lon="57.4621609040734"><ele>174.5</ele><time>2026-09-24T13:12:39.000Z</time></trkpt><trkpt lat="-20.20509003585166" lon="57.46216553740688"><ele>174.9</ele><time>2026-09-24T13:12:40.000Z</time></trkpt><trkpt lat="-20.20509546918513" lon="57.46216933740703"><ele>174.9</ele><time>2026-09-24T13:12:41.000Z</time></trkpt><trkpt lat="-20.205101302518607" lon="57.46217257074053"><ele>174.9</ele><time>2026-09-24T13:12:42.000Z</time></trkpt><trkpt lat="-20.205107035852063" lon="57.46217403740728"><ele>174.9</ele><time>2026-09-24T13:12:43.000Z</time></trkpt><trkpt lat="-20.20511123585213" lon="57.46217513740728"><ele>174.9</ele><time>2026-09-24T13:12:44.000Z</time></trkpt><trkpt lat="-20.205114635852084" lon="57.46217617074058"><ele>175.6</ele><time>2026-09-24T13:12:45.000Z</time></trkpt><trkpt lat="-20.20511810251879" lon="57.46217823740726"><ele>175.6</ele><time>2026-09-24T13:12:46.000Z</time></trkpt><trkpt lat="-20.205122535852148" lon="57.46218023740728"><ele>175.6</ele><time>2026-09-24T13:12:47.000Z</time></trkpt><trkpt lat="-20.205127102518784" lon="57.46218240407397"><ele>175.6</ele><time>2026-09-24T13:12:48.000Z</time></trkpt><trkpt lat="-20.20513290251872" lon="57.462183937407374"><ele>175.6</ele><time>2026-09-24T13:12:49.000Z</time></trkpt><trkpt lat="-20.20513826918539" lon="57.4621860040741"><ele>176.6</ele><time>2026-09-24T13:12:50.000Z</time></trkpt><trkpt lat="-20.20514346918535" lon="57.462188237407496"><ele>176.6</ele><time>2026-09-24T13:12:51.000Z</time></trkpt><trkpt lat="-20.205147969185376" lon="57.46219197074096"><ele>176.6</ele><time>2026-09-24T13:12:52.000Z</time></trkpt><trkpt lat="-20.205153035852163" lon="57.46219610407443"><ele>176.6</ele><time>2026-09-24T13:12:53.000Z</time></trkpt><trkpt lat="-20.20515763585231" lon="57.462200670741254"><ele>176.6</ele><time>2026-09-24T13:12:54.000Z</time></trkpt><trkpt lat="-20.205162702519154" lon="57.46220553740805"><ele>177.0</ele><time>2026-09-24T13:12:55.000Z</time></trkpt><trkpt lat="-20.205167369185993" lon="57.46221073740817"><ele>177.0</ele><time>2026-09-24T13:12:56.000Z</time></trkpt><trkpt lat="-20.20517150251945" lon="57.4622159040749"><ele>177.0</ele><time>2026-09-24T13:12:57.000Z</time></trkpt><trkpt lat="-20.205174269186177" lon="57.462221904074966"><ele>177.0</ele><time>2026-09-24T13:12:58.000Z</time></trkpt><trkpt lat="-20.205176735852916" lon="57.462229304074995"><ele>177.0</ele><time>2026-09-24T13:12:59.000Z</time></trkpt><trkpt lat="-20.20517846918627" lon="57.46223700407511"><ele>177.9</ele><time>2026-09-24T13:13:00.000Z</time></trkpt><trkpt lat="-20.205180569186304" lon="57.46224347074185"><ele>177.9</ele><time>2026-09-24T13:13:01.000Z</time></trkpt><trkpt lat="-20.205183269186364" lon="57.46224887074192"><ele>177.9</ele><time>2026-09-24T13:13:02.000Z</time></trkpt><trkpt lat="-20.205186902519777" lon="57.462253604075315"><ele>177.9</ele><time>2026-09-24T13:13:03.000Z</time></trkpt><trkpt lat="-20.2051906358532" lon="57.4622568040754"><ele>177.9</ele><time>2026-09-24T13:13:04.000Z</time></trkpt><trkpt lat="-20.20519440251997" lon="57.46225930407542"><ele>178.9</ele><time>2026-09-24T13:13:05.000Z</time></trkpt><trkpt lat="-20.205197502520043" lon="57.462262704075464"><ele>178.9</ele><time>2026-09-24T13:13:06.000Z</time></trkpt><trkpt lat="-20.205199902520107" lon="57.46226683740882"><ele>178.9</ele><time>2026-09-24T13:13:07.000Z</time></trkpt><trkpt lat="-20.205202402520126" lon="57.46227143740883"><ele>178.9</ele><time>2026-09-24T13:13:08.000Z</time></trkpt><trkpt lat="-20.20520523585345" lon="57.462276370742146"><ele>178.9</ele><time>2026-09-24T13:13:09.000Z</time></trkpt><trkpt lat="-20.205208869186784" lon="57.46228127074217"><ele>179.5</ele><time>2026-09-24T13:13:10.000Z</time></trkpt><trkpt lat="-20.20521290252014" lon="57.4622853040755"><ele>179.5</ele><time>2026-09-24T13:13:11.000Z</time></trkpt><trkpt lat="-20.205217169186824" lon="57.462288704075505"><ele>179.5</ele><time>2026-09-24T13:13:12.000Z</time></trkpt><trkpt lat="-20.20522176918692" lon="57.46229103740884"><ele>179.5</ele><time>2026-09-24T13:13:13.000Z</time></trkpt><trkpt lat="-20.205226535853722" lon="57.46229153740886"><ele>179.5</ele><time>2026-09-24T13:13:14.000Z</time></trkpt><trkpt lat="-20.205231335853846" lon="57.462291170742176"><ele>180.7</ele><time>2026-09-24T13:13:15.000Z</time></trkpt><trkpt lat="-20.205235535853937" lon="57.46229073740883"><ele>180.7</ele><time>2026-09-24T13:13:16.000Z</time></trkpt><trkpt lat="-20.205240269187364" lon="57.46229017074215"><ele>180.7</ele><time>2026-09-24T13:13:17.000Z</time></trkpt><trkpt lat="-20.20524373585407" lon="57.46229043740884"><ele>180.7</ele><time>2026-09-24T13:13:18.000Z</time></trkpt><trkpt lat="-20.20524760252072" lon="57.46229283740886"><ele>180.7</ele><time>2026-09-24T13:13:19.000Z</time></trkpt><trkpt lat="-20.20525110252069" lon="57.46229500407553"><ele>182.0</ele><time>2026-09-24T13:13:20.000Z</time></trkpt><trkpt lat="-20.205255235854008" lon="57.46229720407555"><ele>182.0</ele><time>2026-09-24T13:13:21.000Z</time></trkpt><trkpt lat="-20.205259902520663" lon="57.46229870407556"><ele>182.0</ele><time>2026-09-24T13:13:22.000Z</time></trkpt><trkpt lat="-20.205265035853984" lon="57.462299104075534"><ele>182.0</ele><time>2026-09-24T13:13:23.000Z</time></trkpt><trkpt lat="-20.205269335853984" lon="57.46229877074219"><ele>182.0</ele><time>2026-09-24T13:13:24.000Z</time></trkpt><trkpt lat="-20.205273835853955" lon="57.46229950407557"><ele>182.6</ele><time>2026-09-24T13:13:25.000Z</time></trkpt><trkpt lat="-20.205277969187247" lon="57.462300470742264"><ele>182.6</ele><time>2026-09-24T13:13:26.000Z</time></trkpt><trkpt lat="-20.20528170252059" lon="57.46230340407561"><ele>182.6</ele><time>2026-09-24T13:13:27.000Z</time></trkpt><trkpt lat="-20.205286002520644" lon="57.46230737074232"><ele>182.6</ele><time>2026-09-24T13:13:28.000Z</time></trkpt><trkpt lat="-20.20529040252071" lon="57.46231173740904"><ele>182.6</ele><time>2026-09-24T13:13:29.000Z</time></trkpt><trkpt lat="-20.205294835854204" lon="57.46231550407572"><ele>183.7</ele><time>2026-09-24T13:13:30.000Z</time></trkpt><trkpt lat="-20.20529943585435" lon="57.46231930407576"><ele>183.7</ele><time>2026-09-24T13:13:31.000Z</time></trkpt><trkpt lat="-20.2053040358545" lon="57.46232163740918"><ele>183.7</ele><time>2026-09-24T13:13:32.000Z</time></trkpt><trkpt lat="-20.205309135854662" lon="57.46232360407591"><ele>183.7</ele><time>2026-09-24T13:13:33.000Z</time></trkpt><trkpt lat="-20.20531450252155" lon="57.46232523740931"><ele>183.7</ele><time>2026-09-24T13:13:34.000Z</time></trkpt><trkpt lat="-20.205319502521697" lon="57.46232693740935"><ele>184.8</ele><time>2026-09-24T13:13:35.000Z</time></trkpt><trkpt lat="-20.205324502521847" lon="57.46232843740938"><ele>184.8</ele><time>2026-09-24T13:13:36.000Z</time></trkpt><trkpt lat="-20.205329169188634" lon="57.46233080407613"><ele>184.8</ele><time>2026-09-24T13:13:37.000Z</time></trkpt><trkpt lat="-20.205332369188696" lon="57.46233343740954"><ele>184.8</ele><time>2026-09-24T13:13:38.000Z</time></trkpt><trkpt lat="-20.205335702522035" lon="57.462336070742936"><ele>184.8</ele><time>2026-09-24T13:13:39.000Z</time></trkpt><trkpt lat="-20.205338502522057" lon="57.46233863740969"><ele>185.4</ele><time>2026-09-24T13:13:40.000Z</time></trkpt><trkpt lat="-20.20534130252208" lon="57.46234153740977"><ele>185.4</ele><time>2026-09-24T13:13:41.000Z</time></trkpt><trkpt lat="-20.205343635855407" lon="57.462343704076474"><ele>185.4</ele><time>2026-09-24T13:13:42.000Z</time></trkpt><trkpt lat="-20.205345902522065" lon="57.46234560407652"><ele>185.4</ele><time>2026-09-24T13:13:43.000Z</time></trkpt><trkpt lat="-20.205346969188724" lon="57.46234827074321"><ele>185.4</ele><time>2026-09-24T13:13:44.000Z</time></trkpt><trkpt lat="-20.205347602522046" lon="57.462351370743214"><ele>186.6</ele><time>2026-09-24T13:13:45.000Z</time></trkpt><trkpt lat="-20.20534900252205" lon="57.46235423740986"><ele>186.6</ele><time>2026-09-24T13:13:46.000Z</time></trkpt><trkpt lat="-20.20535093585544" lon="57.46235747074318"><ele>186.6</ele><time>2026-09-24T13:13:47.000Z</time></trkpt><trkpt lat="-20.205353635855538" lon="57.46236040407649"><ele>186.6</ele><time>2026-09-24T13:13:48.000Z</time></trkpt><trkpt lat="-20.205356369188973" lon="57.462363737409895"><ele>186.6</ele><time>2026-09-24T13:13:49.000Z</time></trkpt><trkpt lat="-20.20535923585574" lon="57.46236713740999"><ele>187.7</ele><time>2026-09-24T13:13:50.000Z</time></trkpt><trkpt lat="-20.205360769189173" lon="57.4623702374101"><ele>187.7</ele><time>2026-09-24T13:13:51.000Z</time></trkpt><trkpt lat="-20.205361635855883" lon="57.46237283741018"><ele>187.7</ele><time>2026-09-24T13:13:52.000Z</time></trkpt><trkpt lat="-20.205362002522577" lon="57.462375404076944"><ele>187.7</ele><time>2026-09-24T13:13:53.000Z</time></trkpt><trkpt lat="-20.205362335855938" lon="57.46237620407695"><ele>187.7</ele><time>2026-09-24T13:13:54.000Z</time></trkpt><trkpt lat="-20.205363535855998" lon="57.462376137410274"><ele>188.2</ele><time>2026-09-24T13:13:55.000Z</time></trkpt><trkpt lat="-20.205364902522724" lon="57.46237523741028"><ele>188.2</ele><time>2026-09-24T13:13:56.000Z</time></trkpt><trkpt lat="-20.205365635856097" lon="57.462373770743625"><ele>188.2</ele><time>2026-09-24T13:13:57.000Z</time></trkpt><trkpt lat="-20.20536590252278" lon="57.46237240407697"><ele>188.2</ele><time>2026-09-24T13:13:58.000Z</time></trkpt><trkpt lat="-20.20536653585614" lon="57.462371070743664"><ele>188.2</ele><time>2026-09-24T13:13:59.000Z</time></trkpt><trkpt lat="-20.205366569189472" lon="57.46237003741036"><ele>188.8</ele><time>2026-09-24T13:14:00.000Z</time></trkpt><trkpt lat="-20.205366635856137" lon="57.46236993741038"><ele>188.8</ele><time>2026-09-24T13:14:01.000Z</time></trkpt><trkpt lat="-20.20536746918949" lon="57.46237080407709"><ele>188.8</ele><time>2026-09-24T13:14:02.000Z</time></trkpt><trkpt lat="-20.20536830252284" lon="57.4623716707438"><ele>188.8</ele><time>2026-09-24T13:14:03.000Z</time></trkpt><trkpt lat="-20.205368902522842" lon="57.462372704077175"><ele>188.8</ele><time>2026-09-24T13:14:04.000Z</time></trkpt><trkpt lat="-20.20536950252285" lon="57.46237360407721"><ele>188.9</ele><time>2026-09-24T13:14:05.000Z</time></trkpt><trkpt lat="-20.205369935856183" lon="57.46237377074391"><ele>188.9</ele><time>2026-09-24T13:14:06.000Z</time></trkpt><trkpt lat="-20.205369969189515" lon="57.46237337074392"><ele>188.9</ele><time>2026-09-24T13:14:07.000Z</time></trkpt><trkpt lat="-20.205370302522862" lon="57.46237337074392"><ele>188.9</ele><time>2026-09-24T13:14:08.000Z</time></trkpt><trkpt lat="-20.20537063585621" lon="57.46237337074392"><ele>188.9</ele><time>2026-09-24T13:14:09.000Z</time></trkpt><trkpt lat="-20.205370935856223" lon="57.462373604077264"><ele>188.9</ele><time>2026-09-24T13:14:10.000Z</time></trkpt><trkpt lat="-20.205370935856237" lon="57.46237447074394"><ele>188.9</ele><time>2026-09-24T13:14:11.000Z</time></trkpt><trkpt lat="-20.205370635856234" lon="57.46237527074394"><ele>188.9</ele><time>2026-09-24T13:14:12.000Z</time></trkpt><trkpt lat="-20.20537003585622" lon="57.46237567074395"><ele>188.9</ele><time>2026-09-24T13:14:13.000Z</time></trkpt><trkpt lat="-20.205369435856205" lon="57.46237607074395"><ele>188.9</ele><time>2026-09-24T13:14:14.000Z</time></trkpt><trkpt lat="-20.205368535856188" lon="57.46237633741062"><ele>188.9</ele><time>2026-09-24T13:14:15.000Z</time></trkpt><trkpt lat="-20.20536790252284" lon="57.46237637074394"><ele>188.9</ele><time>2026-09-24T13:14:16.000Z</time></trkpt><trkpt lat="-20.205367535856176" lon="57.46237647074393"><ele>188.9</ele><time>2026-09-24T13:14:17.000Z</time></trkpt><trkpt lat="-20.205367435856175" lon="57.46237693741061"><ele>188.9</ele><time>2026-09-24T13:14:18.000Z</time></trkpt><trkpt lat="-20.205367402522842" lon="57.46237787074396"><ele>188.9</ele><time>2026-09-24T13:14:19.000Z</time></trkpt><trkpt lat="-20.205367702522842" lon="57.462378704077295"><ele>189.2</ele><time>2026-09-24T13:14:20.000Z</time></trkpt><trkpt lat="-20.20536800252284" lon="57.46237953741064"><ele>189.2</ele><time>2026-09-24T13:14:21.000Z</time></trkpt><trkpt lat="-20.205368369189507" lon="57.46238047074398"><ele>189.2</ele><time>2026-09-24T13:14:22.000Z</time></trkpt><trkpt lat="-20.205368469189505" lon="57.46238103741065"><ele>189.2</ele><time>2026-09-24T13:14:23.000Z</time></trkpt><trkpt lat="-20.205368502522838" lon="57.462381137410645"><ele>189.2</ele><time>2026-09-24T13:14:24.000Z</time></trkpt><trkpt lat="-20.205368502522838" lon="57.462381504077314"><ele>189.4</ele><time>2026-09-24T13:14:25.000Z</time></trkpt><trkpt lat="-20.205368502522838" lon="57.46238187074398"><ele>189.4</ele><time>2026-09-24T13:14:26.000Z</time></trkpt><trkpt lat="-20.205368469189505" lon="57.46238213741064"><ele>189.4</ele><time>2026-09-24T13:14:27.000Z</time></trkpt><trkpt lat="-20.205368435856172" lon="57.46238240407731"><ele>189.4</ele><time>2026-09-24T13:14:28.000Z</time></trkpt><trkpt lat="-20.20536840252284" lon="57.46238267074398"><ele>189.4</ele><time>2026-09-24T13:14:29.000Z</time></trkpt><trkpt lat="-20.205368535856174" lon="57.462382970743974"><ele>189.7</ele><time>2026-09-24T13:14:30.000Z</time></trkpt><trkpt lat="-20.20536870252284" lon="57.46238333741064"><ele>189.7</ele><time>2026-09-24T13:14:31.000Z</time></trkpt><trkpt lat="-20.205369035856172" lon="57.462383370743986"><ele>189.7</ele><time>2026-09-24T13:14:32.000Z</time></trkpt><trkpt lat="-20.20536883585617" lon="57.462383470744"><ele>189.7</ele><time>2026-09-24T13:14:33.000Z</time></trkpt><trkpt lat="-20.205368769189505" lon="57.46238407074401"><ele>189.7</ele><time>2026-09-24T13:14:34.000Z</time></trkpt><trkpt lat="-20.205368569189506" lon="57.46238437074402"><ele>189.5</ele><time>2026-09-24T13:14:35.000Z</time></trkpt><trkpt lat="-20.20536840252284" lon="57.46238437074403"><ele>189.5</ele><time>2026-09-24T13:14:36.000Z</time></trkpt><trkpt lat="-20.20536830252285" lon="57.46238440407736"><ele>189.5</ele><time>2026-09-24T13:14:37.000Z</time></trkpt><trkpt lat="-20.20536903585621" lon="57.46238490407738"><ele>189.5</ele><time>2026-09-24T13:14:38.000Z</time></trkpt><trkpt lat="-20.205369602522904" lon="57.462384770744066"><ele>189.5</ele><time>2026-09-24T13:14:39.000Z</time></trkpt><trkpt lat="-20.2053701691896" lon="57.46238463741074"><ele>189.5</ele><time>2026-09-24T13:14:40.000Z</time></trkpt><trkpt lat="-20.205370669189627" lon="57.46238473741075"><ele>189.5</ele><time>2026-09-24T13:14:41.000Z</time></trkpt><trkpt lat="-20.205370269189636" lon="57.462385337410765"><ele>189.5</ele><time>2026-09-24T13:14:42.000Z</time></trkpt><trkpt lat="-20.2053694358563" lon="57.46238547074408"><ele>189.5</ele><time>2026-09-24T13:14:43.000Z</time></trkpt><trkpt lat="-20.20536866918963" lon="57.46238577074409"><ele>189.5</ele><time>2026-09-24T13:14:44.000Z</time></trkpt><trkpt lat="-20.205367902522966" lon="57.4623860707441"><ele>189.4</ele><time>2026-09-24T13:14:45.000Z</time></trkpt><trkpt lat="-20.20536706918963" lon="57.4623865707441"><ele>189.4</ele><time>2026-09-24T13:14:46.000Z</time></trkpt><trkpt lat="-20.20536706918963" lon="57.462386404077435"><ele>189.4</ele><time>2026-09-24T13:14:47.000Z</time></trkpt><trkpt lat="-20.205367202522964" lon="57.462386170744104"><ele>189.4</ele><time>2026-09-24T13:14:48.000Z</time></trkpt><trkpt lat="-20.205367302522966" lon="57.46238590407743"><ele>189.4</ele><time>2026-09-24T13:14:49.000Z</time></trkpt><trkpt lat="-20.205367402522963" lon="57.46238563741075"><ele>189.4</ele><time>2026-09-24T13:14:50.000Z</time></trkpt><trkpt lat="-20.20536766918963" lon="57.462385404077416"><ele>189.4</ele><time>2026-09-24T13:14:51.000Z</time></trkpt><trkpt lat="-20.205367535856283" lon="57.462385670744084"><ele>189.4</ele><time>2026-09-24T13:14:52.000Z</time></trkpt><trkpt lat="-20.205367402522935" lon="57.46238593741075"><ele>189.4</ele><time>2026-09-24T13:14:53.000Z</time></trkpt><trkpt lat="-20.205367302522923" lon="57.46238637074409"><ele>189.4</ele><time>2026-09-24T13:14:54.000Z</time></trkpt><trkpt lat="-20.205367369189574" lon="57.46238660407742"><ele>189.5</ele><time>2026-09-24T13:14:55.000Z</time></trkpt><trkpt lat="-20.20536733585623" lon="57.46238660407742"><ele>189.5</ele><time>2026-09-24T13:14:56.000Z</time></trkpt><trkpt lat="-20.205367535856233" lon="57.462386570744094"><ele>189.5</ele><time>2026-09-24T13:14:57.000Z</time></trkpt><trkpt lat="-20.205367735856232" lon="57.46238653741076"><ele>189.5</ele><time>2026-09-24T13:14:58.000Z</time></trkpt><trkpt lat="-20.205367902522898" lon="57.46238633741075"><ele>189.5</ele><time>2026-09-24T13:14:59.000Z</time></trkpt><trkpt lat="-20.205367902522898" lon="57.46238633741075"><ele>189.5</ele><time>2026-09-24T13:15:00.000Z</time></trkpt><trkpt lat="-20.205367902522898" lon="57.46238633741075"><ele>189.5</ele><time>2026-09-24T13:15:01.000Z</time></trkpt><trkpt lat="-20.2053677025229" lon="57.46238633741075"><ele>189.5</ele><time>2026-09-24T13:15:02.000Z</time></trkpt><trkpt lat="-20.205367502522897" lon="57.46238633741075"><ele>189.5</ele><time>2026-09-24T13:15:03.000Z</time></trkpt><trkpt lat="-20.205367302522898" lon="57.46238633741075"><ele>189.5</ele><time>2026-09-24T13:15:04.000Z</time></trkpt><trkpt lat="-20.2053671025229" lon="57.46238633741075"><ele>189.4</ele><time>2026-09-24T13:15:05.000Z</time></trkpt><trkpt lat="-20.2053669025229" lon="57.46238633741075"><ele>189.4</ele><time>2026-09-24T13:15:06.000Z</time></trkpt><trkpt lat="-20.2053669025229" lon="57.46238633741075"><ele>189.4</ele><time>2026-09-24T13:15:07.000Z</time></trkpt><trkpt lat="-20.205366835856232" lon="57.46238643741075"><ele>189.4</ele><time>2026-09-24T13:15:08.000Z</time></trkpt><trkpt lat="-20.205366769189567" lon="57.46238653741075"><ele>189.4</ele><time>2026-09-24T13:15:09.000Z</time></trkpt><trkpt lat="-20.205366702522902" lon="57.462386637410745"><ele>189.3</ele><time>2026-09-24T13:15:10.000Z</time></trkpt><trkpt lat="-20.205366635856233" lon="57.462386737410746"><ele>189.3</ele><time>2026-09-24T13:15:11.000Z</time></trkpt><trkpt lat="-20.205366935856247" lon="57.462387537410734"><ele>189.3</ele><time>2026-09-24T13:15:12.000Z</time></trkpt><trkpt lat="-20.205367169189593" lon="57.46238853741071"><ele>189.3</ele><time>2026-09-24T13:15:13.000Z</time></trkpt><trkpt lat="-20.205367569189608" lon="57.46238953741069"><ele>189.3</ele><time>2026-09-24T13:15:14.000Z</time></trkpt><trkpt lat="-20.205368702522982" lon="57.46239140407736"><ele>189.3</ele><time>2026-09-24T13:15:15.000Z</time></trkpt><trkpt lat="-20.205370069189705" lon="57.46239287074403"><ele>189.3</ele><time>2026-09-24T13:15:16.000Z</time></trkpt><trkpt lat="-20.205372369189767" lon="57.462394104077376"><ele>189.3</ele><time>2026-09-24T13:15:17.000Z</time></trkpt><trkpt lat="-20.20537573585655" lon="57.462395904077425"><ele>189.3</ele><time>2026-09-24T13:15:18.000Z</time></trkpt><trkpt lat="-20.205379235856682" lon="57.4623980374108"><ele>189.3</ele><time>2026-09-24T13:15:19.000Z</time></trkpt><trkpt lat="-20.205382735856812" lon="57.4624006707442"><ele>189.3</ele><time>2026-09-24T13:15:20.000Z</time></trkpt><trkpt lat="-20.20538606919026" lon="57.46240477074433"><ele>189.3</ele><time>2026-09-24T13:15:21.000Z</time></trkpt><trkpt lat="-20.205388302523698" lon="57.46240897074447"><ele>189.3</ele><time>2026-09-24T13:15:22.000Z</time></trkpt><trkpt lat="-20.20538986919041" lon="57.462413470744536"><ele>189.3</ele><time>2026-09-24T13:15:23.000Z</time></trkpt><trkpt lat="-20.2053920691905" lon="57.46241927074469"><ele>189.3</ele><time>2026-09-24T13:15:24.000Z</time></trkpt><trkpt lat="-20.20539503585727" lon="57.46242373741145"><ele>189.6</ele><time>2026-09-24T13:15:25.000Z</time></trkpt><trkpt lat="-20.205399602524015" lon="57.46242580407812"><ele>189.6</ele><time>2026-09-24T13:15:26.000Z</time></trkpt><trkpt lat="-20.205405335857414" lon="57.46242713741147"><ele>189.6</ele><time>2026-09-24T13:15:27.000Z</time></trkpt><trkpt lat="-20.205411535857515" lon="57.46242760407819"><ele>189.6</ele><time>2026-09-24T13:15:28.000Z</time></trkpt><trkpt lat="-20.20541776919093" lon="57.462426370744836"><ele>189.6</ele><time>2026-09-24T13:15:29.000Z</time></trkpt><trkpt lat="-20.20542370252436" lon="57.462425604078156"><ele>189.8</ele><time>2026-09-24T13:15:30.000Z</time></trkpt><trkpt lat="-20.205429869191136" lon="57.46242653741153"><ele>189.8</ele><time>2026-09-24T13:15:31.000Z</time></trkpt><trkpt lat="-20.20543546919126" lon="57.46242710407826"><ele>189.8</ele><time>2026-09-24T13:15:32.000Z</time></trkpt><trkpt lat="-20.20544100252469" lon="57.46242703741162"><ele>189.8</ele><time>2026-09-24T13:15:33.000Z</time></trkpt><trkpt lat="-20.205446369191414" lon="57.4624266040783"><ele>189.8</ele><time>2026-09-24T13:15:34.000Z</time></trkpt><trkpt lat="-20.205451469191466" lon="57.462425004078305"><ele>190.7</ele><time>2026-09-24T13:15:35.000Z</time></trkpt><trkpt lat="-20.205455669191558" lon="57.462423304078285"><ele>190.7</ele><time>2026-09-24T13:15:36.000Z</time></trkpt><trkpt lat="-20.20546113585835" lon="57.46242243741159"><ele>190.7</ele><time>2026-09-24T13:15:37.000Z</time></trkpt><trkpt lat="-20.205466802525162" lon="57.46242193741157"><ele>190.7</ele><time>2026-09-24T13:15:38.000Z</time></trkpt><trkpt lat="-20.20547256919194" lon="57.462422137411565"><ele>190.7</ele><time>2026-09-24T13:15:39.000Z</time></trkpt><trkpt lat="-20.205479069191973" lon="57.462423937411586"><ele>191.8</ele><time>2026-09-24T13:15:40.000Z</time></trkpt><trkpt lat="-20.205485935858633" lon="57.46242550407827"><ele>191.8</ele><time>2026-09-24T13:15:41.000Z</time></trkpt><trkpt lat="-20.205491002525257" lon="57.4624271040783"><ele>191.8</ele><time>2026-09-24T13:15:42.000Z</time></trkpt><trkpt lat="-20.205495769191845" lon="57.46243053741166"><ele>191.8</ele><time>2026-09-24T13:15:43.000Z</time></trkpt><trkpt lat="-20.205499602525133" lon="57.462434437411694"><ele>191.8</ele><time>2026-09-24T13:15:44.000Z</time></trkpt><trkpt lat="-20.205502335858434" lon="57.46243883741175"><ele>192.4</ele><time>2026-09-24T13:15:45.000Z</time></trkpt><trkpt lat="-20.205504302525107" lon="57.46244460407844"><ele>192.4</ele><time>2026-09-24T13:15:46.000Z</time></trkpt><trkpt lat="-20.20550643585846" lon="57.46245117074517"><ele>192.4</ele><time>2026-09-24T13:15:47.000Z</time></trkpt><trkpt lat="-20.20550876919184" lon="57.46245667074528"><ele>192.4</ele><time>2026-09-24T13:15:48.000Z</time></trkpt><trkpt lat="-20.20551196919188" lon="57.46246260407868"><ele>192.4</ele><time>2026-09-24T13:15:49.000Z</time></trkpt><trkpt lat="-20.20551540252526" lon="57.46246847074535"><ele>193.5</ele><time>2026-09-24T13:15:50.000Z</time></trkpt><trkpt lat="-20.20551820252528" lon="57.46247417074543"><ele>193.5</ele><time>2026-09-24T13:15:51.000Z</time></trkpt><trkpt lat="-20.205520235858618" lon="57.462479970745484"><ele>193.5</ele><time>2026-09-24T13:15:52.000Z</time></trkpt><trkpt lat="-20.205521169191936" lon="57.46248607074553"><ele>193.5</ele><time>2026-09-24T13:15:53.000Z</time></trkpt><trkpt lat="-20.205521269191934" lon="57.462492237412256"><ele>193.5</ele><time>2026-09-24T13:15:54.000Z</time></trkpt><trkpt lat="-20.205520069191913" lon="57.46249913741231"><ele>194.6</ele><time>2026-09-24T13:15:55.000Z</time></trkpt><trkpt lat="-20.20551826919188" lon="57.4625066374123"><ele>194.6</ele><time>2026-09-24T13:15:56.000Z</time></trkpt><trkpt lat="-20.205516369191834" lon="57.46251420407898"><ele>194.6</ele><time>2026-09-24T13:15:57.000Z</time></trkpt><trkpt lat="-20.205513402525142" lon="57.462522637412405"><ele>194.6</ele><time>2026-09-24T13:15:58.000Z</time></trkpt><trkpt lat="-20.20551006919177" lon="57.462531637412575"><ele>194.6</ele><time>2026-09-24T13:15:59.000Z</time></trkpt><trkpt lat="-20.20550700252507" lon="57.462540437412805"><ele>195.2</ele><time>2026-09-24T13:16:00.000Z</time></trkpt><trkpt lat="-20.205504635858382" lon="57.46254857074638"><ele>195.2</ele><time>2026-09-24T13:16:01.000Z</time></trkpt><trkpt lat="-20.205502969191713" lon="57.462557404079995"><ele>195.2</ele><time>2026-09-24T13:16:02.000Z</time></trkpt><trkpt lat="-20.205503002525035" lon="57.462565870746836"><ele>195.2</ele><time>2026-09-24T13:16:03.000Z</time></trkpt><trkpt lat="-20.20550373585837" lon="57.46257400408032"><ele>195.2</ele><time>2026-09-24T13:16:04.000Z</time></trkpt><trkpt lat="-20.205505169191746" lon="57.46258190408046"><ele>196.2</ele><time>2026-09-24T13:16:05.000Z</time></trkpt><trkpt lat="-20.205507435858415" lon="57.46259030408064"><ele>196.2</ele><time>2026-09-24T13:16:06.000Z</time></trkpt><trkpt lat="-20.205510002525077" lon="57.462597704080736"><ele>196.2</ele><time>2026-09-24T13:16:07.000Z</time></trkpt><trkpt lat="-20.205513435858354" lon="57.462604370747485"><ele>196.2</ele><time>2026-09-24T13:16:08.000Z</time></trkpt><trkpt lat="-20.2055181358583" lon="57.46261017074755"><ele>196.2</ele><time>2026-09-24T13:16:09.000Z</time></trkpt><trkpt lat="-20.205522535858215" lon="57.46261497074757"><ele>197.1</ele><time>2026-09-24T13:16:10.000Z</time></trkpt><trkpt lat="-20.20552643585817" lon="57.462619404080876"><ele>197.1</ele><time>2026-09-24T13:16:11.000Z</time></trkpt><trkpt lat="-20.20553023585817" lon="57.46262447074756"><ele>197.1</ele><time>2026-09-24T13:16:12.000Z</time></trkpt><trkpt lat="-20.20553336919155" lon="57.462629637414295"><ele>197.1</ele><time>2026-09-24T13:16:13.000Z</time></trkpt><trkpt lat="-20.20553583585832" lon="57.46263480408103"><ele>197.1</ele><time>2026-09-24T13:16:14.000Z</time></trkpt><trkpt lat="-20.205538135858422" lon="57.46264067074785"><ele>197.6</ele><time>2026-09-24T13:16:15.000Z</time></trkpt><trkpt lat="-20.20554036919186" lon="57.46264607074805"><ele>197.6</ele><time>2026-09-24T13:16:16.000Z</time></trkpt><trkpt lat="-20.20554286919196" lon="57.462650837414834"><ele>197.6</ele><time>2026-09-24T13:16:17.000Z</time></trkpt><trkpt lat="-20.20554533585874" lon="57.46265573741491"><ele>197.6</ele><time>2026-09-24T13:16:18.000Z</time></trkpt><trkpt lat="-20.205547835858845" lon="57.46266033741497"><ele>197.6</ele><time>2026-09-24T13:16:19.000Z</time></trkpt><trkpt lat="-20.20555156919232" lon="57.46266433741499"><ele>198.6</ele><time>2026-09-24T13:16:20.000Z</time></trkpt><trkpt lat="-20.20555516919246" lon="57.462668304081674"><ele>198.6</ele><time>2026-09-24T13:16:21.000Z</time></trkpt><trkpt lat="-20.20555770252591" lon="57.462671837415044"><ele>198.6</ele><time>2026-09-24T13:16:22.000Z</time></trkpt><trkpt lat="-20.205560069192675" lon="57.46267567074841"><ele>198.6</ele><time>2026-09-24T13:16:23.000Z</time></trkpt><trkpt lat="-20.20556136919273" lon="57.46268087074848"><ele>198.6</ele><time>2026-09-24T13:16:24.000Z</time></trkpt><trkpt lat="-20.205561669192758" lon="57.46268730408178"><ele>199.8</ele><time>2026-09-24T13:16:25.000Z</time></trkpt><trkpt lat="-20.205561735859455" lon="57.462695237415176"><ele>199.8</ele><time>2026-09-24T13:16:26.000Z</time></trkpt><trkpt lat="-20.205563402526177" lon="57.46270377074857"><ele>199.8</ele><time>2026-09-24T13:16:27.000Z</time></trkpt><trkpt lat="-20.205565569192892" lon="57.4627131707487"><ele>199.8</ele><time>2026-09-24T13:16:28.000Z</time></trkpt><trkpt lat="-20.20556836919294" lon="57.46272250408216"><ele>199.8</ele><time>2026-09-24T13:16:29.000Z</time></trkpt><trkpt lat="-20.205570935859637" lon="57.46273113741567"><ele>200.5</ele><time>2026-09-24T13:16:30.000Z</time></trkpt><trkpt lat="-20.20557376919302" lon="57.46273910408248"><ele>200.5</ele><time>2026-09-24T13:16:31.000Z</time></trkpt><trkpt lat="-20.205576035859693" lon="57.462747370749334"><ele>200.5</ele><time>2026-09-24T13:16:32.000Z</time></trkpt><trkpt lat="-20.20557766919303" lon="57.462754637416154"><ele>200.5</ele><time>2026-09-24T13:16:33.000Z</time></trkpt><trkpt lat="-20.205579002526385" lon="57.46276143741628"><ele>200.5</ele><time>2026-09-24T13:16:34.000Z</time></trkpt><trkpt lat="-20.20558083585975" lon="57.46276827074981"><ele>201.8</ele><time>2026-09-24T13:16:35.000Z</time></trkpt><trkpt lat="-20.205582802526447" lon="57.46277513741667"><ele>201.8</ele><time>2026-09-24T13:16:36.000Z</time></trkpt><trkpt lat="-20.205584502526506" lon="57.462782204083545"><ele>201.8</ele><time>2026-09-24T13:16:37.000Z</time></trkpt><trkpt lat="-20.205586202526565" lon="57.4627892040837"><ele>201.8</ele><time>2026-09-24T13:16:38.000Z</time></trkpt><trkpt lat="-20.205588969193293" lon="57.462796704083814"><ele>201.8</ele><time>2026-09-24T13:16:39.000Z</time></trkpt><trkpt lat="-20.2055921025267" lon="57.462802770750535"><ele>202.8</ele><time>2026-09-24T13:16:40.000Z</time></trkpt><trkpt lat="-20.205595869193463" lon="57.462806470750536"><ele>202.8</ele><time>2026-09-24T13:16:41.000Z</time></trkpt><trkpt lat="-20.205599569193552" lon="57.4628080040838"><ele>202.8</ele><time>2026-09-24T13:16:42.000Z</time></trkpt><trkpt lat="-20.205604235860285" lon="57.46280863741708"><ele>202.8</ele><time>2026-09-24T13:16:43.000Z</time></trkpt><trkpt lat="-20.20560843586032" lon="57.462807937417075"><ele>202.8</ele><time>2026-09-24T13:16:44.000Z</time></trkpt><trkpt lat="-20.205613102527003" lon="57.46280720408373"><ele>203.3</ele><time>2026-09-24T13:16:45.000Z</time></trkpt><trkpt lat="-20.20561796919371" lon="57.4628070707504"><ele>203.3</ele><time>2026-09-24T13:16:46.000Z</time></trkpt><trkpt lat="-20.205624335860517" lon="57.46280727075041"><ele>203.3</ele><time>2026-09-24T13:16:47.000Z</time></trkpt><trkpt lat="-20.205630469193977" lon="57.462806504083765"><ele>203.3</ele><time>2026-09-24T13:16:48.000Z</time></trkpt><trkpt lat="-20.205636669194075" lon="57.46280453741707"><ele>203.3</ele><time>2026-09-24T13:16:49.000Z</time></trkpt><trkpt lat="-20.205642135860863" lon="57.46280280408372"><ele>204.4</ele><time>2026-09-24T13:16:50.000Z</time></trkpt><trkpt lat="-20.205647402527624" lon="57.46280163741702"><ele>204.4</ele><time>2026-09-24T13:16:51.000Z</time></trkpt><trkpt lat="-20.205650869194276" lon="57.46280170408371"><ele>204.4</ele><time>2026-09-24T13:16:52.000Z</time></trkpt><trkpt lat="-20.20565443586099" lon="57.462803170750384"><ele>204.4</ele><time>2026-09-24T13:16:53.000Z</time></trkpt><trkpt lat="-20.20565763586108" lon="57.462806404083764"><ele>204.4</ele><time>2026-09-24T13:16:54.000Z</time></trkpt><trkpt lat="-20.20566066919449" lon="57.46281033741716"><ele>205.9</ele><time>2026-09-24T13:16:55.000Z</time></trkpt><trkpt lat="-20.205662835861204" lon="57.46281440408389"><ele>205.9</ele><time>2026-09-24T13:16:56.000Z</time></trkpt><trkpt lat="-20.205665502527907" lon="57.46281773741724"><ele>205.9</ele><time>2026-09-24T13:16:57.000Z</time></trkpt><trkpt lat="-20.205668235861246" lon="57.46282073741726"><ele>205.9</ele><time>2026-09-24T13:16:58.000Z</time></trkpt><trkpt lat="-20.20567076919459" lon="57.462823437417285"><ele>205.9</ele><time>2026-09-24T13:16:59.000Z</time></trkpt><trkpt lat="-20.20567353586125" lon="57.46282590408396"><ele>206.7</ele><time>2026-09-24T13:17:00.000Z</time></trkpt><trkpt lat="-20.20567710252797" lon="57.46282837075063"><ele>206.7</ele><time>2026-09-24T13:17:01.000Z</time></trkpt><trkpt lat="-20.205681169194705" lon="57.462830170750635"><ele>206.7</ele><time>2026-09-24T13:17:02.000Z</time></trkpt><trkpt lat="-20.205685335861396" lon="57.46283133741731"><ele>206.7</ele><time>2026-09-24T13:17:03.000Z</time></trkpt><trkpt lat="-20.20569090252814" lon="57.46283257075066"><ele>206.7</ele><time>2026-09-24T13:17:04.000Z</time></trkpt><trkpt lat="-20.205696769194933" lon="57.462833804084006"><ele>208.2</ele><time>2026-09-24T13:17:05.000Z</time></trkpt><trkpt lat="-20.20570300252835" lon="57.46283533741738"><ele>208.2</ele><time>2026-09-24T13:17:06.000Z</time></trkpt><trkpt lat="-20.205709235861768" lon="57.46283783741742"><ele>208.2</ele><time>2026-09-24T13:17:07.000Z</time></trkpt><trkpt lat="-20.205714435861893" lon="57.46284123741746"><ele>208.2</ele><time>2026-09-24T13:17:08.000Z</time></trkpt><trkpt lat="-20.205718035861956" lon="57.46284533741747"><ele>208.2</ele><time>2026-09-24T13:17:09.000Z</time></trkpt><trkpt lat="-20.20572116919533" lon="57.46285067075089"><ele>209.5</ele><time>2026-09-24T13:17:10.000Z</time></trkpt><trkpt lat="-20.20572370252867" lon="57.462855337417636"><ele>209.5</ele><time>2026-09-24T13:17:11.000Z</time></trkpt><trkpt lat="-20.205726835861984" lon="57.46286030408438"><ele>209.5</ele><time>2026-09-24T13:17:12.000Z</time></trkpt><trkpt lat="-20.205730769195355" lon="57.4628648374178"><ele>209.5</ele><time>2026-09-24T13:17:13.000Z</time></trkpt><trkpt lat="-20.20573506919541" lon="57.462868604084555"><ele>209.5</ele><time>2026-09-24T13:17:14.000Z</time></trkpt><trkpt lat="-20.205739902528798" lon="57.46287217075131"><ele>210.1</ele><time>2026-09-24T13:17:15.000Z</time></trkpt><trkpt lat="-20.205744669195543" lon="57.46287643741806"><ele>210.1</ele><time>2026-09-24T13:17:16.000Z</time></trkpt><trkpt lat="-20.205748535862327" lon="57.46288050408481"><ele>210.1</ele><time>2026-09-24T13:17:17.000Z</time></trkpt><trkpt lat="-20.205752769195737" lon="57.46288567075162"><ele>210.1</ele><time>2026-09-24T13:17:18.000Z</time></trkpt><trkpt lat="-20.205757702529194" lon="57.462891670751745"><ele>210.1</ele><time>2026-09-24T13:17:19.000Z</time></trkpt><trkpt lat="-20.205762769195932" lon="57.46289677075182"><ele>211.1</ele><time>2026-09-24T13:17:20.000Z</time></trkpt><trkpt lat="-20.205768735862684" lon="57.46290253741861"><ele>211.1</ele><time>2026-09-24T13:17:21.000Z</time></trkpt><trkpt lat="-20.205775302529407" lon="57.46290910408542"><ele>211.1</ele><time>2026-09-24T13:17:22.000Z</time></trkpt><trkpt lat="-20.2057813358628" lon="57.462915870752134"><ele>211.1</ele><time>2026-09-24T13:17:23.000Z</time></trkpt><trkpt lat="-20.20578693586281" lon="57.46292173741885"><ele>211.1</ele><time>2026-09-24T13:17:24.000Z</time></trkpt><trkpt lat="-20.20579313586291" lon="57.46292727075222"><ele>211.9</ele><time>2026-09-24T13:17:25.000Z</time></trkpt><trkpt lat="-20.205799002529698" lon="57.46293060408552"><ele>211.9</ele><time>2026-09-24T13:17:26.000Z</time></trkpt><trkpt lat="-20.205805302529757" lon="57.462932137418804"><ele>211.9</ele><time>2026-09-24T13:17:27.000Z</time></trkpt><trkpt lat="-20.205811602529813" lon="57.46293293741881"><ele>211.9</ele><time>2026-09-24T13:17:28.000Z</time></trkpt><trkpt lat="-20.20581783586318" lon="57.46293417075218"><ele>211.9</ele><time>2026-09-24T13:17:29.000Z</time></trkpt><trkpt lat="-20.20582400252991" lon="57.462936204085565"><ele>212.2</ele><time>2026-09-24T13:17:30.000Z</time></trkpt><trkpt lat="-20.205829735863254" lon="57.46293923741897"><ele>212.2</ele><time>2026-09-24T13:17:31.000Z</time></trkpt><trkpt lat="-20.205835702529953" lon="57.462942437419045"><ele>212.2</ele><time>2026-09-24T13:17:32.000Z</time></trkpt><trkpt lat="-20.205843235863227" lon="57.462944104085764"><ele>212.2</ele><time>2026-09-24T13:17:33.000Z</time></trkpt><trkpt lat="-20.205851535863236" lon="57.462944670752464"><ele>212.2</ele><time>2026-09-24T13:17:34.000Z</time></trkpt><trkpt lat="-20.20585933586323" lon="57.46294323741912"><ele>213.1</ele><time>2026-09-24T13:17:35.000Z</time></trkpt><trkpt lat="-20.205868035863194" lon="57.4629406374191"><ele>213.1</ele><time>2026-09-24T13:17:36.000Z</time></trkpt><trkpt lat="-20.205876369196524" lon="57.4629377707524"><ele>213.1</ele><time>2026-09-24T13:17:37.000Z</time></trkpt><trkpt lat="-20.20588373586325" lon="57.462935770752345"><ele>213.1</ele><time>2026-09-24T13:17:38.000Z</time></trkpt><trkpt lat="-20.20589103586323" lon="57.46293393741896"><ele>213.1</ele><time>2026-09-24T13:17:39.000Z</time></trkpt><trkpt lat="-20.20589870252984" lon="57.46293280408558"><ele>214.1</ele><time>2026-09-24T13:17:40.000Z</time></trkpt><trkpt lat="-20.205906635863222" lon="57.46293220408554"><ele>214.1</ele><time>2026-09-24T13:17:41.000Z</time></trkpt><trkpt lat="-20.205914502529964" lon="57.462931704085506"><ele>214.1</ele><time>2026-09-24T13:17:42.000Z</time></trkpt><trkpt lat="-20.205922669196692" lon="57.462931504085496"><ele>214.1</ele><time>2026-09-24T13:17:43.000Z</time></trkpt><trkpt lat="-20.205930502530116" lon="57.46293173741883"><ele>214.1</ele><time>2026-09-24T13:17:44.000Z</time></trkpt><trkpt lat="-20.2059382691969" lon="57.462931970752166"><ele>214.5</ele><time>2026-09-24T13:17:45.000Z</time></trkpt><trkpt lat="-20.20594546919692" lon="57.46293267075218"><ele>214.5</ele><time>2026-09-24T13:17:46.000Z</time></trkpt><trkpt lat="-20.205953002530354" lon="57.46293360408555"><ele>214.5</ele><time>2026-09-24T13:17:47.000Z</time></trkpt><trkpt lat="-20.205960902530414" lon="57.46293333741888"><ele>214.5</ele><time>2026-09-24T13:17:48.000Z</time></trkpt><trkpt lat="-20.205969769197083" lon="57.46293237075222"><ele>214.5</ele><time>2026-09-24T13:17:49.000Z</time></trkpt><trkpt lat="-20.20597883586377" lon="57.462932070752245"><ele>215.2</ele><time>2026-09-24T13:17:50.000Z</time></trkpt><trkpt lat="-20.205987969197103" lon="57.46293260408559"><ele>215.2</ele><time>2026-09-24T13:17:51.000Z</time></trkpt><trkpt lat="-20.205996635863745" lon="57.46293363741893"><ele>215.2</ele><time>2026-09-24T13:17:52.000Z</time></trkpt><trkpt lat="-20.206004102530432" lon="57.46293630408563"><ele>215.2</ele><time>2026-09-24T13:17:53.000Z</time></trkpt><trkpt lat="-20.206010935863823" lon="57.46293957075235"><ele>215.2</ele><time>2026-09-24T13:17:54.000Z</time></trkpt><trkpt lat="-20.20601756919719" lon="57.46294290408571"><ele>215.5</ele><time>2026-09-24T13:17:55.000Z</time></trkpt><trkpt lat="-20.206025135863946" lon="57.46294590408572"><ele>215.5</ele><time>2026-09-24T13:17:56.000Z</time></trkpt><trkpt lat="-20.206033169197394" lon="57.46294843741907"><ele>215.5</ele><time>2026-09-24T13:17:57.000Z</time></trkpt><trkpt lat="-20.20604273586421" lon="57.462950270752415"><ele>215.5</ele><time>2026-09-24T13:17:58.000Z</time></trkpt><trkpt lat="-20.206052335864342" lon="57.462952237419074"><ele>215.5</ele><time>2026-09-24T13:17:59.000Z</time></trkpt><trkpt lat="-20.20606266919784" lon="57.46295427075243"><ele>216.1</ele><time>2026-09-24T13:18:00.000Z</time></trkpt><trkpt lat="-20.206071969197986" lon="57.46295613741911"><ele>216.1</ele><time>2026-09-24T13:18:01.000Z</time></trkpt><trkpt lat="-20.206080702531374" lon="57.46295897075252"><ele>216.1</ele><time>2026-09-24T13:18:02.000Z</time></trkpt><trkpt lat="-20.206088869198" lon="57.462962237419255"><ele>216.1</ele><time>2026-09-24T13:18:03.000Z</time></trkpt><trkpt lat="-20.20609776919809" lon="57.46296603741937"><ele>216.1</ele><time>2026-09-24T13:18:04.000Z</time></trkpt><trkpt lat="-20.20610663586476" lon="57.46296987075279"><ele>216.7</ele><time>2026-09-24T13:18:05.000Z</time></trkpt><trkpt lat="-20.206115502531425" lon="57.46297407075285"><ele>216.7</ele><time>2026-09-24T13:18:06.000Z</time></trkpt><trkpt lat="-20.206124702531504" lon="57.462978037419546"><ele>216.7</ele><time>2026-09-24T13:18:07.000Z</time></trkpt><trkpt lat="-20.206134335865066" lon="57.46298290408625"><ele>216.7</ele><time>2026-09-24T13:18:08.000Z</time></trkpt><trkpt lat="-20.206142902531848" lon="57.462987604086244"><ele>216.7</ele><time>2026-09-24T13:18:09.000Z</time></trkpt><trkpt lat="-20.20615063586531" lon="57.462992637419646"><ele>217.0</ele><time>2026-09-24T13:18:10.000Z</time></trkpt><trkpt lat="-20.206157469198786" lon="57.46299850408643"><ele>217.0</ele><time>2026-09-24T13:18:11.000Z</time></trkpt><trkpt lat="-20.206163035865536" lon="57.46300517075326"><ele>217.0</ele><time>2026-09-24T13:18:12.000Z</time></trkpt><trkpt lat="-20.206166602532228" lon="57.46301233742007"><ele>217.0</ele><time>2026-09-24T13:18:13.000Z</time></trkpt><trkpt lat="-20.20616926919893" lon="57.463020337420275"><ele>217.0</ele><time>2026-09-24T13:18:14.000Z</time></trkpt><trkpt lat="-20.20617090253231" lon="57.46302807075374"><ele>217.5</ele><time>2026-09-24T13:18:15.000Z</time></trkpt><trkpt lat="-20.20617250253234" lon="57.46303560408718"><ele>217.5</ele><time>2026-09-24T13:18:16.000Z</time></trkpt><trkpt lat="-20.20617436919901" lon="57.46304367075402"><ele>217.5</ele><time>2026-09-24T13:18:17.000Z</time></trkpt><trkpt lat="-20.206177302532353" lon="57.46305033742084"><ele>217.5</ele><time>2026-09-24T13:18:18.000Z</time></trkpt><trkpt lat="-20.206182135865824" lon="57.46305583742094"><ele>217.5</ele><time>2026-09-24T13:18:19.000Z</time></trkpt><trkpt lat="-20.206187769199264" lon="57.46306110408771"><ele>218.1</ele><time>2026-09-24T13:18:20.000Z</time></trkpt><trkpt lat="-20.206194002532737" lon="57.46306597075445"><ele>218.1</ele><time>2026-09-24T13:18:21.000Z</time></trkpt><trkpt lat="-20.206201335866147" lon="57.46307037075444"><ele>218.1</ele><time>2026-09-24T13:18:22.000Z</time></trkpt><trkpt lat="-20.206208335866247" lon="57.463074470754464"><ele>218.1</ele><time>2026-09-24T13:18:23.000Z</time></trkpt><trkpt lat="-20.20621426919957" lon="57.463078770754485"><ele>218.1</ele><time>2026-09-24T13:18:24.000Z</time></trkpt><trkpt lat="-20.20622033586628" lon="57.46308337075455"><ele>218.4</ele><time>2026-09-24T13:18:25.000Z</time></trkpt><trkpt lat="-20.20622666919966" lon="57.46308767075461"><ele>218.4</ele><time>2026-09-24T13:18:26.000Z</time></trkpt><trkpt lat="-20.20623200253311" lon="57.463090004087974"><ele>218.4</ele><time>2026-09-24T13:18:27.000Z</time></trkpt><trkpt lat="-20.206237002533207" lon="57.46309170408798"><ele>218.4</ele><time>2026-09-24T13:18:28.000Z</time></trkpt><trkpt lat="-20.20624116919995" lon="57.463093437421364"><ele>218.4</ele><time>2026-09-24T13:18:29.000Z</time></trkpt><trkpt lat="-20.206244702533347" lon="57.46309567075476"><ele>219.1</ele><time>2026-09-24T13:18:30.000Z</time></trkpt><trkpt lat="-20.20624776920005" lon="57.46309887075489"><ele>219.1</ele><time>2026-09-24T13:18:31.000Z</time></trkpt><trkpt lat="-20.206251502533473" lon="57.463103804088384"><ele>219.1</ele><time>2026-09-24T13:18:32.000Z</time></trkpt><trkpt lat="-20.20625566920022" lon="57.46311093742188"><ele>219.1</ele><time>2026-09-24T13:18:33.000Z</time></trkpt><trkpt lat="-20.206260969200304" lon="57.46311803742198"><ele>219.1</ele><time>2026-09-24T13:18:34.000Z</time></trkpt><trkpt lat="-20.206266102533732" lon="57.46312420408871"><ele>219.8</ele><time>2026-09-24T13:18:35.000Z</time></trkpt><trkpt lat="-20.206270869200505" lon="57.46312847075537"><ele>219.8</ele><time>2026-09-24T13:18:36.000Z</time></trkpt><trkpt lat="-20.206276102533973" lon="57.463131170755354"><ele>219.8</ele><time>2026-09-24T13:18:37.000Z</time></trkpt><trkpt lat="-20.20628163586743" lon="57.46313250408865"><ele>219.8</ele><time>2026-09-24T13:18:38.000Z</time></trkpt><trkpt lat="-20.206286102534214" lon="57.46313217075524"><ele>219.8</ele><time>2026-09-24T13:18:39.000Z</time></trkpt><trkpt lat="-20.206290169200976" lon="57.46313350408858"><ele>220.1</ele><time>2026-09-24T13:18:40.000Z</time></trkpt><trkpt lat="-20.2062941025344" lon="57.463136170755305"><ele>220.1</ele><time>2026-09-24T13:18:41.000Z</time></trkpt><trkpt lat="-20.2062965692011" lon="57.46314010408869"><ele>220.1</ele><time>2026-09-24T13:18:42.000Z</time></trkpt><trkpt lat="-20.20629860253453" lon="57.46314557075554"><ele>220.1</ele><time>2026-09-24T13:18:43.000Z</time></trkpt><trkpt lat="-20.20630193586798" lon="57.4631536707558"><ele>220.1</ele><time>2026-09-24T13:18:44.000Z</time></trkpt><trkpt lat="-20.206306302534752" lon="57.46316040408929"><ele>220.6</ele><time>2026-09-24T13:18:45.000Z</time></trkpt><trkpt lat="-20.206310769201515" lon="57.463166070756074"><ele>220.6</ele><time>2026-09-24T13:18:46.000Z</time></trkpt><trkpt lat="-20.206315569201582" lon="57.463170404089524"><ele>220.6</ele><time>2026-09-24T13:18:47.000Z</time></trkpt><trkpt lat="-20.20632026920158" lon="57.46317317075619"><ele>220.6</ele><time>2026-09-24T13:18:48.000Z</time></trkpt><trkpt lat="-20.206324535868205" lon="57.463175004089564"><ele>220.6</ele><time>2026-09-24T13:18:49.000Z</time></trkpt><trkpt lat="-20.206328235868178" lon="57.463177670756224"><ele>221.0</ele><time>2026-09-24T13:18:50.000Z</time></trkpt><trkpt lat="-20.206331969201493" lon="57.46318073742291"><ele>221.0</ele><time>2026-09-24T13:18:51.000Z</time></trkpt><trkpt lat="-20.20633610253487" lon="57.463185504089566"><ele>221.0</ele><time>2026-09-24T13:18:52.000Z</time></trkpt><trkpt lat="-20.206340235868243" lon="57.46319157075624"><ele>221.0</ele><time>2026-09-24T13:18:53.000Z</time></trkpt><trkpt lat="-20.206344002534987" lon="57.46319790408957"><ele>221.0</ele><time>2026-09-24T13:18:54.000Z</time></trkpt><trkpt lat="-20.206348469201775" lon="57.46320363742294"><ele>221.2</ele><time>2026-09-24T13:18:55.000Z</time></trkpt><trkpt lat="-20.206353835868548" lon="57.46320910408963"><ele>221.2</ele><time>2026-09-24T13:18:56.000Z</time></trkpt><trkpt lat="-20.206359369201927" lon="57.463214637423015"><ele>221.2</ele><time>2026-09-24T13:18:57.000Z</time></trkpt><trkpt lat="-20.20636463586863" lon="57.46321953742311"><ele>221.2</ele><time>2026-09-24T13:18:58.000Z</time></trkpt><trkpt lat="-20.206369169201995" lon="57.46322513742321"><ele>221.2</ele><time>2026-09-24T13:18:59.000Z</time></trkpt><trkpt lat="-20.206373302535297" lon="57.46323070408992"><ele>221.7</ele><time>2026-09-24T13:19:00.000Z</time></trkpt><trkpt lat="-20.206376202535267" lon="57.463236604090014"><ele>221.7</ele><time>2026-09-24T13:19:01.000Z</time></trkpt><trkpt lat="-20.206377869201912" lon="57.46324220409012"><ele>221.7</ele><time>2026-09-24T13:19:02.000Z</time></trkpt><trkpt lat="-20.206379269201918" lon="57.46324800409021"><ele>221.7</ele><time>2026-09-24T13:19:03.000Z</time></trkpt><trkpt lat="-20.206381169201922" lon="57.46325280409028"><ele>221.7</ele><time>2026-09-24T13:19:04.000Z</time></trkpt><trkpt lat="-20.206382502535273" lon="57.46325757075706"><ele>222.3</ele><time>2026-09-24T13:19:05.000Z</time></trkpt><trkpt lat="-20.20638420253532" lon="57.46326333742388"><ele>222.3</ele><time>2026-09-24T13:19:06.000Z</time></trkpt><trkpt lat="-20.206385835868698" lon="57.4632693040907"><ele>222.3</ele><time>2026-09-24T13:19:07.000Z</time></trkpt><trkpt lat="-20.206387369202062" lon="57.463276437424064"><ele>222.3</ele><time>2026-09-24T13:19:08.000Z</time></trkpt><trkpt lat="-20.206389169202094" lon="57.46328393742416"><ele>222.3</ele><time>2026-09-24T13:19:09.000Z</time></trkpt><trkpt lat="-20.20639173586881" lon="57.46329153742423"><ele>222.7</ele><time>2026-09-24T13:19:10.000Z</time></trkpt><trkpt lat="-20.206394502535495" lon="57.46329850409095"><ele>222.7</ele><time>2026-09-24T13:19:11.000Z</time></trkpt><trkpt lat="-20.206397735868855" lon="57.46330477075766"><ele>222.7</ele><time>2026-09-24T13:19:12.000Z</time></trkpt><trkpt lat="-20.20640203586891" lon="57.46330940409115"><ele>222.7</ele><time>2026-09-24T13:19:13.000Z</time></trkpt><trkpt lat="-20.20640643586892" lon="57.46331363742456"><ele>222.7</ele><time>2026-09-24T13:19:14.000Z</time></trkpt><trkpt lat="-20.20641043586893" lon="57.46331807075798"><ele>223.6</ele><time>2026-09-24T13:19:15.000Z</time></trkpt><trkpt lat="-20.20641470253566" lon="57.46332323742473"><ele>223.6</ele><time>2026-09-24T13:19:16.000Z</time></trkpt><trkpt lat="-20.206419102535726" lon="57.463328804091496"><ele>223.6</ele><time>2026-09-24T13:19:17.000Z</time></trkpt><trkpt lat="-20.206423302535764" lon="57.46333437075822"><ele>223.6</ele><time>2026-09-24T13:19:18.000Z</time></trkpt><trkpt lat="-20.206427602535875" lon="57.46334083742495"><ele>223.6</ele><time>2026-09-24T13:19:19.000Z</time></trkpt><trkpt lat="-20.206432769202674" lon="57.46334733742502"><ele>224.6</ele><time>2026-09-24T13:19:20.000Z</time></trkpt><trkpt lat="-20.206438369202743" lon="57.46335273742504"><ele>224.6</ele><time>2026-09-24T13:19:21.000Z</time></trkpt><trkpt lat="-20.206444069202824" lon="57.46335747075839"><ele>224.6</ele><time>2026-09-24T13:19:22.000Z</time></trkpt><trkpt lat="-20.20644886920291" lon="57.463362237425066"><ele>224.6</ele><time>2026-09-24T13:19:23.000Z</time></trkpt><trkpt lat="-20.20645303586964" lon="57.46336673742513"><ele>224.6</ele><time>2026-09-24T13:19:24.000Z</time></trkpt><trkpt lat="-20.206455902536327" lon="57.46337100409191"><ele>225.0</ele><time>2026-09-24T13:19:25.000Z</time></trkpt><trkpt lat="-20.206457669203026" lon="57.46337613742543"><ele>225.0</ele><time>2026-09-24T13:19:26.000Z</time></trkpt><trkpt lat="-20.206458869203043" lon="57.46338147075893"><ele>225.0</ele><time>2026-09-24T13:19:27.000Z</time></trkpt><trkpt lat="-20.20646053586974" lon="57.463387104092405"><ele>225.0</ele><time>2026-09-24T13:19:28.000Z</time></trkpt><trkpt lat="-20.206462535869747" lon="57.4633925374258"><ele>225.0</ele><time>2026-09-24T13:19:29.000Z</time></trkpt><trkpt lat="-20.2064647692031" lon="57.46339813742577"><ele>225.9</ele><time>2026-09-24T13:19:30.000Z</time></trkpt><trkpt lat="-20.20646686920312" lon="57.46340427075891"><ele>225.9</ele><time>2026-09-24T13:19:31.000Z</time></trkpt><trkpt lat="-20.206469569203144" lon="57.46341053742536"><ele>225.9</ele><time>2026-09-24T13:19:32.000Z</time></trkpt><trkpt lat="-20.206472235869846" lon="57.46341643742519"><ele>225.9</ele><time>2026-09-24T13:19:33.000Z</time></trkpt><trkpt lat="-20.206474569203237" lon="57.46342173742505"><ele>225.9</ele><time>2026-09-24T13:19:34.000Z</time></trkpt><trkpt lat="-20.206477235869965" lon="57.463427237424945"><ele>226.9</ele><time>2026-09-24T13:19:35.000Z</time></trkpt><trkpt lat="-20.206480369203387" lon="57.46343107075827"><ele>226.9</ele><time>2026-09-24T13:19:36.000Z</time></trkpt><trkpt lat="-20.206484435870202" lon="57.463434737424976"><ele>226.9</ele><time>2026-09-24T13:19:37.000Z</time></trkpt><trkpt lat="-20.206489469203667" lon="57.463437804091676"><ele>226.9</ele><time>2026-09-24T13:19:38.000Z</time></trkpt><trkpt lat="-20.20649463587047" lon="57.463440504091714"><ele>226.9</ele><time>2026-09-24T13:19:39.000Z</time></trkpt><trkpt lat="-20.20649926920394" lon="57.463443570758486"><ele>227.4</ele><time>2026-09-24T13:19:40.000Z</time></trkpt><trkpt lat="-20.206503669204057" lon="57.463446937425296"><ele>227.4</ele><time>2026-09-24T13:19:41.000Z</time></trkpt><trkpt lat="-20.206506535870783" lon="57.463451504092106"><ele>227.4</ele><time>2026-09-24T13:19:42.000Z</time></trkpt><trkpt lat="-20.20650766920416" lon="57.463457437425646"><ele>227.4</ele><time>2026-09-24T13:19:43.000Z</time></trkpt><trkpt lat="-20.20650790253752" lon="57.46346447075913"><ele>227.4</ele><time>2026-09-24T13:19:44.000Z</time></trkpt><trkpt lat="-20.206508302537536" lon="57.46347133742586"><ele>228.6</ele><time>2026-09-24T13:19:45.000Z</time></trkpt><trkpt lat="-20.206508469204202" lon="57.463478437425884"><ele>228.6</ele><time>2026-09-24T13:19:46.000Z</time></trkpt><trkpt lat="-20.206508769204206" lon="57.463484737425894"><ele>228.6</ele><time>2026-09-24T13:19:47.000Z</time></trkpt><trkpt lat="-20.206509935870862" lon="57.46349083742582"><ele>228.6</ele><time>2026-09-24T13:19:48.000Z</time></trkpt><trkpt lat="-20.206511269204174" lon="57.46349637075914"><ele>228.6</ele><time>2026-09-24T13:19:49.000Z</time></trkpt><trkpt lat="-20.20651216920415" lon="57.46350123742584"><ele>229.8</ele><time>2026-09-24T13:19:50.000Z</time></trkpt><trkpt lat="-20.206512402537456" lon="57.46350580409253"><ele>229.8</ele><time>2026-09-24T13:19:51.000Z</time></trkpt><trkpt lat="-20.206512569204097" lon="57.46351043742585"><ele>229.8</ele><time>2026-09-24T13:19:52.000Z</time></trkpt><trkpt lat="-20.20651176920408" lon="57.463514804092576"><ele>229.8</ele><time>2026-09-24T13:19:53.000Z</time></trkpt><trkpt lat="-20.206511902537404" lon="57.46351797075929"><ele>229.8</ele><time>2026-09-24T13:19:54.000Z</time></trkpt><trkpt lat="-20.206511635870708" lon="57.46352033742598"><ele>231.1</ele><time>2026-09-24T13:19:55.000Z</time></trkpt><trkpt lat="-20.206511535870668" lon="57.46352230409269"><ele>231.1</ele><time>2026-09-24T13:19:56.000Z</time></trkpt><trkpt lat="-20.206511269203965" lon="57.46352333742609"><ele>231.1</ele><time>2026-09-24T13:19:57.000Z</time></trkpt><trkpt lat="-20.206511102537256" lon="57.46352333742611"><ele>231.1</ele><time>2026-09-24T13:19:58.000Z</time></trkpt><trkpt lat="-20.20651023587056" lon="57.463523870759445"><ele>231.1</ele><time>2026-09-24T13:19:59.000Z</time></trkpt><trkpt lat="-20.206509802537216" lon="57.46352433742611"><ele>231.8</ele><time>2026-09-24T13:20:00.000Z</time></trkpt><trkpt lat="-20.206509735870547" lon="57.463524570759446"><ele>231.8</ele><time>2026-09-24T13:20:01.000Z</time></trkpt><trkpt lat="-20.20650956920388" lon="57.46352467075944"><ele>231.8</ele><time>2026-09-24T13:20:02.000Z</time></trkpt><trkpt lat="-20.20650956920388" lon="57.46352467075944"><ele>231.8</ele><time>2026-09-24T13:20:03.000Z</time></trkpt><trkpt lat="-20.20650956920388" lon="57.46352467075944"><ele>231.8</ele><time>2026-09-24T13:20:04.000Z</time></trkpt><trkpt lat="-20.206510435870577" lon="57.463524304092765"><ele>232.9</ele><time>2026-09-24T13:20:05.000Z</time></trkpt><trkpt lat="-20.206509569203885" lon="57.463524670759504"><ele>232.9</ele><time>2026-09-24T13:20:06.000Z</time></trkpt><trkpt lat="-20.206513902537363" lon="57.46352283742611"><ele>232.9</ele><time>2026-09-24T13:20:07.000Z</time></trkpt><trkpt lat="-20.206543235870914" lon="57.46355583742706"><ele>234.9</ele><time>2026-09-24T13:21:57.000Z</time></trkpt><trkpt lat="-20.20654240253758" lon="57.463555504093726"><ele>233.9</ele><time>2026-09-24T13:21:58.000Z</time></trkpt><trkpt lat="-20.206542569204238" lon="57.463555570760334"><ele>234.0</ele><time>2026-09-24T13:21:59.000Z</time></trkpt><trkpt lat="-20.20654240253758" lon="57.463555504093726"><ele>233.9</ele><time>2026-09-24T13:22:00.000Z</time></trkpt><trkpt lat="-20.20654240253758" lon="57.463555504093726"><ele>233.9</ele><time>2026-09-24T13:22:01.000Z</time></trkpt><trkpt lat="-20.20652673587073" lon="57.46352083742705"><ele>233.9</ele><time>2026-09-24T13:42:15.000Z</time></trkpt><trkpt lat="-20.206521735870584" lon="57.463521004093714"><ele>233.9</ele><time>2026-09-24T13:42:16.000Z</time></trkpt><trkpt lat="-20.206521969203898" lon="57.46351767076028"><ele>233.9</ele><time>2026-09-24T13:42:17.000Z</time></trkpt><trkpt lat="-20.206520635870522" lon="57.46351547076025"><ele>233.9</ele><time>2026-09-24T13:42:18.000Z</time></trkpt><trkpt lat="-20.206520269203843" lon="57.46351257076022"><ele>233.9</ele><time>2026-09-24T13:42:19.000Z</time></trkpt><trkpt lat="-20.206520635870522" lon="57.463509070760175"><ele>233.9</ele><time>2026-09-24T13:42:20.000Z</time></trkpt><trkpt lat="-20.20652060253719" lon="57.463504904093455"><ele>233.9</ele><time>2026-09-24T13:42:21.000Z</time></trkpt><trkpt lat="-20.2065202025372" lon="57.46350037076004"><ele>233.9</ele><time>2026-09-24T13:42:22.000Z</time></trkpt><trkpt lat="-20.20651970253721" lon="57.46349610409328"><ele>233.9</ele><time>2026-09-24T13:42:23.000Z</time></trkpt><trkpt lat="-20.2065186692039" lon="57.46349177075986"><ele>233.9</ele><time>2026-09-24T13:42:24.000Z</time></trkpt><trkpt lat="-20.20651763587059" lon="57.463487770759755"><ele>233.9</ele><time>2026-09-24T13:42:25.000Z</time></trkpt><trkpt lat="-20.206517669203954" lon="57.463483670759636"><ele>233.9</ele><time>2026-09-24T13:42:26.000Z</time></trkpt><trkpt lat="-20.206518069203966" lon="57.46347947075958"><ele>233.9</ele><time>2026-09-24T13:42:27.000Z</time></trkpt><trkpt lat="-20.20651806920397" lon="57.4634746374262"><ele>233.9</ele><time>2026-09-24T13:42:28.000Z</time></trkpt><trkpt lat="-20.206518435870624" lon="57.4634698707595"><ele>233.9</ele><time>2026-09-24T13:42:29.000Z</time></trkpt><trkpt lat="-20.20651880253728" lon="57.46346540409284"><ele>233.9</ele><time>2026-09-24T13:42:30.000Z</time></trkpt><trkpt lat="-20.206518902537262" lon="57.4634619374262"><ele>233.3</ele><time>2026-09-24T13:42:31.000Z</time></trkpt><trkpt lat="-20.20651946920392" lon="57.463458637426186"><ele>233.3</ele><time>2026-09-24T13:42:32.000Z</time></trkpt><trkpt lat="-20.206520135870587" lon="57.46345533742616"><ele>233.3</ele><time>2026-09-24T13:42:33.000Z</time></trkpt><trkpt lat="-20.206520269203896" lon="57.46345163742607"><ele>233.3</ele><time>2026-09-24T13:42:34.000Z</time></trkpt><trkpt lat="-20.206519035870464" lon="57.4634459040927"><ele>233.3</ele><time>2026-09-24T13:42:35.000Z</time></trkpt><trkpt lat="-20.206516835870378" lon="57.463439537426005"><ele>232.9</ele><time>2026-09-24T13:42:36.000Z</time></trkpt><trkpt lat="-20.206513835870286" lon="57.46343287075929"><ele>232.9</ele><time>2026-09-24T13:42:37.000Z</time></trkpt><trkpt lat="-20.206510435870193" lon="57.46342660409256"><ele>232.9</ele><time>2026-09-24T13:42:38.000Z</time></trkpt><trkpt lat="-20.20650690253677" lon="57.46342120409254"><ele>232.9</ele><time>2026-09-24T13:42:39.000Z</time></trkpt><trkpt lat="-20.206503669203386" lon="57.46341847075912"><ele>232.9</ele><time>2026-09-24T13:42:40.000Z</time></trkpt><trkpt lat="-20.206500635870004" lon="57.46341583742568"><ele>231.8</ele><time>2026-09-24T13:42:41.000Z</time></trkpt><trkpt lat="-20.206498169203293" lon="57.463414270758946"><ele>231.8</ele><time>2026-09-24T13:42:42.000Z</time></trkpt><trkpt lat="-20.206497069203234" lon="57.46341220409223"><ele>231.8</ele><time>2026-09-24T13:42:43.000Z</time></trkpt><trkpt lat="-20.206496635869875" lon="57.46340953742548"><ele>231.8</ele><time>2026-09-24T13:42:44.000Z</time></trkpt><trkpt lat="-20.20649600253654" lon="57.46340633742538"><ele>231.8</ele><time>2026-09-24T13:42:45.000Z</time></trkpt><trkpt lat="-20.206495869203216" lon="57.46340300409203"><ele>231.3</ele><time>2026-09-24T13:42:46.000Z</time></trkpt><trkpt lat="-20.20649540253655" lon="57.46339830409196"><ele>231.3</ele><time>2026-09-24T13:42:47.000Z</time></trkpt><trkpt lat="-20.206494369203227" lon="57.4633936374252"><ele>231.3</ele><time>2026-09-24T13:42:48.000Z</time></trkpt><trkpt lat="-20.206493635869904" lon="57.463389170758504"><ele>231.3</ele><time>2026-09-24T13:42:49.000Z</time></trkpt><trkpt lat="-20.206493935869904" lon="57.46338417075849"><ele>231.3</ele><time>2026-09-24T13:42:50.000Z</time></trkpt><trkpt lat="-20.206493435869877" lon="57.46337890409177"><ele>230.3</ele><time>2026-09-24T13:42:51.000Z</time></trkpt><trkpt lat="-20.206492535869874" lon="57.46337443742507"><ele>230.3</ele><time>2026-09-24T13:42:52.000Z</time></trkpt><trkpt lat="-20.206492202536523" lon="57.463369304091714"><ele>230.3</ele><time>2026-09-24T13:42:53.000Z</time></trkpt><trkpt lat="-20.206490769203146" lon="57.463363304091686"><ele>230.3</ele><time>2026-09-24T13:42:54.000Z</time></trkpt><trkpt lat="-20.206487635869724" lon="57.463357637424984"><ele>230.3</ele><time>2026-09-24T13:42:55.000Z</time></trkpt><trkpt lat="-20.206484569202967" lon="57.46335347075829"><ele>229.3</ele><time>2026-09-24T13:42:56.000Z</time></trkpt><trkpt lat="-20.206481735869506" lon="57.46334903742495"><ele>229.3</ele><time>2026-09-24T13:42:57.000Z</time></trkpt><trkpt lat="-20.206477202536078" lon="57.463345004091614"><ele>229.3</ele><time>2026-09-24T13:42:58.000Z</time></trkpt><trkpt lat="-20.206472169202634" lon="57.463341170758326"><ele>229.3</ele><time>2026-09-24T13:42:59.000Z</time></trkpt><trkpt lat="-20.206467602535888" lon="57.46333597075842"><ele>229.3</ele><time>2026-09-24T13:43:00.000Z</time></trkpt><trkpt lat="-20.20646280253582" lon="57.463329770758506"><ele>228.4</ele><time>2026-09-24T13:43:01.000Z</time></trkpt><trkpt lat="-20.206457735869087" lon="57.463323770758585"><ele>228.4</ele><time>2026-09-24T13:43:02.000Z</time></trkpt><trkpt lat="-20.20645293586897" lon="57.463318237425334"><ele>228.4</ele><time>2026-09-24T13:43:03.000Z</time></trkpt><trkpt lat="-20.206448935868906" lon="57.463312837425335"><ele>228.4</ele><time>2026-09-24T13:43:04.000Z</time></trkpt><trkpt lat="-20.20644516920219" lon="57.46330780409197"><ele>228.4</ele><time>2026-09-24T13:43:05.000Z</time></trkpt><trkpt lat="-20.20644113586875" lon="57.46330263742524"><ele>228.0</ele><time>2026-09-24T13:43:06.000Z</time></trkpt><trkpt lat="-20.20643710253531" lon="57.46329743742518"><ele>228.0</ele><time>2026-09-24T13:43:07.000Z</time></trkpt><trkpt lat="-20.20643236920188" lon="57.463292337425116"><ele>228.0</ele><time>2026-09-24T13:43:08.000Z</time></trkpt><trkpt lat="-20.206426969201786" lon="57.463287570758425"><ele>228.0</ele><time>2026-09-24T13:43:09.000Z</time></trkpt><trkpt lat="-20.206421569201687" lon="57.463283404091705"><ele>228.0</ele><time>2026-09-24T13:43:10.000Z</time></trkpt><trkpt lat="-20.206416502534953" lon="57.46327897075837"><ele>227.1</ele><time>2026-09-24T13:43:11.000Z</time></trkpt><trkpt lat="-20.20641196920158" lon="57.46327393742498"><ele>227.1</ele><time>2026-09-24T13:43:12.000Z</time></trkpt><trkpt lat="-20.206408502534877" lon="57.46326830409163"><ele>227.1</ele><time>2026-09-24T13:43:13.000Z</time></trkpt><trkpt lat="-20.2064060692015" lon="57.46326257075829"><ele>227.1</ele><time>2026-09-24T13:43:14.000Z</time></trkpt><trkpt lat="-20.20640396920143" lon="57.4632568374249"><ele>227.1</ele><time>2026-09-24T13:43:15.000Z</time></trkpt><trkpt lat="-20.206402402534717" lon="57.463251204091456"><ele>226.3</ele><time>2026-09-24T13:43:16.000Z</time></trkpt><trkpt lat="-20.20640086920134" lon="57.46324523742474"><ele>226.3</ele><time>2026-09-24T13:43:17.000Z</time></trkpt><trkpt lat="-20.20639910253461" lon="57.46323867075803"><ele>226.3</ele><time>2026-09-24T13:43:18.000Z</time></trkpt><trkpt lat="-20.206396802534524" lon="57.46323130409128"><ele>226.3</ele><time>2026-09-24T13:43:19.000Z</time></trkpt><trkpt lat="-20.206394302534466" lon="57.463223637424576"><ele>226.3</ele><time>2026-09-24T13:43:20.000Z</time></trkpt><trkpt lat="-20.206390669201017" lon="57.463215170758"><ele>225.9</ele><time>2026-09-24T13:43:21.000Z</time></trkpt><trkpt lat="-20.206386502534244" lon="57.463207670758024"><ele>225.9</ele><time>2026-09-24T13:43:22.000Z</time></trkpt><trkpt lat="-20.206381769200817" lon="57.463201304091356"><ele>225.9</ele><time>2026-09-24T13:43:23.000Z</time></trkpt><trkpt lat="-20.206376202534013" lon="57.46319487075804"><ele>225.9</ele><time>2026-09-24T13:43:24.000Z</time></trkpt><trkpt lat="-20.206369735867195" lon="57.463188470758"><ele>225.9</ele><time>2026-09-24T13:43:25.000Z</time></trkpt><trkpt lat="-20.206362835867107" lon="57.46318257075785"><ele>225.0</ele><time>2026-09-24T13:43:26.000Z</time></trkpt><trkpt lat="-20.206354902533615" lon="57.46317583742443"><ele>225.0</ele><time>2026-09-24T13:43:27.000Z</time></trkpt><trkpt lat="-20.206346135866802" lon="57.46316940409105"><ele>225.0</ele><time>2026-09-24T13:43:28.000Z</time></trkpt><trkpt lat="-20.206337302533353" lon="57.463164537424305"><ele>225.0</ele><time>2026-09-24T13:43:29.000Z</time></trkpt><trkpt lat="-20.2063284691999" lon="57.46315913742421"><ele>225.0</ele><time>2026-09-24T13:43:30.000Z</time></trkpt><trkpt lat="-20.206319635866446" lon="57.463153170757494"><ele>224.0</ele><time>2026-09-24T13:43:31.000Z</time></trkpt><trkpt lat="-20.20631110253309" lon="57.463146437424015"><ele>224.0</ele><time>2026-09-24T13:43:32.000Z</time></trkpt><trkpt lat="-20.206304369199735" lon="57.46313780409048"><ele>224.0</ele><time>2026-09-24T13:43:33.000Z</time></trkpt><trkpt lat="-20.206298635866414" lon="57.463127537423624"><ele>224.0</ele><time>2026-09-24T13:43:34.000Z</time></trkpt><trkpt lat="-20.20629266919985" lon="57.46311750409016"><ele>224.0</ele><time>2026-09-24T13:43:35.000Z</time></trkpt><trkpt lat="-20.206287135866557" lon="57.46310840409002"><ele>223.4</ele><time>2026-09-24T13:43:36.000Z</time></trkpt><trkpt lat="-20.206281835866502" lon="57.463100304089934"><ele>223.4</ele><time>2026-09-24T13:43:37.000Z</time></trkpt><trkpt lat="-20.206275602533086" lon="57.46309330408987"><ele>223.4</ele><time>2026-09-24T13:43:38.000Z</time></trkpt><trkpt lat="-20.206268702533052" lon="57.4630873374231"><ele>223.4</ele><time>2026-09-24T13:43:39.000Z</time></trkpt><trkpt lat="-20.206262302532927" lon="57.46308117075635"><ele>223.4</ele><time>2026-09-24T13:43:40.000Z</time></trkpt><trkpt lat="-20.206255369199464" lon="57.46307447075624"><ele>222.3</ele><time>2026-09-24T13:43:41.000Z</time></trkpt><trkpt lat="-20.20624776919928" lon="57.463068370756126"><ele>222.3</ele><time>2026-09-24T13:43:42.000Z</time></trkpt><trkpt lat="-20.206239835865787" lon="57.46306213742275"><ele>222.3</ele><time>2026-09-24T13:43:43.000Z</time></trkpt><trkpt lat="-20.206232535865592" lon="57.46305517075602"><ele>222.3</ele><time>2026-09-24T13:43:44.000Z</time></trkpt><trkpt lat="-20.20622636919875" lon="57.46304810408928"><ele>222.3</ele><time>2026-09-24T13:43:45.000Z</time></trkpt><trkpt lat="-20.206221202531932" lon="57.463040537422536"><ele>221.2</ele><time>2026-09-24T13:43:46.000Z</time></trkpt><trkpt lat="-20.20621716919853" lon="57.46303233742249"><ele>221.2</ele><time>2026-09-24T13:43:47.000Z</time></trkpt><trkpt lat="-20.206213902531818" lon="57.46302427075572"><ele>221.2</ele><time>2026-09-24T13:43:48.000Z</time></trkpt><trkpt lat="-20.206210269198472" lon="57.4630160374223"><ele>221.2</ele><time>2026-09-24T13:43:49.000Z</time></trkpt><trkpt lat="-20.20620566919849" lon="57.46300743742214"><ele>221.2</ele><time>2026-09-24T13:43:50.000Z</time></trkpt><trkpt lat="-20.206200202531857" lon="57.46300027075532"><ele>220.6</ele><time>2026-09-24T13:43:51.000Z</time></trkpt><trkpt lat="-20.206194069198613" lon="57.462994004088486"><ele>220.6</ele><time>2026-09-24T13:43:52.000Z</time></trkpt><trkpt lat="-20.206187535865315" lon="57.46298803742163"><ele>220.6</ele><time>2026-09-24T13:43:53.000Z</time></trkpt><trkpt lat="-20.206180735865345" lon="57.46298313742142"><ele>220.6</ele><time>2026-09-24T13:43:54.000Z</time></trkpt><trkpt lat="-20.20617273586543" lon="57.462979504087954"><ele>220.6</ele><time>2026-09-24T13:43:55.000Z</time></trkpt><trkpt lat="-20.20616473586551" lon="57.46297563742117"><ele>219.3</ele><time>2026-09-24T13:43:56.000Z</time></trkpt><trkpt lat="-20.206156269198793" lon="57.462971504087704"><ele>219.3</ele><time>2026-09-24T13:43:57.000Z</time></trkpt><trkpt lat="-20.206147502532083" lon="57.462967470754265"><ele>219.3</ele><time>2026-09-24T13:43:58.000Z</time></trkpt><trkpt lat="-20.206138535865353" lon="57.46296260408752"><ele>219.3</ele><time>2026-09-24T13:43:59.000Z</time></trkpt><trkpt lat="-20.20612976919854" lon="57.46295767075408"><ele>219.3</ele><time>2026-09-24T13:44:00.000Z</time></trkpt><trkpt lat="-20.206119935865058" lon="57.46295320408733"><ele>218.3</ele><time>2026-09-24T13:44:01.000Z</time></trkpt><trkpt lat="-20.206109769198374" lon="57.462949337420596"><ele>218.3</ele><time>2026-09-24T13:44:02.000Z</time></trkpt><trkpt lat="-20.206099002531715" lon="57.46294610408721"><ele>218.3</ele><time>2026-09-24T13:44:03.000Z</time></trkpt><trkpt lat="-20.206087935864964" lon="57.46294447075384"><ele>218.3</ele><time>2026-09-24T13:44:04.000Z</time></trkpt><trkpt lat="-20.206077402531545" lon="57.462944070753835"><ele>218.3</ele><time>2026-09-24T13:44:05.000Z</time></trkpt><trkpt lat="-20.206068302531424" lon="57.462943804087146"><ele>217.9</ele><time>2026-09-24T13:44:06.000Z</time></trkpt><trkpt lat="-20.206060035864628" lon="57.46294307075378"><ele>217.9</ele><time>2026-09-24T13:44:07.000Z</time></trkpt><trkpt lat="-20.20605256919783" lon="57.462941337420375"><ele>217.9</ele><time>2026-09-24T13:44:08.000Z</time></trkpt><trkpt lat="-20.20604543586445" lon="57.46293847075367"><ele>217.9</ele><time>2026-09-24T13:44:09.000Z</time></trkpt><trkpt lat="-20.206037469197746" lon="57.462935404086956"><ele>217.9</ele><time>2026-09-24T13:44:10.000Z</time></trkpt><trkpt lat="-20.206028169197815" lon="57.462932804086925"><ele>217.2</ele><time>2026-09-24T13:44:11.000Z</time></trkpt><trkpt lat="-20.206018535864466" lon="57.462931270753565"><ele>217.2</ele><time>2026-09-24T13:44:12.000Z</time></trkpt><trkpt lat="-20.206008269197824" lon="57.46293123742028"><ele>217.2</ele><time>2026-09-24T13:44:13.000Z</time></trkpt><trkpt lat="-20.205997869197795" lon="57.46293260408695"><ele>217.2</ele><time>2026-09-24T13:44:14.000Z</time></trkpt><trkpt lat="-20.20598783586439" lon="57.46293367075363"><ele>217.2</ele><time>2026-09-24T13:44:15.000Z</time></trkpt><trkpt lat="-20.205978002530912" lon="57.46293417075365"><ele>216.5</ele><time>2026-09-24T13:44:16.000Z</time></trkpt><trkpt lat="-20.205967602530883" lon="57.46293363742031"><ele>216.5</ele><time>2026-09-24T13:44:17.000Z</time></trkpt><trkpt lat="-20.205956969197505" lon="57.46293330408696"><ele>216.5</ele><time>2026-09-24T13:44:18.000Z</time></trkpt><trkpt lat="-20.205946535864154" lon="57.46293297075359"><ele>216.5</ele><time>2026-09-24T13:44:19.000Z</time></trkpt><trkpt lat="-20.205936935864123" lon="57.46293350408693"><ele>216.5</ele><time>2026-09-24T13:44:20.000Z</time></trkpt><trkpt lat="-20.205927769197366" lon="57.462933837420245"><ele>216.1</ele><time>2026-09-24T13:44:21.000Z</time></trkpt><trkpt lat="-20.205918769197098" lon="57.46293513742027"><ele>216.1</ele><time>2026-09-24T13:44:22.000Z</time></trkpt><trkpt lat="-20.2059102025301" lon="57.46293677075361"><ele>216.1</ele><time>2026-09-24T13:44:23.000Z</time></trkpt><trkpt lat="-20.205901035863125" lon="57.462939304086966"><ele>216.1</ele><time>2026-09-24T13:44:24.000Z</time></trkpt><trkpt lat="-20.20589166919623" lon="57.46294177075363"><ele>216.1</ele><time>2026-09-24T13:44:25.000Z</time></trkpt><trkpt lat="-20.20588283586278" lon="57.46294497075364"><ele>215.4</ele><time>2026-09-24T13:44:26.000Z</time></trkpt><trkpt lat="-20.205874969196145" lon="57.46294807075365"><ele>215.4</ele><time>2026-09-24T13:44:27.000Z</time></trkpt><trkpt lat="-20.20586786919619" lon="57.462950404086996"><ele>215.4</ele><time>2026-09-24T13:44:28.000Z</time></trkpt><trkpt lat="-20.205861902529545" lon="57.46295057075368"><ele>215.4</ele><time>2026-09-24T13:44:29.000Z</time></trkpt><trkpt lat="-20.20585710252953" lon="57.462949104087045"><ele>215.4</ele><time>2026-09-24T13:44:30.000Z</time></trkpt><trkpt lat="-20.20585220252945" lon="57.462946104087095"><ele>214.6</ele><time>2026-09-24T13:44:31.000Z</time></trkpt><trkpt lat="-20.205848369196012" lon="57.46294277075382"><ele>214.6</ele><time>2026-09-24T13:44:32.000Z</time></trkpt><trkpt lat="-20.205843635862614" lon="57.46293867075385"><ele>214.6</ele><time>2026-09-24T13:44:33.000Z</time></trkpt><trkpt lat="-20.205838469195946" lon="57.46293513742055"><ele>214.6</ele><time>2026-09-24T13:44:34.000Z</time></trkpt><trkpt lat="-20.205832002529256" lon="57.46293183742055"><ele>214.6</ele><time>2026-09-24T13:44:35.000Z</time></trkpt><trkpt lat="-20.205826169195923" lon="57.46292950408717"><ele>214.1</ele><time>2026-09-24T13:44:36.000Z</time></trkpt><trkpt lat="-20.205820235862582" lon="57.46292603742048"><ele>214.1</ele><time>2026-09-24T13:44:37.000Z</time></trkpt><trkpt lat="-20.20581583586256" lon="57.46292167075378"><ele>214.1</ele><time>2026-09-24T13:44:38.000Z</time></trkpt><trkpt lat="-20.205812369195815" lon="57.46291670408705"><ele>214.1</ele><time>2026-09-24T13:44:39.000Z</time></trkpt><trkpt lat="-20.205809735862395" lon="57.462911404086924"><ele>214.1</ele><time>2026-09-24T13:44:40.000Z</time></trkpt><trkpt lat="-20.205806802529036" lon="57.46290610408681"><ele>213.3</ele><time>2026-09-24T13:44:41.000Z</time></trkpt><trkpt lat="-20.20580333586236" lon="57.462901670753354"><ele>213.3</ele><time>2026-09-24T13:44:42.000Z</time></trkpt><trkpt lat="-20.205798935862344" lon="57.4628970040866"><ele>213.3</ele><time>2026-09-24T13:44:43.000Z</time></trkpt><trkpt lat="-20.20579403586232" lon="57.46289233741985"><ele>213.3</ele><time>2026-09-24T13:44:44.000Z</time></trkpt><trkpt lat="-20.20578823586233" lon="57.46288760408653"><ele>213.3</ele><time>2026-09-24T13:44:45.000Z</time></trkpt><trkpt lat="-20.205782102528925" lon="57.462883037419886"><ele>212.4</ele><time>2026-09-24T13:44:46.000Z</time></trkpt><trkpt lat="-20.205776135862173" lon="57.46287760408658"><ele>212.4</ele><time>2026-09-24T13:44:47.000Z</time></trkpt><trkpt lat="-20.20577073586208" lon="57.46287263741991"><ele>212.4</ele><time>2026-09-24T13:44:48.000Z</time></trkpt><trkpt lat="-20.20576576919536" lon="57.46286633741996"><ele>212.4</ele><time>2026-09-24T13:44:49.000Z</time></trkpt><trkpt lat="-20.20576070252857" lon="57.46286033741993"><ele>212.4</ele><time>2026-09-24T13:44:50.000Z</time></trkpt><trkpt lat="-20.205755269195045" lon="57.46285403741989"><ele>211.9</ele><time>2026-09-24T13:44:51.000Z</time></trkpt><trkpt lat="-20.205749235861543" lon="57.4628486040865"><ele>211.9</ele><time>2026-09-24T13:44:52.000Z</time></trkpt><trkpt lat="-20.205743002528017" lon="57.46284403741979"><ele>211.9</ele><time>2026-09-24T13:44:53.000Z</time></trkpt><trkpt lat="-20.205736435861184" lon="57.462841737419716"><ele>211.9</ele><time>2026-09-24T13:44:54.000Z</time></trkpt><trkpt lat="-20.205730435861113" lon="57.46283973741968"><ele>211.9</ele><time>2026-09-24T13:44:55.000Z</time></trkpt><trkpt lat="-20.20572553586114" lon="57.4628382040863"><ele>210.8</ele><time>2026-09-24T13:44:56.000Z</time></trkpt><trkpt lat="-20.20572106919449" lon="57.46283673741961"><ele>210.8</ele><time>2026-09-24T13:44:57.000Z</time></trkpt><trkpt lat="-20.205716835861235" lon="57.462835537419586"><ele>210.8</ele><time>2026-09-24T13:44:58.000Z</time></trkpt><trkpt lat="-20.205712535861238" lon="57.46283420408622"><ele>210.8</ele><time>2026-09-24T13:44:59.000Z</time></trkpt><trkpt lat="-20.205708902527853" lon="57.4628330040862"><ele>210.8</ele><time>2026-09-24T13:45:00.000Z</time></trkpt><trkpt lat="-20.205704969194482" lon="57.4628314374195"><ele>209.8</ele><time>2026-09-24T13:45:01.000Z</time></trkpt><trkpt lat="-20.20570070252775" lon="57.462829804086155"><ele>209.8</ele><time>2026-09-24T13:45:02.000Z</time></trkpt><trkpt lat="-20.205696735861004" lon="57.462827637419466"><ele>209.8</ele><time>2026-09-24T13:45:03.000Z</time></trkpt><trkpt lat="-20.205693069194304" lon="57.46282403741943"><ele>209.8</ele><time>2026-09-24T13:45:04.000Z</time></trkpt><trkpt lat="-20.205688669194238" lon="57.462820037419384"><ele>209.8</ele><time>2026-09-24T13:45:05.000Z</time></trkpt><trkpt lat="-20.205684769194185" lon="57.462815337419386"><ele>209.3</ele><time>2026-09-24T13:45:06.000Z</time></trkpt><trkpt lat="-20.205681635860817" lon="57.46280973741932"><ele>209.3</ele><time>2026-09-24T13:45:07.000Z</time></trkpt><trkpt lat="-20.205678769194115" lon="57.46280393741923"><ele>209.3</ele><time>2026-09-24T13:45:08.000Z</time></trkpt><trkpt lat="-20.205676335860733" lon="57.4627982707525"><ele>209.3</ele><time>2026-09-24T13:45:09.000Z</time></trkpt><trkpt lat="-20.205674102527375" lon="57.46279293741911"><ele>209.3</ele><time>2026-09-24T13:45:10.000Z</time></trkpt><trkpt lat="-20.205670769194036" lon="57.46278977075233"><ele>208.3</ele><time>2026-09-24T13:45:11.000Z</time></trkpt><trkpt lat="-20.205667402527347" lon="57.462788537418966"><ele>208.3</ele><time>2026-09-24T13:45:12.000Z</time></trkpt><trkpt lat="-20.205664102527322" lon="57.462789037418965"><ele>208.3</ele><time>2026-09-24T13:45:13.000Z</time></trkpt><trkpt lat="-20.205660535860634" lon="57.46279183741897"><ele>208.3</ele><time>2026-09-24T13:45:14.000Z</time></trkpt><trkpt lat="-20.205657435860637" lon="57.46279617075235"><ele>208.3</ele><time>2026-09-24T13:45:15.000Z</time></trkpt><trkpt lat="-20.20565503586058" lon="57.46280000408575"><ele>207.8</ele><time>2026-09-24T13:45:16.000Z</time></trkpt><trkpt lat="-20.205651635860516" lon="57.46280320408579"><ele>207.8</ele><time>2026-09-24T13:45:17.000Z</time></trkpt><trkpt lat="-20.205647569193758" lon="57.46280540408583"><ele>207.8</ele><time>2026-09-24T13:45:18.000Z</time></trkpt><trkpt lat="-20.205643235860332" lon="57.46280633741917"><ele>207.8</ele><time>2026-09-24T13:45:19.000Z</time></trkpt><trkpt lat="-20.205638535860174" lon="57.462805437419185"><ele>207.8</ele><time>2026-09-24T13:45:20.000Z</time></trkpt><trkpt lat="-20.20563406919336" lon="57.4628026707525"><ele>206.9</ele><time>2026-09-24T13:45:21.000Z</time></trkpt><trkpt lat="-20.205629935859854" lon="57.46279947075247"><ele>206.9</ele><time>2026-09-24T13:45:22.000Z</time></trkpt><trkpt lat="-20.205626302526365" lon="57.46279693741913"><ele>206.9</ele><time>2026-09-24T13:45:23.000Z</time></trkpt><trkpt lat="-20.205623435859557" lon="57.46279510408581"><ele>206.9</ele><time>2026-09-24T13:45:24.000Z</time></trkpt><trkpt lat="-20.205621802526153" lon="57.46279433741912"><ele>206.9</ele><time>2026-09-24T13:45:25.000Z</time></trkpt><trkpt lat="-20.205620469192763" lon="57.46279463741913"><ele>206.0</ele><time>2026-09-24T13:45:26.000Z</time></trkpt><trkpt lat="-20.205619835859416" lon="57.462794437419134"><ele>206.0</ele><time>2026-09-24T13:45:27.000Z</time></trkpt><trkpt lat="-20.2056191358594" lon="57.46279370408577"><ele>206.0</ele><time>2026-09-24T13:45:28.000Z</time></trkpt><trkpt lat="-20.205618202526036" lon="57.462792537419055"><ele>206.0</ele><time>2026-09-24T13:45:29.000Z</time></trkpt><trkpt lat="-20.20561676919266" lon="57.462791504085715"><ele>206.0</ele><time>2026-09-24T13:45:30.000Z</time></trkpt><trkpt lat="-20.205614135859303" lon="57.46279133741905"><ele>205.6</ele><time>2026-09-24T13:45:31.000Z</time></trkpt><trkpt lat="-20.20561063585931" lon="57.46279223741908"><ele>205.6</ele><time>2026-09-24T13:45:32.000Z</time></trkpt><trkpt lat="-20.205607035859323" lon="57.46279300408579"><ele>205.6</ele><time>2026-09-24T13:45:33.000Z</time></trkpt><trkpt lat="-20.205604435859364" lon="57.46279310408581"><ele>205.6</ele><time>2026-09-24T13:45:34.000Z</time></trkpt><trkpt lat="-20.205601869192744" lon="57.46279267075246"><ele>205.6</ele><time>2026-09-24T13:45:35.000Z</time></trkpt><trkpt lat="-20.20560106919278" lon="57.46279180408577"><ele>204.9</ele><time>2026-09-24T13:45:36.000Z</time></trkpt><trkpt lat="-20.20560160252613" lon="57.46279047075241"><ele>204.9</ele><time>2026-09-24T13:45:37.000Z</time></trkpt><trkpt lat="-20.20560253585948" lon="57.46278940408572"><ele>204.9</ele><time>2026-09-24T13:45:38.000Z</time></trkpt><trkpt lat="-20.205602369192814" lon="57.46278960408572"><ele>204.9</ele><time>2026-09-24T13:45:39.000Z</time></trkpt><trkpt lat="-20.2056020691928" lon="57.46278853741901"><ele>204.9</ele><time>2026-09-24T13:45:40.000Z</time></trkpt><trkpt lat="-20.205601569192787" lon="57.46278643741895"><ele>204.2</ele><time>2026-09-24T13:45:41.000Z</time></trkpt><trkpt lat="-20.205600702526105" lon="57.46278363741887"><ele>204.2</ele><time>2026-09-24T13:45:42.000Z</time></trkpt><trkpt lat="-20.20559953585941" lon="57.462779604085405"><ele>204.2</ele><time>2026-09-24T13:45:43.000Z</time></trkpt><trkpt lat="-20.205598935859395" lon="57.462773670751936"><ele>204.2</ele><time>2026-09-24T13:45:44.000Z</time></trkpt><trkpt lat="-20.20559870252606" lon="57.46276817075187"><ele>204.2</ele><time>2026-09-24T13:45:45.000Z</time></trkpt><trkpt lat="-20.20559860252606" lon="57.462762537418484"><ele>204.0</ele><time>2026-09-24T13:45:46.000Z</time></trkpt><trkpt lat="-20.205597935859362" lon="57.462756770751774"><ele>204.0</ele><time>2026-09-24T13:45:47.000Z</time></trkpt><trkpt lat="-20.205597269192666" lon="57.46275147075179"><ele>204.0</ele><time>2026-09-24T13:45:48.000Z</time></trkpt><trkpt lat="-20.205596102525952" lon="57.46274603741847"><ele>204.0</ele><time>2026-09-24T13:45:49.000Z</time></trkpt><trkpt lat="-20.205594635859228" lon="57.4627408707518"><ele>204.0</ele><time>2026-09-24T13:45:50.000Z</time></trkpt><trkpt lat="-20.20559323585917" lon="57.46273553741848"><ele>203.5</ele><time>2026-09-24T13:45:51.000Z</time></trkpt><trkpt lat="-20.205592769192474" lon="57.46272950408513"><ele>203.5</ele><time>2026-09-24T13:45:52.000Z</time></trkpt><trkpt lat="-20.205592235859115" lon="57.46272217075163"><ele>203.5</ele><time>2026-09-24T13:45:53.000Z</time></trkpt><trkpt lat="-20.205591469192406" lon="57.46271510408481"><ele>203.5</ele><time>2026-09-24T13:45:54.000Z</time></trkpt><trkpt lat="-20.205590835859045" lon="57.462707504084634"><ele>203.5</ele><time>2026-09-24T13:45:55.000Z</time></trkpt><trkpt lat="-20.205590035859014" lon="57.462699637417735"><ele>202.8</ele><time>2026-09-24T13:45:56.000Z</time></trkpt><trkpt lat="-20.20558863585898" lon="57.46269170408421"><ele>202.8</ele><time>2026-09-24T13:45:57.000Z</time></trkpt><trkpt lat="-20.205586669192243" lon="57.462684237417434"><ele>202.8</ele><time>2026-09-24T13:45:58.000Z</time></trkpt><trkpt lat="-20.20558430252556" lon="57.46267690408399"><ele>202.8</ele><time>2026-09-24T13:45:59.000Z</time></trkpt><trkpt lat="-20.20558140252552" lon="57.46267030408389"><ele>202.8</ele><time>2026-09-24T13:46:00.000Z</time></trkpt><trkpt lat="-20.20557743585883" lon="57.46266497075048"><ele>202.4</ele><time>2026-09-24T13:46:01.000Z</time></trkpt><trkpt lat="-20.205573569192126" lon="57.46266147075041"><ele>202.4</ele><time>2026-09-24T13:46:02.000Z</time></trkpt><trkpt lat="-20.205570335858795" lon="57.46265890408371"><ele>202.4</ele><time>2026-09-24T13:46:03.000Z</time></trkpt><trkpt lat="-20.20556763585875" lon="57.462656170750314"><ele>202.4</ele><time>2026-09-24T13:46:04.000Z</time></trkpt><trkpt lat="-20.205565435858716" lon="57.46265353741693"><ele>202.4</ele><time>2026-09-24T13:46:05.000Z</time></trkpt><trkpt lat="-20.205564269192003" lon="57.462649770750204"><ele>201.4</ele><time>2026-09-24T13:46:06.000Z</time></trkpt><trkpt lat="-20.205563469191976" lon="57.46264513741679"><ele>201.4</ele><time>2026-09-24T13:46:07.000Z</time></trkpt><trkpt lat="-20.20556256919196" lon="57.46264053741673"><ele>201.4</ele><time>2026-09-24T13:46:08.000Z</time></trkpt><trkpt lat="-20.205561569191932" lon="57.46263613741674"><ele>201.4</ele><time>2026-09-24T13:46:09.000Z</time></trkpt><trkpt lat="-20.20556000252525" lon="57.46263100408343"><ele>201.4</ele><time>2026-09-24T13:46:10.000Z</time></trkpt><trkpt lat="-20.205557969191897" lon="57.4626264707501"><ele>200.5</ele><time>2026-09-24T13:46:11.000Z</time></trkpt><trkpt lat="-20.20555563585853" lon="57.462621870750105"><ele>200.5</ele><time>2026-09-24T13:46:12.000Z</time></trkpt><trkpt lat="-20.205553302525164" lon="57.46261610408341"><ele>200.5</ele><time>2026-09-24T13:46:13.000Z</time></trkpt><trkpt lat="-20.20555013585847" lon="57.462610970750006"><ele>200.5</ele><time>2026-09-24T13:46:14.000Z</time></trkpt><trkpt lat="-20.205547702525102" lon="57.46260693741658"><ele>200.5</ele><time>2026-09-24T13:46:15.000Z</time></trkpt><trkpt lat="-20.20554596919174" lon="57.462603704083186"><ele>200.0</ele><time>2026-09-24T13:46:16.000Z</time></trkpt><trkpt lat="-20.205543435858367" lon="57.46260053741646"><ele>200.0</ele><time>2026-09-24T13:46:17.000Z</time></trkpt><trkpt lat="-20.205541302525" lon="57.462598770749764"><ele>200.0</ele><time>2026-09-24T13:46:18.000Z</time></trkpt><trkpt lat="-20.205539535858264" lon="57.462597304083054"><ele>200.0</ele><time>2026-09-24T13:46:19.000Z</time></trkpt><trkpt lat="-20.20553753585819" lon="57.46259580408302"><ele>200.0</ele><time>2026-09-24T13:46:20.000Z</time></trkpt><trkpt lat="-20.205535069191434" lon="57.46259380408297"><ele>199.0</ele><time>2026-09-24T13:46:21.000Z</time></trkpt><trkpt lat="-20.205533135858015" lon="57.462592204082945"><ele>199.0</ele><time>2026-09-24T13:46:22.000Z</time></trkpt><trkpt lat="-20.205530369191273" lon="57.46259117074959"><ele>199.0</ele><time>2026-09-24T13:46:23.000Z</time></trkpt><trkpt lat="-20.20552753585789" lon="57.46258947074959"><ele>199.0</ele><time>2026-09-24T13:46:24.000Z</time></trkpt><trkpt lat="-20.205524335857856" lon="57.4625869374162"><ele>199.0</ele><time>2026-09-24T13:46:25.000Z</time></trkpt><trkpt lat="-20.2055211025245" lon="57.462582904082765"><ele>198.1</ele><time>2026-09-24T13:46:26.000Z</time></trkpt><trkpt lat="-20.20551816919116" lon="57.46257703741603"><ele>198.1</ele><time>2026-09-24T13:46:27.000Z</time></trkpt><trkpt lat="-20.205515969191136" lon="57.46256947074928"><ele>198.1</ele><time>2026-09-24T13:46:28.000Z</time></trkpt><trkpt lat="-20.205514402524464" lon="57.46256183741582"><ele>198.1</ele><time>2026-09-24T13:46:29.000Z</time></trkpt><trkpt lat="-20.205513869191144" lon="57.462553670749095"><ele>198.1</ele><time>2026-09-24T13:46:30.000Z</time></trkpt><trkpt lat="-20.205514135857847" lon="57.4625460040824"><ele>197.7</ele><time>2026-09-24T13:46:31.000Z</time></trkpt><trkpt lat="-20.205514902524573" lon="57.462539570748994"><ele>197.7</ele><time>2026-09-24T13:46:32.000Z</time></trkpt><trkpt lat="-20.205516335857947" lon="57.46253387074891"><ele>197.7</ele><time>2026-09-24T13:46:33.000Z</time></trkpt><trkpt lat="-20.205519335858064" lon="57.46252807074882"><ele>197.7</ele><time>2026-09-24T13:46:34.000Z</time></trkpt><trkpt lat="-20.205522802524875" lon="57.46252293741537"><ele>197.7</ele><time>2026-09-24T13:46:35.000Z</time></trkpt><trkpt lat="-20.205526335858327" lon="57.46251827074862"><ele>196.8</ele><time>2026-09-24T13:46:36.000Z</time></trkpt><trkpt lat="-20.205529702525094" lon="57.462513037415235"><ele>196.8</ele><time>2026-09-24T13:46:37.000Z</time></trkpt><trkpt lat="-20.205532469191876" lon="57.462506970748564"><ele>196.8</ele><time>2026-09-24T13:46:38.000Z</time></trkpt><trkpt lat="-20.205534469191953" lon="57.46250023741531"><ele>196.8</ele><time>2026-09-24T13:46:39.000Z</time></trkpt><trkpt lat="-20.205535635858634" lon="57.46249297074871"><ele>196.8</ele><time>2026-09-24T13:46:40.000Z</time></trkpt><trkpt lat="-20.205536202525316" lon="57.46248517074878"><ele>195.8</ele><time>2026-09-24T13:46:41.000Z</time></trkpt><trkpt lat="-20.20553630252533" lon="57.46247793741544"><ele>195.8</ele><time>2026-09-24T13:46:42.000Z</time></trkpt><trkpt lat="-20.205535969191985" lon="57.46247073741542"><ele>195.8</ele><time>2026-09-24T13:46:43.000Z</time></trkpt><trkpt lat="-20.20553460252526" lon="57.462464770748696"><ele>195.8</ele><time>2026-09-24T13:46:44.000Z</time></trkpt><trkpt lat="-20.205532769191855" lon="57.46245943741529"><ele>195.8</ele><time>2026-09-24T13:46:45.000Z</time></trkpt><trkpt lat="-20.205530335858448" lon="57.46245353741527"><ele>195.3</ele><time>2026-09-24T13:46:46.000Z</time></trkpt><trkpt lat="-20.205528069191708" lon="57.46244797074862"><ele>195.3</ele><time>2026-09-24T13:46:47.000Z</time></trkpt><trkpt lat="-20.205526369191666" lon="57.46244287074857"><ele>195.3</ele><time>2026-09-24T13:46:48.000Z</time></trkpt><trkpt lat="-20.205525235858318" lon="57.462437304081824"><ele>195.3</ele><time>2026-09-24T13:46:49.000Z</time></trkpt><trkpt lat="-20.205524402524983" lon="57.462431437415034"><ele>195.3</ele><time>2026-09-24T13:46:50.000Z</time></trkpt><trkpt lat="-20.2055237358583" lon="57.46242623741485"><ele>194.4</ele><time>2026-09-24T13:46:51.000Z</time></trkpt><trkpt lat="-20.205522402524963" lon="57.46242130408134"><ele>194.4</ele><time>2026-09-24T13:46:52.000Z</time></trkpt><trkpt lat="-20.205519602524966" lon="57.46241680408118"><ele>194.4</ele><time>2026-09-24T13:46:53.000Z</time></trkpt><trkpt lat="-20.20551626919165" lon="57.46241300408106"><ele>194.4</ele><time>2026-09-24T13:46:54.000Z</time></trkpt><trkpt lat="-20.205512302525012" lon="57.46240963741432"><ele>194.4</ele><time>2026-09-24T13:46:55.000Z</time></trkpt><trkpt lat="-20.205507102524997" lon="57.462406837414264"><ele>193.4</ele><time>2026-09-24T13:46:56.000Z</time></trkpt><trkpt lat="-20.205500902524953" lon="57.462403604080905"><ele>193.4</ele><time>2026-09-24T13:46:57.000Z</time></trkpt><trkpt lat="-20.205495369191574" lon="57.46240143741424"><ele>193.4</ele><time>2026-09-24T13:46:58.000Z</time></trkpt><trkpt lat="-20.205489269191542" lon="57.462399270747575"><ele>193.4</ele><time>2026-09-24T13:46:59.000Z</time></trkpt><trkpt lat="-20.205483369191484" lon="57.46239750408091"><ele>193.4</ele><time>2026-09-24T13:47:00.000Z</time></trkpt><trkpt lat="-20.205477502524747" lon="57.4623972040809"><ele>192.9</ele><time>2026-09-24T13:47:01.000Z</time></trkpt><trkpt lat="-20.20547250252465" lon="57.462398437414194"><ele>192.9</ele><time>2026-09-24T13:47:02.000Z</time></trkpt><trkpt lat="-20.205466869191206" lon="57.462400404080896"><ele>192.9</ele><time>2026-09-24T13:47:03.000Z</time></trkpt><trkpt lat="-20.20546150252438" lon="57.462402504080934"><ele>192.9</ele><time>2026-09-24T13:47:04.000Z</time></trkpt><trkpt lat="-20.205454902524174" lon="57.462404337414284"><ele>192.9</ele><time>2026-09-24T13:47:05.000Z</time></trkpt><trkpt lat="-20.20544863585738" lon="57.46240510408096"><ele>191.8</ele><time>2026-09-24T13:47:06.000Z</time></trkpt><trkpt lat="-20.20544213585724" lon="57.462404804081"><ele>191.8</ele><time>2026-09-24T13:47:07.000Z</time></trkpt><trkpt lat="-20.20543633585709" lon="57.46240257074762"><ele>191.8</ele><time>2026-09-24T13:47:08.000Z</time></trkpt><trkpt lat="-20.205429669190245" lon="57.46239983741426"><ele>191.8</ele><time>2026-09-24T13:47:09.000Z</time></trkpt><trkpt lat="-20.20542350252341" lon="57.462398237414234"><ele>191.8</ele><time>2026-09-24T13:47:10.000Z</time></trkpt><trkpt lat="-20.205417702523206" lon="57.46239700408089"><ele>190.8</ele><time>2026-09-24T13:47:11.000Z</time></trkpt><trkpt lat="-20.205412302523058" lon="57.46239643741421"><ele>190.8</ele><time>2026-09-24T13:47:12.000Z</time></trkpt><trkpt lat="-20.205406769189576" lon="57.46239657074752"><ele>190.8</ele><time>2026-09-24T13:47:13.000Z</time></trkpt><trkpt lat="-20.205403035856154" lon="57.46239627074745"><ele>190.8</ele><time>2026-09-24T13:47:14.000Z</time></trkpt><trkpt lat="-20.20540020252277" lon="57.46239520408072"><ele>190.8</ele><time>2026-09-24T13:47:15.000Z</time></trkpt><trkpt lat="-20.205398535856084" lon="57.46239367074734"><ele>190.2</ele><time>2026-09-24T13:47:16.000Z</time></trkpt><trkpt lat="-20.20539826918943" lon="57.46239130408058"><ele>190.2</ele><time>2026-09-24T13:47:17.000Z</time></trkpt><trkpt lat="-20.205398402522775" lon="57.46238787074717"><ele>190.2</ele><time>2026-09-24T13:47:18.000Z</time></trkpt><trkpt lat="-20.20539760252276" lon="57.46238493741379"><ele>190.2</ele><time>2026-09-24T13:47:19.000Z</time></trkpt><trkpt lat="-20.20539616918937" lon="57.462381304080374"><ele>190.2</ele><time>2026-09-24T13:47:20.000Z</time></trkpt><trkpt lat="-20.205393869189326" lon="57.46237750408026"><ele>189.1</ele><time>2026-09-24T13:47:21.000Z</time></trkpt><trkpt lat="-20.20539003585586" lon="57.46237407074683"><ele>189.1</ele><time>2026-09-24T13:47:22.000Z</time></trkpt><trkpt lat="-20.20538643585574" lon="57.46237210408007"><ele>189.1</ele><time>2026-09-24T13:47:23.000Z</time></trkpt><trkpt lat="-20.20538333585564" lon="57.46237203741331"><ele>189.1</ele><time>2026-09-24T13:47:24.000Z</time></trkpt><trkpt lat="-20.205381369188917" lon="57.46237277074658"><ele>189.1</ele><time>2026-09-24T13:47:25.000Z</time></trkpt><trkpt lat="-20.205379969188844" lon="57.46237433741322"><ele>188.0</ele><time>2026-09-24T13:47:26.000Z</time></trkpt><trkpt lat="-20.205378869188813" lon="57.46237567074652"><ele>188.0</ele><time>2026-09-24T13:47:27.000Z</time></trkpt><trkpt lat="-20.205377902522116" lon="57.46237650407981"><ele>188.0</ele><time>2026-09-24T13:47:28.000Z</time></trkpt><trkpt lat="-20.205377002522084" lon="57.46237517074646"><ele>188.0</ele><time>2026-09-24T13:47:29.000Z</time></trkpt><trkpt lat="-20.20537560252205" lon="57.462372904079714"><ele>188.0</ele><time>2026-09-24T13:47:30.000Z</time></trkpt><trkpt lat="-20.205374735855354" lon="57.462369537412904"><ele>187.5</ele><time>2026-09-24T13:47:31.000Z</time></trkpt><trkpt lat="-20.20537406918866" lon="57.46236580407943"><ele>187.5</ele><time>2026-09-24T13:47:32.000Z</time></trkpt><trkpt lat="-20.205373102521953" lon="57.46236130407929"><ele>187.5</ele><time>2026-09-24T13:47:33.000Z</time></trkpt><trkpt lat="-20.205371435855227" lon="57.4623574707458"><ele>187.5</ele><time>2026-09-24T13:47:34.000Z</time></trkpt><trkpt lat="-20.205369469188486" lon="57.462354837412384"><ele>187.5</ele><time>2026-09-24T13:47:35.000Z</time></trkpt><trkpt lat="-20.20536663585505" lon="57.46235267074566"><ele>186.6</ele><time>2026-09-24T13:47:36.000Z</time></trkpt><trkpt lat="-20.205363969188294" lon="57.462350470745584"><ele>186.6</ele><time>2026-09-24T13:47:37.000Z</time></trkpt><trkpt lat="-20.205361535854887" lon="57.462349370745514"><ele>186.6</ele><time>2026-09-24T13:47:38.000Z</time></trkpt><trkpt lat="-20.20536020252151" lon="57.46234850407878"><ele>186.6</ele><time>2026-09-24T13:47:39.000Z</time></trkpt><trkpt lat="-20.205359569188154" lon="57.46234727074538"><ele>186.6</ele><time>2026-09-24T13:47:40.000Z</time></trkpt><trkpt lat="-20.20535926918815" lon="57.462346270745364"><ele>186.0</ele><time>2026-09-24T13:47:41.000Z</time></trkpt><trkpt lat="-20.20535923585482" lon="57.46234610407871"><ele>186.0</ele><time>2026-09-24T13:47:42.000Z</time></trkpt><trkpt lat="-20.205359269188154" lon="57.46234583741206"><ele>186.0</ele><time>2026-09-24T13:47:43.000Z</time></trkpt><trkpt lat="-20.205359202521485" lon="57.46234543741207"><ele>186.0</ele><time>2026-09-24T13:47:44.000Z</time></trkpt><trkpt lat="-20.205359335854816" lon="57.462345204078744"><ele>186.0</ele><time>2026-09-24T13:47:45.000Z</time></trkpt><trkpt lat="-20.205359602521487" lon="57.46234523741208"><ele>185.7</ele><time>2026-09-24T13:47:46.000Z</time></trkpt><trkpt lat="-20.205359235854804" lon="57.46234490407873"><ele>185.7</ele><time>2026-09-24T13:47:47.000Z</time></trkpt><trkpt lat="-20.205358735854787" lon="57.46234490407871"><ele>185.7</ele><time>2026-09-24T13:47:48.000Z</time></trkpt><trkpt lat="-20.20535823585477" lon="57.46234490407869"><ele>185.7</ele><time>2026-09-24T13:47:49.000Z</time></trkpt><trkpt lat="-20.20535723585474" lon="57.46234467074534"><ele>185.7</ele><time>2026-09-24T13:47:50.000Z</time></trkpt><trkpt lat="-20.205356002521363" lon="57.46234457074532"><ele>185.2</ele><time>2026-09-24T13:47:51.000Z</time></trkpt><trkpt lat="-20.205355935854666" lon="57.46234483741199"><ele>185.2</ele><time>2026-09-24T13:47:52.000Z</time></trkpt><trkpt lat="-20.205356069187975" lon="57.462344737412"><ele>185.2</ele><time>2026-09-24T13:47:53.000Z</time></trkpt><trkpt lat="-20.205355969187934" lon="57.46234430407869"><ele>185.2</ele><time>2026-09-24T13:47:54.000Z</time></trkpt><trkpt lat="-20.20535533585456" lon="57.462343570745375"><ele>185.2</ele><time>2026-09-24T13:47:55.000Z</time></trkpt><trkpt lat="-20.205354702521184" lon="57.46234210407872"><ele>184.8</ele><time>2026-09-24T13:47:56.000Z</time></trkpt><trkpt lat="-20.205353602521143" lon="57.46233913741203"><ele>184.8</ele><time>2026-09-24T13:47:57.000Z</time></trkpt><trkpt lat="-20.205352369187768" lon="57.462335470745344"><ele>184.8</ele><time>2026-09-24T13:47:58.000Z</time></trkpt><trkpt lat="-20.205351035854402" lon="57.46233207074532"><ele>184.8</ele><time>2026-09-24T13:47:59.000Z</time></trkpt><trkpt lat="-20.20534950252101" lon="57.46232863741197"><ele>184.8</ele><time>2026-09-24T13:48:00.000Z</time></trkpt><trkpt lat="-20.205347435854286" lon="57.462325104078616"><ele>184.6</ele><time>2026-09-24T13:48:01.000Z</time></trkpt><trkpt lat="-20.205343635854245" lon="57.46232257074528"><ele>184.6</ele><time>2026-09-24T13:48:02.000Z</time></trkpt><trkpt lat="-20.205339302520848" lon="57.46232047074525"><ele>184.6</ele><time>2026-09-24T13:48:03.000Z</time></trkpt><trkpt lat="-20.205334235854114" lon="57.46231800407853"><ele>184.6</ele><time>2026-09-24T13:48:04.000Z</time></trkpt><trkpt lat="-20.20532990252074" lon="57.46231570407847"><ele>184.6</ele><time>2026-09-24T13:48:05.000Z</time></trkpt><trkpt lat="-20.205326002520717" lon="57.46231427074508"><ele>184.2</ele><time>2026-09-24T13:48:06.000Z</time></trkpt><trkpt lat="-20.205323402520655" lon="57.4623131374117"><ele>184.2</ele><time>2026-09-24T13:48:07.000Z</time></trkpt><trkpt lat="-20.20532136918729" lon="57.46231233741165"><ele>184.2</ele><time>2026-09-24T13:48:08.000Z</time></trkpt><trkpt lat="-20.205319935853897" lon="57.462311537411644"><ele>184.2</ele><time>2026-09-24T13:48:09.000Z</time></trkpt><trkpt lat="-20.205318569187188" lon="57.46231010407831"><ele>184.2</ele><time>2026-09-24T13:48:10.000Z</time></trkpt><trkpt lat="-20.205317235853798" lon="57.46230713741163"><ele>183.5</ele><time>2026-09-24T13:48:11.000Z</time></trkpt><trkpt lat="-20.205315935853754" lon="57.462302970744894"><ele>183.5</ele><time>2026-09-24T13:48:12.000Z</time></trkpt><trkpt lat="-20.20531420252035" lon="57.462298370744826"><ele>183.5</ele><time>2026-09-24T13:48:13.000Z</time></trkpt><trkpt lat="-20.20531196918693" lon="57.46229400407807"><ele>183.5</ele><time>2026-09-24T13:48:14.000Z</time></trkpt><trkpt lat="-20.20530893585347" lon="57.46229030407799"><ele>183.5</ele><time>2026-09-24T13:48:15.000Z</time></trkpt><trkpt lat="-20.20530506918671" lon="57.46228767074458"><ele>183.1</ele><time>2026-09-24T13:48:16.000Z</time></trkpt><trkpt lat="-20.205300569186576" lon="57.46228640407791"><ele>183.1</ele><time>2026-09-24T13:48:17.000Z</time></trkpt><trkpt lat="-20.205294635853143" lon="57.4622856040779"><ele>183.1</ele><time>2026-09-24T13:48:18.000Z</time></trkpt><trkpt lat="-20.205289235853076" lon="57.462284537411236"><ele>183.1</ele><time>2026-09-24T13:48:19.000Z</time></trkpt><trkpt lat="-20.205283802519688" lon="57.46228327074457"><ele>183.1</ele><time>2026-09-24T13:48:20.000Z</time></trkpt><trkpt lat="-20.20527890251958" lon="57.46228180407788"><ele>182.3</ele><time>2026-09-24T13:48:21.000Z</time></trkpt><trkpt lat="-20.205274335852835" lon="57.46227937074449"><ele>182.3</ele><time>2026-09-24T13:48:22.000Z</time></trkpt><trkpt lat="-20.20526976918609" lon="57.462276270744425"><ele>182.3</ele><time>2026-09-24T13:48:23.000Z</time></trkpt><trkpt lat="-20.205264735852726" lon="57.462273204077704"><ele>182.3</ele><time>2026-09-24T13:48:24.000Z</time></trkpt><trkpt lat="-20.205261069186076" lon="57.46227080407764"><ele>182.3</ele><time>2026-09-24T13:48:25.000Z</time></trkpt><trkpt lat="-20.205257569186106" lon="57.46226783741089"><ele>181.5</ele><time>2026-09-24T13:48:26.000Z</time></trkpt><trkpt lat="-20.205253602519495" lon="57.46226497074417"><ele>181.5</ele><time>2026-09-24T13:48:27.000Z</time></trkpt><trkpt lat="-20.20525196918622" lon="57.46226247074412"><ele>181.5</ele><time>2026-09-24T13:48:28.000Z</time></trkpt><trkpt lat="-20.205250602519563" lon="57.462260537410735"><ele>181.5</ele><time>2026-09-24T13:48:29.000Z</time></trkpt><trkpt lat="-20.205247602519528" lon="57.46225860407734"><ele>181.5</ele><time>2026-09-24T13:48:30.000Z</time></trkpt><trkpt lat="-20.20524426918616" lon="57.46225697074398"><ele>181.1</ele><time>2026-09-24T13:48:31.000Z</time></trkpt><trkpt lat="-20.205241835852778" lon="57.462255770743944"><ele>181.1</ele><time>2026-09-24T13:48:32.000Z</time></trkpt><trkpt lat="-20.205239002519384" lon="57.46225387074391"><ele>181.1</ele><time>2026-09-24T13:48:33.000Z</time></trkpt><trkpt lat="-20.205236735852672" lon="57.46225163741053"><ele>181.1</ele><time>2026-09-24T13:48:34.000Z</time></trkpt><trkpt lat="-20.205234935852655" lon="57.462248137410484"><ele>181.1</ele><time>2026-09-24T13:48:35.000Z</time></trkpt><trkpt lat="-20.205233302519293" lon="57.462245570743804"><ele>180.0</ele><time>2026-09-24T13:48:36.000Z</time></trkpt><trkpt lat="-20.205231402519235" lon="57.46224450407717"><ele>180.0</ele><time>2026-09-24T13:48:37.000Z</time></trkpt><trkpt lat="-20.205228835852495" lon="57.46224433741055"><ele>180.0</ele><time>2026-09-24T13:48:38.000Z</time></trkpt><trkpt lat="-20.20522516918579" lon="57.462244337410596"><ele>180.0</ele><time>2026-09-24T13:48:39.000Z</time></trkpt><trkpt lat="-20.205220802519044" lon="57.46224513741065"><ele>180.0</ele><time>2026-09-24T13:48:40.000Z</time></trkpt><trkpt lat="-20.205215735852313" lon="57.46224557074402"><ele>178.8</ele><time>2026-09-24T13:48:41.000Z</time></trkpt><trkpt lat="-20.205210869185603" lon="57.46224387074405"><ele>178.8</ele><time>2026-09-24T13:48:42.000Z</time></trkpt><trkpt lat="-20.20520630251891" lon="57.462241070744085"><ele>178.8</ele><time>2026-09-24T13:48:43.000Z</time></trkpt><trkpt lat="-20.20520276918551" lon="57.46223730407742"><ele>178.8</ele><time>2026-09-24T13:48:44.000Z</time></trkpt><trkpt lat="-20.20520006918549" lon="57.46223267074403"><ele>178.8</ele><time>2026-09-24T13:48:45.000Z</time></trkpt><trkpt lat="-20.205197535852175" lon="57.46222767074396"><ele>178.3</ele><time>2026-09-24T13:48:46.000Z</time></trkpt><trkpt lat="-20.205194435852206" lon="57.462221937410504"><ele>178.3</ele><time>2026-09-24T13:48:47.000Z</time></trkpt><trkpt lat="-20.20518990251886" lon="57.46221610407705"><ele>178.3</ele><time>2026-09-24T13:48:48.000Z</time></trkpt><trkpt lat="-20.205184369185538" lon="57.46221063741028"><ele>178.3</ele><time>2026-09-24T13:48:49.000Z</time></trkpt><trkpt lat="-20.20517860251892" lon="57.46220623741023"><ele>178.3</ele><time>2026-09-24T13:48:50.000Z</time></trkpt><trkpt lat="-20.205173535852268" lon="57.462201670743504"><ele>177.4</ele><time>2026-09-24T13:48:51.000Z</time></trkpt><trkpt lat="-20.20516866918559" lon="57.4621980374101"><ele>177.4</ele><time>2026-09-24T13:48:52.000Z</time></trkpt><trkpt lat="-20.20516513585227" lon="57.46219443741004"><ele>177.4</ele><time>2026-09-24T13:48:53.000Z</time></trkpt><trkpt lat="-20.205161535852206" lon="57.46219077074331"><ele>177.4</ele><time>2026-09-24T13:48:54.000Z</time></trkpt><trkpt lat="-20.205157569185406" lon="57.46218680407658"><ele>177.4</ele><time>2026-09-24T13:48:55.000Z</time></trkpt><trkpt lat="-20.20515226918524" lon="57.462182104076554"><ele>176.5</ele><time>2026-09-24T13:48:56.000Z</time></trkpt><trkpt lat="-20.205146869185064" lon="57.46217777074319"><ele>176.5</ele><time>2026-09-24T13:48:57.000Z</time></trkpt><trkpt lat="-20.205140669184864" lon="57.46217397074314"><ele>176.5</ele><time>2026-09-24T13:48:58.000Z</time></trkpt><trkpt lat="-20.205134502518085" lon="57.462170404076446"><ele>176.5</ele><time>2026-09-24T13:48:59.000Z</time></trkpt><trkpt lat="-20.205128002518" lon="57.46216730407643"><ele>176.5</ele><time>2026-09-24T13:49:00.000Z</time></trkpt><trkpt lat="-20.205122035851247" lon="57.46216510407639"><ele>176.0</ele><time>2026-09-24T13:49:01.000Z</time></trkpt><trkpt lat="-20.20511570251787" lon="57.46216237074309"><ele>176.0</ele><time>2026-09-24T13:49:02.000Z</time></trkpt><trkpt lat="-20.20511020251787" lon="57.462158870743096"><ele>176.0</ele><time>2026-09-24T13:49:03.000Z</time></trkpt><trkpt lat="-20.205105402517802" lon="57.46215533740978"><ele>176.0</ele><time>2026-09-24T13:49:04.000Z</time></trkpt><trkpt lat="-20.205101435851056" lon="57.46215053740983"><ele>176.0</ele><time>2026-09-24T13:49:05.000Z</time></trkpt><trkpt lat="-20.20509840251767" lon="57.462145304076515"><ele>174.8</ele><time>2026-09-24T13:49:06.000Z</time></trkpt><trkpt lat="-20.205096369184282" lon="57.46213967074309"><ele>174.8</ele><time>2026-09-24T13:49:07.000Z</time></trkpt><trkpt lat="-20.20509446918422" lon="57.462133737409616"><ele>174.8</ele><time>2026-09-24T13:49:08.000Z</time></trkpt><trkpt lat="-20.205092635850853" lon="57.46212630407606"><ele>174.8</ele><time>2026-09-24T13:49:09.000Z</time></trkpt><trkpt lat="-20.205090702517474" lon="57.46211820407582"><ele>174.8</ele><time>2026-09-24T13:49:10.000Z</time></trkpt><trkpt lat="-20.205088169184148" lon="57.46210950407559"><ele>173.6</ele><time>2026-09-24T13:49:11.000Z</time></trkpt><trkpt lat="-20.20508456918419" lon="57.46210073740879"><ele>173.6</ele><time>2026-09-24T13:49:12.000Z</time></trkpt><trkpt lat="-20.20508006918427" lon="57.46209220407538"><ele>173.6</ele><time>2026-09-24T13:49:13.000Z</time></trkpt><trkpt lat="-20.2050754025177" lon="57.46208403740873"><ele>173.6</ele><time>2026-09-24T13:49:14.000Z</time></trkpt><trkpt lat="-20.205070735851127" lon="57.462075737408746"><ele>173.6</ele><time>2026-09-24T13:49:15.000Z</time></trkpt><trkpt lat="-20.205066402517865" lon="57.462067104075345"><ele>172.5</ele><time>2026-09-24T13:49:16.000Z</time></trkpt><trkpt lat="-20.205062735851214" lon="57.46205873740856"><ele>172.5</ele><time>2026-09-24T13:49:17.000Z</time></trkpt><trkpt lat="-20.205059869184513" lon="57.46204977074167"><ele>172.5</ele><time>2026-09-24T13:49:18.000Z</time></trkpt><trkpt lat="-20.20505673585114" lon="57.46204070407479"><ele>172.5</ele><time>2026-09-24T13:49:19.000Z</time></trkpt><trkpt lat="-20.205053569184507" lon="57.46203227074125"><ele>172.5</ele><time>2026-09-24T13:49:20.000Z</time></trkpt><trkpt lat="-20.20505056918452" lon="57.46202487074116"><ele>172.0</ele><time>2026-09-24T13:49:21.000Z</time></trkpt><trkpt lat="-20.205048302517902" lon="57.46201780407442"><ele>172.0</ele><time>2026-09-24T13:49:22.000Z</time></trkpt><trkpt lat="-20.20504606918463" lon="57.46201143740775"><ele>172.0</ele><time>2026-09-24T13:49:23.000Z</time></trkpt><trkpt lat="-20.205043635851332" lon="57.46200557074106"><ele>172.0</ele><time>2026-09-24T13:49:24.000Z</time></trkpt><trkpt lat="-20.20504013585136" lon="57.46200093740769"><ele>172.0</ele><time>2026-09-24T13:49:25.000Z</time></trkpt><trkpt lat="-20.20503596918472" lon="57.46199693740766"><ele>171.0</ele><time>2026-09-24T13:49:26.000Z</time></trkpt><trkpt lat="-20.205030302518036" lon="57.46199317074098"><ele>171.0</ele><time>2026-09-24T13:49:27.000Z</time></trkpt><trkpt lat="-20.205023602518033" lon="57.46199030407435"><ele>171.0</ele><time>2026-09-24T13:49:28.000Z</time></trkpt><trkpt lat="-20.205016635851358" lon="57.461988137407715"><ele>171.0</ele><time>2026-09-24T13:49:29.000Z</time></trkpt><trkpt lat="-20.20501066918461" lon="57.46198593740776"><ele>171.0</ele><time>2026-09-24T13:49:30.000Z</time></trkpt><trkpt lat="-20.205004902517835" lon="57.46198273740781"><ele>170.0</ele><time>2026-09-24T13:49:31.000Z</time></trkpt><trkpt lat="-20.204999669184396" lon="57.46197880407448"><ele>170.0</ele><time>2026-09-24T13:49:32.000Z</time></trkpt><trkpt lat="-20.20499516918426" lon="57.46197430407441"><ele>170.0</ele><time>2026-09-24T13:49:33.000Z</time></trkpt><trkpt lat="-20.204990969184117" lon="57.46196910407432"><ele>170.0</ele><time>2026-09-24T13:49:34.000Z</time></trkpt><trkpt lat="-20.20498720251734" lon="57.46196287074092"><ele>170.0</ele><time>2026-09-24T13:49:35.000Z</time></trkpt><trkpt lat="-20.20498353585058" lon="57.46195687074085"><ele>169.5</ele><time>2026-09-24T13:49:36.000Z</time></trkpt><trkpt lat="-20.20497976918386" lon="57.461951870740805"><ele>169.5</ele><time>2026-09-24T13:49:37.000Z</time></trkpt><trkpt lat="-20.204975569183823" lon="57.461947104074156"><ele>169.5</ele><time>2026-09-24T13:49:38.000Z</time></trkpt><trkpt lat="-20.2049712358505" lon="57.46194330407419"><ele>169.5</ele><time>2026-09-24T13:49:39.000Z</time></trkpt><trkpt lat="-20.204966335850525" lon="57.46194063740753"><ele>169.5</ele><time>2026-09-24T13:49:40.000Z</time></trkpt><trkpt lat="-20.204961402517235" lon="57.461937770740874"><ele>168.5</ele><time>2026-09-24T13:49:41.000Z</time></trkpt><trkpt lat="-20.204956535850577" lon="57.46193410407416"><ele>168.5</ele><time>2026-09-24T13:49:42.000Z</time></trkpt><trkpt lat="-20.204951969183913" lon="57.46193000407409"><ele>168.5</ele><time>2026-09-24T13:49:43.000Z</time></trkpt><trkpt lat="-20.20494806918386" lon="57.46192483740739"><ele>168.5</ele><time>2026-09-24T13:49:44.000Z</time></trkpt><trkpt lat="-20.20494463585045" lon="57.461918737407395"><ele>168.5</ele><time>2026-09-24T13:49:45.000Z</time></trkpt><trkpt lat="-20.20494106918365" lon="57.46191273740736"><ele>167.4</ele><time>2026-09-24T13:49:46.000Z</time></trkpt><trkpt lat="-20.204937569183546" lon="57.46190640407409"><ele>167.4</ele><time>2026-09-24T13:49:47.000Z</time></trkpt><trkpt lat="-20.204934969183455" lon="57.46189980407409"><ele>167.4</ele><time>2026-09-24T13:49:48.000Z</time></trkpt><trkpt lat="-20.204932302516728" lon="57.46189240407408"><ele>167.4</ele><time>2026-09-24T13:49:49.000Z</time></trkpt><trkpt lat="-20.204929835850002" lon="57.461884404074034"><ele>167.4</ele><time>2026-09-24T13:49:50.000Z</time></trkpt><trkpt lat="-20.204927535849983" lon="57.46187663740734"><ele>166.9</ele><time>2026-09-24T13:49:51.000Z</time></trkpt><trkpt lat="-20.204925202516588" lon="57.46186900407389"><ele>166.9</ele><time>2026-09-24T13:49:52.000Z</time></trkpt><trkpt lat="-20.20492253584986" lon="57.46186113740714"><ele>166.9</ele><time>2026-09-24T13:49:53.000Z</time></trkpt><trkpt lat="-20.204920769183147" lon="57.46185417074035"><ele>166.9</ele><time>2026-09-24T13:49:54.000Z</time></trkpt><trkpt lat="-20.204918102516444" lon="57.46184823740687"><ele>166.9</ele><time>2026-09-24T13:49:55.000Z</time></trkpt><trkpt lat="-20.204915502516435" lon="57.46184367074005"><ele>165.8</ele><time>2026-09-24T13:49:56.000Z</time></trkpt><trkpt lat="-20.204912602516437" lon="57.461840270739984"><ele>165.8</ele><time>2026-09-24T13:49:57.000Z</time></trkpt><trkpt lat="-20.204908702516388" lon="57.46183850407327"><ele>165.8</ele><time>2026-09-24T13:49:58.000Z</time></trkpt><trkpt lat="-20.20490413584964" lon="57.46183703740655"><ele>165.8</ele><time>2026-09-24T13:49:59.000Z</time></trkpt><trkpt lat="-20.204900569182897" lon="57.46183403740655"><ele>165.8</ele><time>2026-09-24T13:50:00.000Z</time></trkpt><trkpt lat="-20.204897402516128" lon="57.461829470739815"><ele>165.2</ele><time>2026-09-24T13:50:01.000Z</time></trkpt><trkpt lat="-20.204894169182715" lon="57.46182337073967"><ele>165.2</ele><time>2026-09-24T13:50:02.000Z</time></trkpt><trkpt lat="-20.20489043584929" lon="57.46181680407284"><ele>165.2</ele><time>2026-09-24T13:50:03.000Z</time></trkpt><trkpt lat="-20.20488523584917" lon="57.46181090407272"><ele>165.2</ele><time>2026-09-24T13:50:04.000Z</time></trkpt><trkpt lat="-20.204879135849005" lon="57.461806437405855"><ele>165.2</ele><time>2026-09-24T13:50:05.000Z</time></trkpt><trkpt lat="-20.204872969182176" lon="57.46180200407241"><ele>164.0</ele><time>2026-09-24T13:50:06.000Z</time></trkpt><trkpt lat="-20.204868302515337" lon="57.46179767073899"><ele>164.0</ele><time>2026-09-24T13:50:07.000Z</time></trkpt><trkpt lat="-20.204866435848558" lon="57.46179263740559"><ele>164.0</ele><time>2026-09-24T13:50:08.000Z</time></trkpt><trkpt lat="-20.204867102515173" lon="57.461786837405455"><ele>164.0</ele><time>2026-09-24T13:50:09.000Z</time></trkpt><trkpt lat="-20.204868402515135" lon="57.461779837405366"><ele>164.0</ele><time>2026-09-24T13:50:10.000Z</time></trkpt><trkpt lat="-20.20486876918176" lon="57.46177167073863"><ele>162.7</ele><time>2026-09-24T13:50:11.000Z</time></trkpt><trkpt lat="-20.20486880251506" lon="57.46176407073856"><ele>162.7</ele><time>2026-09-24T13:50:12.000Z</time></trkpt><trkpt lat="-20.20486796918171" lon="57.46175610407183"><ele>162.7</ele><time>2026-09-24T13:50:13.000Z</time></trkpt><trkpt lat="-20.204866769181677" lon="57.461747737405176"><ele>162.7</ele><time>2026-09-24T13:50:14.000Z</time></trkpt><trkpt lat="-20.20486636918168" lon="57.46173963740512"><ele>162.7</ele><time>2026-09-24T13:50:15.000Z</time></trkpt><trkpt lat="-20.204866569181707" lon="57.46173243740505"><ele>161.5</ele><time>2026-09-24T13:50:16.000Z</time></trkpt><trkpt lat="-20.204865569181756" lon="57.46172483740501"><ele>161.5</ele><time>2026-09-24T13:50:17.000Z</time></trkpt><trkpt lat="-20.204862769181773" lon="57.461717770738275"><ele>161.5</ele><time>2026-09-24T13:50:18.000Z</time></trkpt><trkpt lat="-20.204858802515112" lon="57.46171053740485"><ele>161.5</ele><time>2026-09-24T13:50:19.000Z</time></trkpt><trkpt lat="-20.204853502515135" lon="57.4617033040714"><ele>161.5</ele><time>2026-09-24T13:50:20.000Z</time></trkpt><trkpt lat="-20.2048484691818" lon="57.461694870738015"><ele>160.9</ele><time>2026-09-24T13:50:21.000Z</time></trkpt><trkpt lat="-20.204843202515118" lon="57.461685637404535"><ele>160.9</ele><time>2026-09-24T13:50:22.000Z</time></trkpt><trkpt lat="-20.20483843584845" lon="57.46167497073776"><ele>160.9</ele><time>2026-09-24T13:50:23.000Z</time></trkpt><trkpt lat="-20.20483306918181" lon="57.46166423740429"><ele>160.9</ele><time>2026-09-24T13:50:24.000Z</time></trkpt><trkpt lat="-20.20482796918178" lon="57.46165303740412"><ele>160.9</ele><time>2026-09-24T13:50:25.000Z</time></trkpt><trkpt lat="-20.204821869181803" lon="57.46164230407042"><ele>159.6</ele><time>2026-09-24T13:50:26.000Z</time></trkpt><trkpt lat="-20.204815969181855" lon="57.46163217073685"><ele>159.6</ele><time>2026-09-24T13:50:27.000Z</time></trkpt><trkpt lat="-20.20481033584857" lon="57.461621970736495"><ele>159.6</ele><time>2026-09-24T13:50:28.000Z</time></trkpt><trkpt lat="-20.20480480251525" lon="57.46161140406961"><ele>159.6</ele><time>2026-09-24T13:50:29.000Z</time></trkpt><trkpt lat="-20.2047988358486" lon="57.461600537402845"><ele>159.6</ele><time>2026-09-24T13:50:30.000Z</time></trkpt><trkpt lat="-20.204793435848558" lon="57.46159003740282"><ele>158.2</ele><time>2026-09-24T13:50:31.000Z</time></trkpt><trkpt lat="-20.204790135848533" lon="57.46157920406936"><ele>158.2</ele><time>2026-09-24T13:50:32.000Z</time></trkpt><trkpt lat="-20.204786502515205" lon="57.46156867073597"><ele>158.2</ele><time>2026-09-24T13:50:33.000Z</time></trkpt><trkpt lat="-20.20478170251524" lon="57.461557770735794"><ele>158.2</ele><time>2026-09-24T13:50:34.000Z</time></trkpt><trkpt lat="-20.204776035848532" lon="57.46154667073561"><ele>158.2</ele><time>2026-09-24T13:50:35.000Z</time></trkpt><trkpt lat="-20.204769435848597" lon="57.461533704068714"><ele>157.6</ele><time>2026-09-24T13:50:36.000Z</time></trkpt><trkpt lat="-20.20475916918195" lon="57.46152060406846"><ele>157.6</ele><time>2026-09-24T13:50:37.000Z</time></trkpt><trkpt lat="-20.204748402515293" lon="57.461506470734776"><ele>157.6</ele><time>2026-09-24T13:50:38.000Z</time></trkpt><trkpt lat="-20.204739102515255" lon="57.461491804067734"><ele>157.6</ele><time>2026-09-24T13:50:39.000Z</time></trkpt><trkpt lat="-20.20473156918198" lon="57.46147733740065"><ele>157.6</ele><time>2026-09-24T13:50:40.000Z</time></trkpt><trkpt lat="-20.204725335848615" lon="57.46146347073352"><ele>156.4</ele><time>2026-09-24T13:50:41.000Z</time></trkpt><trkpt lat="-20.204721769181894" lon="57.46144987073321"><ele>156.4</ele><time>2026-09-24T13:50:42.000Z</time></trkpt><trkpt lat="-20.204718635848447" lon="57.46143807073305"><ele>156.4</ele><time>2026-09-24T13:50:43.000Z</time></trkpt><trkpt lat="-20.20471420251509" lon="57.461428004066214"><ele>156.4</ele><time>2026-09-24T13:50:44.000Z</time></trkpt><trkpt lat="-20.204708402515017" lon="57.461419204066125"><ele>156.4</ele><time>2026-09-24T13:50:45.000Z</time></trkpt><trkpt lat="-20.204703502514967" lon="57.46141377073278"><ele>155.0</ele><time>2026-09-24T13:50:46.000Z</time></trkpt><trkpt lat="-20.204698969181592" lon="57.46141073739942"><ele>155.0</ele><time>2026-09-24T13:50:47.000Z</time></trkpt><trkpt lat="-20.204695602514942" lon="57.46140900406605"><ele>155.0</ele><time>2026-09-24T13:50:48.000Z</time></trkpt><trkpt lat="-20.204694035848217" lon="57.461407504066"><ele>155.0</ele><time>2026-09-24T13:50:49.000Z</time></trkpt><trkpt lat="-20.204693402514884" lon="57.461405737399204"><ele>155.0</ele><time>2026-09-24T13:50:50.000Z</time></trkpt><trkpt lat="-20.204691235848237" lon="57.461401837399066"><ele>154.3</ele><time>2026-09-24T13:50:51.000Z</time></trkpt><trkpt lat="-20.2046873691816" lon="57.46139583739887"><ele>154.3</ele><time>2026-09-24T13:50:52.000Z</time></trkpt><trkpt lat="-20.204681735848368" lon="57.461388270731995"><ele>154.3</ele><time>2026-09-24T13:50:53.000Z</time></trkpt><trkpt lat="-20.204676402515165" lon="57.461379504065235"><ele>154.3</ele><time>2026-09-24T13:50:54.000Z</time></trkpt><trkpt lat="-20.204671535848604" lon="57.4613699040652"><ele>154.3</ele><time>2026-09-24T13:50:55.000Z</time></trkpt><trkpt lat="-20.20466776918202" lon="57.46136010406521"><ele>153.0</ele><time>2026-09-24T13:50:56.000Z</time></trkpt><trkpt lat="-20.204666235848737" lon="57.46134993739854"><ele>153.0</ele><time>2026-09-24T13:50:57.000Z</time></trkpt><trkpt lat="-20.204666669182046" lon="57.46133917073181"><ele>153.0</ele><time>2026-09-24T13:50:58.000Z</time></trkpt><trkpt lat="-20.204666835848673" lon="57.461327737398264"><ele>153.0</ele><time>2026-09-24T13:50:59.000Z</time></trkpt><trkpt lat="-20.20466630251531" lon="57.461315737397946"><ele>153.0</ele><time>2026-09-24T13:51:00.000Z</time></trkpt><trkpt lat="-20.2046639358485" lon="57.46130337073091"><ele>152.1</ele><time>2026-09-24T13:51:01.000Z</time></trkpt><trkpt lat="-20.20465946918167" lon="57.46129113739728"><ele>152.1</ele><time>2026-09-24T13:51:02.000Z</time></trkpt><trkpt lat="-20.204653802514827" lon="57.461279404063724"><ele>152.1</ele><time>2026-09-24T13:51:03.000Z</time></trkpt><trkpt lat="-20.20464793584798" lon="57.461267870730204"><ele>152.1</ele><time>2026-09-24T13:51:04.000Z</time></trkpt><trkpt lat="-20.204642769181127" lon="57.461255937396814"><ele>152.1</ele><time>2026-09-24T13:51:05.000Z</time></trkpt><trkpt lat="-20.204637502514416" lon="57.46124367073014"><ele>151.6</ele><time>2026-09-24T13:51:06.000Z</time></trkpt><trkpt lat="-20.20463166918105" lon="57.46123053739677"><ele>151.6</ele><time>2026-09-24T13:51:07.000Z</time></trkpt><trkpt lat="-20.204624602514418" lon="57.46121617072994"><ele>151.6</ele><time>2026-09-24T13:51:08.000Z</time></trkpt><trkpt lat="-20.204616769181154" lon="57.461202370729794"><ele>151.6</ele><time>2026-09-24T13:51:09.000Z</time></trkpt><trkpt lat="-20.20460776918121" lon="57.46118977072952"><ele>151.6</ele><time>2026-09-24T13:51:10.000Z</time></trkpt><trkpt lat="-20.204600002514532" lon="57.461178037395904"><ele>150.6</ele><time>2026-09-24T13:51:11.000Z</time></trkpt><trkpt lat="-20.204593935847875" lon="57.461167070728905"><ele>150.6</ele><time>2026-09-24T13:51:12.000Z</time></trkpt><trkpt lat="-20.20458923584787" lon="57.46115717072877"><ele>150.6</ele><time>2026-09-24T13:51:13.000Z</time></trkpt><trkpt lat="-20.204584535847868" lon="57.46114740406191"><ele>150.6</ele><time>2026-09-24T13:51:14.000Z</time></trkpt><trkpt lat="-20.204580402514523" lon="57.46113790406184"><ele>150.6</ele><time>2026-09-24T13:51:15.000Z</time></trkpt><trkpt lat="-20.204576102514576" lon="57.46112757072831"><ele>149.3</ele><time>2026-09-24T13:51:16.000Z</time></trkpt><trkpt lat="-20.204571002514577" lon="57.46111663739473"><ele>149.3</ele><time>2026-09-24T13:51:17.000Z</time></trkpt><trkpt lat="-20.204565569181163" lon="57.46110537072775"><ele>149.3</ele><time>2026-09-24T13:51:18.000Z</time></trkpt><trkpt lat="-20.204559435847596" lon="57.46109317072758"><ele>149.3</ele><time>2026-09-24T13:51:19.000Z</time></trkpt><trkpt lat="-20.204551869180627" lon="57.461081370727435"><ele>149.3</ele><time>2026-09-24T13:51:20.000Z</time></trkpt><trkpt lat="-20.20454363584694" lon="57.461069737394084"><ele>148.5</ele><time>2026-09-24T13:51:21.000Z</time></trkpt><trkpt lat="-20.204535335846607" lon="57.46105877072746"><ele>148.5</ele><time>2026-09-24T13:51:22.000Z</time></trkpt><trkpt lat="-20.204527002512954" lon="57.46104763739421"><ele>148.5</ele><time>2026-09-24T13:51:23.000Z</time></trkpt><trkpt lat="-20.204519269179382" lon="57.46103707072748"><ele>148.5</ele><time>2026-09-24T13:51:24.000Z</time></trkpt><trkpt lat="-20.204512302512605" lon="57.461025337394005"><ele>148.5</ele><time>2026-09-24T13:51:25.000Z</time></trkpt><trkpt lat="-20.204504902512447" lon="57.46101393739376"><ele>147.1</ele><time>2026-09-24T13:51:26.000Z</time></trkpt><trkpt lat="-20.204497102512345" lon="57.4610019373936"><ele>147.1</ele><time>2026-09-24T13:51:27.000Z</time></trkpt><trkpt lat="-20.204488769179015" lon="57.46099057072662"><ele>147.1</ele><time>2026-09-24T13:51:28.000Z</time></trkpt><trkpt lat="-20.20448080251242" lon="57.46097870405972"><ele>147.1</ele><time>2026-09-24T13:51:29.000Z</time></trkpt><trkpt lat="-20.204473935845815" lon="57.46096710405942"><ele>147.1</ele><time>2026-09-24T13:51:30.000Z</time></trkpt><trkpt lat="-20.2044689025126" lon="57.46095503739251"><ele>145.7</ele><time>2026-09-24T13:51:31.000Z</time></trkpt><trkpt lat="-20.204464802512668" lon="57.46094273739213"><ele>145.7</ele><time>2026-09-24T13:51:32.000Z</time></trkpt><trkpt lat="-20.204460902512654" lon="57.46092897072511"><ele>145.7</ele><time>2026-09-24T13:51:33.000Z</time></trkpt><trkpt lat="-20.20445643584588" lon="57.460914337391465"><ele>145.7</ele><time>2026-09-24T13:51:34.000Z</time></trkpt><trkpt lat="-20.204450502512383" lon="57.460897737391164"><ele>145.7</ele><time>2026-09-24T13:51:35.000Z</time></trkpt><trkpt lat="-20.204442569178788" lon="57.46088040405757"><ele>145.1</ele><time>2026-09-24T13:51:36.000Z</time></trkpt><trkpt lat="-20.204433102511825" lon="57.46086200405726"><ele>145.1</ele><time>2026-09-24T13:51:37.000Z</time></trkpt><trkpt lat="-20.20442393584485" lon="57.46084237072351"><ele>145.1</ele><time>2026-09-24T13:51:38.000Z</time></trkpt><trkpt lat="-20.204415469177917" lon="57.46082257072324"><ele>145.1</ele><time>2026-09-24T13:51:39.000Z</time></trkpt><trkpt lat="-20.204408602511045" lon="57.46080347072293"><ele>145.1</ele><time>2026-09-24T13:51:40.000Z</time></trkpt><trkpt lat="-20.20440436917763" lon="57.46078333738909"><ele>143.7</ele><time>2026-09-24T13:51:41.000Z</time></trkpt><trkpt lat="-20.204401335844274" lon="57.460763704055395"><ele>143.7</ele><time>2026-09-24T13:51:42.000Z</time></trkpt><trkpt lat="-20.20439973584427" lon="57.46074620405524"><ele>143.7</ele><time>2026-09-24T13:51:43.000Z</time></trkpt><trkpt lat="-20.204399035844297" lon="57.460730437388136"><ele>143.7</ele><time>2026-09-24T13:51:44.000Z</time></trkpt><trkpt lat="-20.204398135844293" lon="57.46071593738776"><ele>143.7</ele><time>2026-09-24T13:51:45.000Z</time></trkpt><trkpt lat="-20.20439600251091" lon="57.460704537387606"><ele>142.0</ele><time>2026-09-24T13:51:46.000Z</time></trkpt><trkpt lat="-20.20439383584421" lon="57.46069490405411"><ele>142.0</ele><time>2026-09-24T13:51:47.000Z</time></trkpt><trkpt lat="-20.204391335844175" lon="57.460687570720594"><ele>142.0</ele><time>2026-09-24T13:51:48.000Z</time></trkpt><trkpt lat="-20.204388702510794" lon="57.46068233738721"><ele>142.0</ele><time>2026-09-24T13:51:49.000Z</time></trkpt><trkpt lat="-20.20438610251079" lon="57.460679570720536"><ele>142.0</ele><time>2026-09-24T13:51:50.000Z</time></trkpt><trkpt lat="-20.20438350251078" lon="57.460678004053854"><ele>141.1</ele><time>2026-09-24T13:51:51.000Z</time></trkpt><trkpt lat="-20.20438120251076" lon="57.460678670720505"><ele>141.1</ele><time>2026-09-24T13:51:52.000Z</time></trkpt><trkpt lat="-20.204378635844044" lon="57.46068137072051"><ele>141.1</ele><time>2026-09-24T13:51:53.000Z</time></trkpt><trkpt lat="-20.204376235844013" lon="57.46068410405385"><ele>141.1</ele><time>2026-09-24T13:51:54.000Z</time></trkpt><trkpt lat="-20.2043742691773" lon="57.46068653738719"><ele>141.1</ele><time>2026-09-24T13:51:55.000Z</time></trkpt><trkpt lat="-20.204372769177255" lon="57.46068860405386"><ele>139.4</ele><time>2026-09-24T13:51:56.000Z</time></trkpt><trkpt lat="-20.204371569177198" lon="57.4606895373872"><ele>139.4</ele><time>2026-09-24T13:51:57.000Z</time></trkpt><trkpt lat="-20.204370835843836" lon="57.460688670720536"><ele>139.4</ele><time>2026-09-24T13:51:58.000Z</time></trkpt><trkpt lat="-20.20437016917714" lon="57.46068777072054"><ele>139.4</ele><time>2026-09-24T13:51:59.000Z</time></trkpt><trkpt lat="-20.204369035843747" lon="57.46068820405386"><ele>139.4</ele><time>2026-09-24T13:52:00.000Z</time></trkpt><trkpt lat="-20.20436783584369" lon="57.4606883373872"><ele>138.5</ele><time>2026-09-24T13:52:01.000Z</time></trkpt><trkpt lat="-20.204366869176983" lon="57.46068890405386"><ele>138.5</ele><time>2026-09-24T13:52:02.000Z</time></trkpt><trkpt lat="-20.204365902510272" lon="57.46068947072054"><ele>138.5</ele><time>2026-09-24T13:52:03.000Z</time></trkpt><trkpt lat="-20.204365302510244" lon="57.46069063738721"><ele>138.5</ele><time>2026-09-24T13:52:04.000Z</time></trkpt><trkpt lat="-20.20436583584358" lon="57.46069073738723"><ele>138.5</ele><time>2026-09-24T13:52:05.000Z</time></trkpt><trkpt lat="-20.20436663584359" lon="57.46069143738724"><ele>138.3</ele><time>2026-09-24T13:52:06.000Z</time></trkpt><trkpt lat="-20.20436723584361" lon="57.46069230405392"><ele>138.3</ele><time>2026-09-24T13:52:07.000Z</time></trkpt><trkpt lat="-20.204367435843622" lon="57.46069340405393"><ele>138.3</ele><time>2026-09-24T13:52:08.000Z</time></trkpt><trkpt lat="-20.204367369176957" lon="57.46069357072061"><ele>138.3</ele><time>2026-09-24T13:52:09.000Z</time></trkpt><trkpt lat="-20.204366769176954" lon="57.46069353738727"><ele>138.3</ele><time>2026-09-24T13:52:10.000Z</time></trkpt><trkpt lat="-20.20436626917695" lon="57.46069360405394"><ele>138.2</ele><time>2026-09-24T13:52:11.000Z</time></trkpt><trkpt lat="-20.20436596917695" lon="57.460693504053935"><ele>138.2</ele><time>2026-09-24T13:52:12.000Z</time></trkpt><trkpt lat="-20.204366102510285" lon="57.46069320405394"><ele>138.2</ele><time>2026-09-24T13:52:13.000Z</time></trkpt><trkpt lat="-20.204366135843618" lon="57.460693237387275"><ele>138.2</ele><time>2026-09-24T13:52:14.000Z</time></trkpt><trkpt lat="-20.20436626917695" lon="57.46069310405393"><ele>138.2</ele><time>2026-09-24T13:52:15.000Z</time></trkpt><trkpt lat="-20.20436640251028" lon="57.46069297072059"><ele>138.1</ele><time>2026-09-24T13:52:16.000Z</time></trkpt><trkpt lat="-20.204366535843615" lon="57.46069283738724"><ele>138.1</ele><time>2026-09-24T13:52:17.000Z</time></trkpt><trkpt lat="-20.204366535843615" lon="57.460692937387236"><ele>138.1</ele><time>2026-09-24T13:52:18.000Z</time></trkpt><trkpt lat="-20.204366535843615" lon="57.46069303738724"><ele>138.1</ele><time>2026-09-24T13:52:19.000Z</time></trkpt><trkpt lat="-20.204366435843617" lon="57.46069330405392"><ele>138.1</ele><time>2026-09-24T13:52:20.000Z</time></trkpt><trkpt lat="-20.204366335843616" lon="57.46069357072059"><ele>138.3</ele><time>2026-09-24T13:52:21.000Z</time></trkpt><trkpt lat="-20.204366235843615" lon="57.46069383738727"><ele>138.3</ele><time>2026-09-24T13:52:22.000Z</time></trkpt><trkpt lat="-20.204366235843615" lon="57.46069383738727"><ele>138.3</ele><time>2026-09-24T13:52:23.000Z</time></trkpt><trkpt lat="-20.204366235843615" lon="57.46069383738727"><ele>138.3</ele><time>2026-09-24T13:52:24.000Z</time></trkpt><trkpt lat="-20.204366369176952" lon="57.46069423738728"><ele>138.3</ele><time>2026-09-24T13:52:25.000Z</time></trkpt><trkpt lat="-20.20436650251029" lon="57.46069463738729"><ele>138.4</ele><time>2026-09-24T13:52:26.000Z</time></trkpt><trkpt lat="-20.204366635843623" lon="57.4606950373873"><ele>138.4</ele><time>2026-09-24T13:52:27.000Z</time></trkpt><trkpt lat="-20.20436676917696" lon="57.460695437387315"><ele>138.4</ele><time>2026-09-24T13:52:28.000Z</time></trkpt><trkpt lat="-20.204366902510294" lon="57.46069583738732"><ele>138.4</ele><time>2026-09-24T13:52:29.000Z</time></trkpt><trkpt lat="-20.204366902510294" lon="57.46069583738732"><ele>138.4</ele><time>2026-09-24T13:52:30.000Z</time></trkpt><trkpt lat="-20.204366902510294" lon="57.46069583738732"><ele>138.3</ele><time>2026-09-24T13:52:31.000Z</time></trkpt><trkpt lat="-20.204366902510294" lon="57.46069583738732"><ele>138.3</ele><time>2026-09-24T13:52:32.000Z</time></trkpt><trkpt lat="-20.204366902510294" lon="57.46069583738732"><ele>138.3</ele><time>2026-09-24T13:52:33.000Z</time></trkpt><trkpt lat="-20.204366902510294" lon="57.46069583738732"><ele>138.3</ele><time>2026-09-24T13:52:34.000Z</time></trkpt><trkpt lat="-20.204367035843628" lon="57.46069583738732"><ele>138.3</ele><time>2026-09-24T13:52:35.000Z</time></trkpt><trkpt lat="-20.204367002510295" lon="57.46069580405399"><ele>138.3</ele><time>2026-09-24T13:52:36.000Z</time></trkpt><trkpt lat="-20.204366969176963" lon="57.460695770720655"><ele>138.3</ele><time>2026-09-24T13:52:37.000Z</time></trkpt><trkpt lat="-20.20436693584363" lon="57.460695737387326"><ele>138.3</ele><time>2026-09-24T13:52:38.000Z</time></trkpt><trkpt lat="-20.204366902510294" lon="57.46069570405399"><ele>138.3</ele><time>2026-09-24T13:52:39.000Z</time></trkpt><trkpt lat="-20.204366735843628" lon="57.46069567072065"><ele>138.3</ele><time>2026-09-24T13:52:40.000Z</time></trkpt><trkpt lat="-20.204366669176963" lon="57.46069567072065"><ele>138.3</ele><time>2026-09-24T13:52:41.000Z</time></trkpt><trkpt lat="-20.204366602510298" lon="57.46069567072065"><ele>138.3</ele><time>2026-09-24T13:52:42.000Z</time></trkpt><trkpt lat="-20.20436653584363" lon="57.46069567072065"><ele>138.3</ele><time>2026-09-24T13:52:43.000Z</time></trkpt><trkpt lat="-20.204366469176964" lon="57.46069567072065"><ele>138.3</ele><time>2026-09-24T13:52:44.000Z</time></trkpt><trkpt lat="-20.204366402510296" lon="57.46069567072065"><ele>138.3</ele><time>2026-09-24T13:52:45.000Z</time></trkpt><trkpt lat="-20.204366402510296" lon="57.46069567072065"><ele>138.3</ele><time>2026-09-24T13:52:46.000Z</time></trkpt><trkpt lat="-20.204366402510296" lon="57.46069567072065"><ele>138.3</ele><time>2026-09-24T13:52:47.000Z</time></trkpt><trkpt lat="-20.204366402510296" lon="57.46069567072065"><ele>138.3</ele><time>2026-09-24T13:52:48.000Z</time></trkpt><trkpt lat="-20.204366402510296" lon="57.46069567072065"><ele>138.3</ele><time>2026-09-24T13:52:49.000Z</time></trkpt><trkpt lat="-20.204366402510296" lon="57.46069567072065"><ele>138.3</ele><time>2026-09-24T13:52:50.000Z</time></trkpt><trkpt lat="-20.204366402510296" lon="57.46069567072065"><ele>138.4</ele><time>2026-09-24T13:52:51.000Z</time></trkpt><trkpt lat="-20.204366402510296" lon="57.46069567072065"><ele>138.4</ele><time>2026-09-24T13:52:52.000Z</time></trkpt><trkpt lat="-20.204366402510296" lon="57.46069567072065"><ele>138.4</ele><time>2026-09-24T13:52:53.000Z</time></trkpt><trkpt lat="-20.204366402510296" lon="57.46069567072065"><ele>138.4</ele><time>2026-09-24T13:52:54.000Z</time></trkpt><trkpt lat="-20.204365935843605" lon="57.46069583738732"><ele>138.4</ele><time>2026-09-24T13:52:55.000Z</time></trkpt><trkpt lat="-20.20436546917691" lon="57.460696004054"><ele>138.4</ele><time>2026-09-24T13:52:56.000Z</time></trkpt><trkpt lat="-20.204365002510215" lon="57.46069617072068"><ele>138.4</ele><time>2026-09-24T13:52:57.000Z</time></trkpt><trkpt lat="-20.20436453584352" lon="57.460696337387354"><ele>138.4</ele><time>2026-09-24T13:52:58.000Z</time></trkpt><trkpt lat="-20.204364069176826" lon="57.460696504054035"><ele>138.4</ele><time>2026-09-24T13:52:59.000Z</time></trkpt><trkpt lat="-20.20436406917683" lon="57.46069650405404"><ele>138.4</ele><time>2026-09-24T13:53:00.000Z</time></trkpt><trkpt lat="-20.20436406917683" lon="57.46069650405404"><ele>138.4</ele><time>2026-09-24T13:53:01.000Z</time></trkpt><trkpt lat="-20.204363769176815" lon="57.46069643738738"><ele>138.4</ele><time>2026-09-24T13:53:02.000Z</time></trkpt><trkpt lat="-20.20436350251013" lon="57.460696104054044"><ele>138.4</ele><time>2026-09-24T13:53:03.000Z</time></trkpt><trkpt lat="-20.204363002510103" lon="57.46069583738738"><ele>138.4</ele><time>2026-09-24T13:53:04.000Z</time></trkpt><trkpt lat="-20.20436240251008" lon="57.46069520405406"><ele>138.4</ele><time>2026-09-24T13:53:05.000Z</time></trkpt><trkpt lat="-20.20436180251005" lon="57.46069457072074"><ele>138.3</ele><time>2026-09-24T13:53:06.000Z</time></trkpt><trkpt lat="-20.20436153584337" lon="57.460694204054086"><ele>138.3</ele><time>2026-09-24T13:53:07.000Z</time></trkpt><trkpt lat="-20.204361235843358" lon="57.460694104054085"><ele>138.3</ele><time>2026-09-24T13:53:08.000Z</time></trkpt><trkpt lat="-20.204361669176706" lon="57.46069437072075"><ele>138.3</ele><time>2026-09-24T13:53:09.000Z</time></trkpt><trkpt lat="-20.204362202510055" lon="57.46069500405408"><ele>138.3</ele><time>2026-09-24T13:53:10.000Z</time></trkpt><trkpt lat="-20.20436300251007" lon="57.460695070720725"><ele>138.2</ele><time>2026-09-24T13:53:11.000Z</time></trkpt><trkpt lat="-20.20436376917675" lon="57.46069493738737"><ele>138.2</ele><time>2026-09-24T13:53:12.000Z</time></trkpt><trkpt lat="-20.2043648025101" lon="57.46069473738735"><ele>138.2</ele><time>2026-09-24T13:53:13.000Z</time></trkpt><trkpt lat="-20.204365369176767" lon="57.46069407072066"><ele>138.2</ele><time>2026-09-24T13:53:14.000Z</time></trkpt><trkpt lat="-20.20436543584342" lon="57.460693337387305"><ele>138.2</ele><time>2026-09-24T13:53:15.000Z</time></trkpt><trkpt lat="-20.204365335843406" lon="57.460693204053975"><ele>138.2</ele><time>2026-09-24T13:53:16.000Z</time></trkpt><trkpt lat="-20.204365202510058" lon="57.46069293738731"><ele>138.2</ele><time>2026-09-24T13:53:17.000Z</time></trkpt><trkpt lat="-20.20436510251006" lon="57.46069300405397"><ele>138.2</ele><time>2026-09-24T13:53:18.000Z</time></trkpt><trkpt lat="-20.204364969176723" lon="57.46069310405397"><ele>138.2</ele><time>2026-09-24T13:53:19.000Z</time></trkpt><trkpt lat="-20.204365335843406" lon="57.46069327072064"><ele>138.2</ele><time>2026-09-24T13:53:20.000Z</time></trkpt><trkpt lat="-20.204365602510087" lon="57.46069340405397"><ele>138.1</ele><time>2026-09-24T13:53:21.000Z</time></trkpt><trkpt lat="-20.204365835843436" lon="57.46069337072064"><ele>138.1</ele><time>2026-09-24T13:53:22.000Z</time></trkpt><trkpt lat="-20.20436533584342" lon="57.46069237072065"><ele>138.1</ele><time>2026-09-24T13:53:23.000Z</time></trkpt><trkpt lat="-20.204364835843403" lon="57.46069137072065"><ele>138.1</ele><time>2026-09-24T13:53:24.000Z</time></trkpt><trkpt lat="-20.204364335843387" lon="57.460690370720656"><ele>138.1</ele><time>2026-09-24T13:53:25.000Z</time></trkpt><trkpt lat="-20.204363835843374" lon="57.46068937072066"><ele>138.1</ele><time>2026-09-24T13:53:26.000Z</time></trkpt><trkpt lat="-20.204363035843347" lon="57.460688237387316"><ele>138.1</ele><time>2026-09-24T13:53:27.000Z</time></trkpt><trkpt lat="-20.204362669176668" lon="57.46068753738732"><ele>138.1</ele><time>2026-09-24T13:53:28.000Z</time></trkpt><trkpt lat="-20.204362069176636" lon="57.460687104053974"><ele>138.1</ele><time>2026-09-24T13:53:29.000Z</time></trkpt><trkpt lat="-20.204361469176607" lon="57.460686670720634"><ele>138.1</ele><time>2026-09-24T13:53:30.000Z</time></trkpt><trkpt lat="-20.204360535843243" lon="57.4606867373873"><ele>138.1</ele><time>2026-09-24T13:53:31.000Z</time></trkpt><trkpt lat="-20.204359969176558" lon="57.46068723738731"><ele>138.1</ele><time>2026-09-24T13:53:32.000Z</time></trkpt><trkpt lat="-20.204359602509875" lon="57.46068803738731"><ele>138.1</ele><time>2026-09-24T13:53:33.000Z</time></trkpt><trkpt lat="-20.20435946917654" lon="57.46068857072065"><ele>138.1</ele><time>2026-09-24T13:53:34.000Z</time></trkpt><trkpt lat="-20.20435913584321" lon="57.460688104053986"><ele>138.1</ele><time>2026-09-24T13:53:35.000Z</time></trkpt><trkpt lat="-20.204360569176504" lon="57.46068763738731"><ele>137.9</ele><time>2026-09-24T13:53:36.000Z</time></trkpt><trkpt lat="-20.2043620025098" lon="57.46068717072063"><ele>137.9</ele><time>2026-09-24T13:53:37.000Z</time></trkpt><trkpt lat="-20.20436353584311" lon="57.46068663738729"><ele>137.9</ele><time>2026-09-24T13:53:38.000Z</time></trkpt><trkpt lat="-20.204364835843073" lon="57.460686304053944"><ele>137.9</ele><time>2026-09-24T13:53:39.000Z</time></trkpt><trkpt lat="-20.204365969176358" lon="57.460687337387284"><ele>137.9</ele><time>2026-09-24T13:53:40.000Z</time></trkpt><trkpt lat="-20.204366802509657" lon="57.460688137387294"><ele>137.9</ele><time>2026-09-24T13:53:41.000Z</time></trkpt><trkpt lat="-20.204367635842953" lon="57.4606889373873"><ele>137.9</ele><time>2026-09-24T13:53:42.000Z</time></trkpt><trkpt lat="-20.20436780250955" lon="57.46068977072065"><ele>137.9</ele><time>2026-09-24T13:53:43.000Z</time></trkpt><trkpt lat="-20.204368169176167" lon="57.46069083738731"><ele>137.9</ele><time>2026-09-24T13:53:44.000Z</time></trkpt><trkpt lat="-20.204368635842794" lon="57.46069087072061"><ele>137.9</ele><time>2026-09-24T13:53:45.000Z</time></trkpt><trkpt lat="-20.20436796917611" lon="57.460690637387245"><ele>137.8</ele><time>2026-09-24T13:53:46.000Z</time></trkpt><trkpt lat="-20.20436740250943" lon="57.46069013738721"><ele>137.8</ele><time>2026-09-24T13:53:47.000Z</time></trkpt><trkpt lat="-20.20436646917607" lon="57.46069013738721"><ele>137.8</ele><time>2026-09-24T13:53:48.000Z</time></trkpt><trkpt lat="-20.204365069176028" lon="57.460689337387215"><ele>137.8</ele><time>2026-09-24T13:53:49.000Z</time></trkpt><trkpt lat="-20.20436320250929" lon="57.460688604053914"><ele>137.8</ele><time>2026-09-24T13:53:50.000Z</time></trkpt><trkpt lat="-20.204360369175838" lon="57.46068717072061"><ele>137.8</ele><time>2026-09-24T13:53:51.000Z</time></trkpt><trkpt lat="-20.204356235842333" lon="57.460685970720625"><ele>137.8</ele><time>2026-09-24T13:53:52.000Z</time></trkpt><trkpt lat="-20.20435080250892" lon="57.46068350405393"><ele>137.8</ele><time>2026-09-24T13:53:53.000Z</time></trkpt><trkpt lat="-20.204343469175406" lon="57.46068137072058"><ele>137.8</ele><time>2026-09-24T13:53:54.000Z</time></trkpt><trkpt lat="-20.204334569175206" lon="57.46068007072055"><ele>137.8</ele><time>2026-09-24T13:53:55.000Z</time></trkpt><trkpt lat="-20.204324902508322" lon="57.46067860405384"><ele>137.7</ele><time>2026-09-24T13:53:56.000Z</time></trkpt><trkpt lat="-20.204314035841385" lon="57.46067623738712"><ele>137.7</ele><time>2026-09-24T13:53:57.000Z</time></trkpt><trkpt lat="-20.204302369174336" lon="57.460674104053716"><ele>137.7</ele><time>2026-09-24T13:53:58.000Z</time></trkpt><trkpt lat="-20.20429113584077" lon="57.460671304053655"><ele>137.7</ele><time>2026-09-24T13:53:59.000Z</time></trkpt><trkpt lat="-20.20428026917383" lon="57.46066740405358"><ele>137.7</ele><time>2026-09-24T13:54:00.000Z</time></trkpt><trkpt lat="-20.20426920250686" lon="57.46066367072018"><ele>137.7</ele><time>2026-09-24T13:54:01.000Z</time></trkpt><trkpt lat="-20.204258302506606" lon="57.460660737386796"><ele>137.7</ele><time>2026-09-24T13:54:02.000Z</time></trkpt><trkpt lat="-20.204247602506264" lon="57.460657904053434"><ele>137.7</ele><time>2026-09-24T13:54:03.000Z</time></trkpt><trkpt lat="-20.204238069172558" lon="57.460655804053395"><ele>137.7</ele><time>2026-09-24T13:54:04.000Z</time></trkpt><trkpt lat="-20.204230002505575" lon="57.460654104053354"><ele>137.7</ele><time>2026-09-24T13:54:05.000Z</time></trkpt><trkpt lat="-20.20422216917194" lon="57.460653104053335"><ele>137.6</ele><time>2026-09-24T13:54:06.000Z</time></trkpt><trkpt lat="-20.204214335838305" lon="57.46065203738665"><ele>137.6</ele><time>2026-09-24T13:54:07.000Z</time></trkpt><trkpt lat="-20.20420803583814" lon="57.460650904053296"><ele>137.6</ele><time>2026-09-24T13:54:08.000Z</time></trkpt><trkpt lat="-20.204201202504642" lon="57.46064853738657"><ele>137.6</ele><time>2026-09-24T13:54:09.000Z</time></trkpt><trkpt lat="-20.20419336917111" lon="57.46064690405318"><ele>137.6</ele><time>2026-09-24T13:54:10.000Z</time></trkpt><trkpt lat="-20.204185169170955" lon="57.46064500405314"><ele>137.5</ele><time>2026-09-24T13:54:11.000Z</time></trkpt><trkpt lat="-20.20417716917093" lon="57.46064283738642"><ele>137.5</ele><time>2026-09-24T13:54:12.000Z</time></trkpt><trkpt lat="-20.204168802504174" lon="57.46064103738638"><ele>137.5</ele><time>2026-09-24T13:54:13.000Z</time></trkpt><trkpt lat="-20.204160235837385" lon="57.460640504053046"><ele>137.5</ele><time>2026-09-24T13:54:14.000Z</time></trkpt><trkpt lat="-20.204150802504067" lon="57.460640137386385"><ele>137.5</ele><time>2026-09-24T13:54:15.000Z</time></trkpt><trkpt lat="-20.204141335837317" lon="57.46064040405304"><ele>137.5</ele><time>2026-09-24T13:54:16.000Z</time></trkpt><trkpt lat="-20.204131469170516" lon="57.46064143738638"><ele>137.5</ele><time>2026-09-24T13:54:17.000Z</time></trkpt><trkpt lat="-20.204121235837086" lon="57.46064317071974"><ele>137.5</ele><time>2026-09-24T13:54:18.000Z</time></trkpt><trkpt lat="-20.20411036917026" lon="57.46064510405311"><ele>137.5</ele><time>2026-09-24T13:54:19.000Z</time></trkpt><trkpt lat="-20.204099502503425" lon="57.46064697071982"><ele>137.5</ele><time>2026-09-24T13:54:20.000Z</time></trkpt><trkpt lat="-20.20408853583674" lon="57.460648770719864"><ele>137.5</ele><time>2026-09-24T13:54:21.000Z</time></trkpt><trkpt lat="-20.204078002503323" lon="57.46065060405321"><ele>137.5</ele><time>2026-09-24T13:54:22.000Z</time></trkpt><trkpt lat="-20.204067469169907" lon="57.4606526040532"><ele>137.5</ele><time>2026-09-24T13:54:23.000Z</time></trkpt><trkpt lat="-20.20405683583663" lon="57.460655604053194"><ele>137.5</ele><time>2026-09-24T13:54:24.000Z</time></trkpt><trkpt lat="-20.20404576916988" lon="57.46065937071988"><ele>137.5</ele><time>2026-09-24T13:54:25.000Z</time></trkpt><trkpt lat="-20.20403416916979" lon="57.460663804053254"><ele>137.5</ele><time>2026-09-24T13:54:26.000Z</time></trkpt><trkpt lat="-20.204022769169836" lon="57.46066837071997"><ele>137.5</ele><time>2026-09-24T13:54:27.000Z</time></trkpt><trkpt lat="-20.20401173583651" lon="57.46067327072003"><ele>137.5</ele><time>2026-09-24T13:54:28.000Z</time></trkpt><trkpt lat="-20.20400083583646" lon="57.46067833738681"><ele>137.5</ele><time>2026-09-24T13:54:29.000Z</time></trkpt><trkpt lat="-20.203990802503164" lon="57.460684070720234"><ele>137.5</ele><time>2026-09-24T13:54:30.000Z</time></trkpt><trkpt lat="-20.203981402503057" lon="57.46069057072035"><ele>137.6</ele><time>2026-09-24T13:54:31.000Z</time></trkpt><trkpt lat="-20.20397163583611" lon="57.46069810405379"><ele>137.6</ele><time>2026-09-24T13:54:32.000Z</time></trkpt><trkpt lat="-20.20396180250252" lon="57.460705370720575"><ele>137.6</ele><time>2026-09-24T13:54:33.000Z</time></trkpt><trkpt lat="-20.203952935835638" lon="57.46071250405404"><ele>137.6</ele><time>2026-09-24T13:54:34.000Z</time></trkpt><trkpt lat="-20.203944835835443" lon="57.460718970720826"><ele>137.6</ele><time>2026-09-24T13:54:35.000Z</time></trkpt><trkpt lat="-20.203936902501955" lon="57.46072493738755"><ele>137.6</ele><time>2026-09-24T13:54:36.000Z</time></trkpt><trkpt lat="-20.203929369168517" lon="57.46073060405431"><ele>137.6</ele><time>2026-09-24T13:54:37.000Z</time></trkpt><trkpt lat="-20.203921535835097" lon="57.46073687072108"><ele>137.6</ele><time>2026-09-24T13:54:38.000Z</time></trkpt><trkpt lat="-20.203913502501646" lon="57.460742970721114"><ele>137.6</ele><time>2026-09-24T13:54:39.000Z</time></trkpt><trkpt lat="-20.20390490250143" lon="57.46074893738781"><ele>137.6</ele><time>2026-09-24T13:54:40.000Z</time></trkpt><trkpt lat="-20.203896335834646" lon="57.46075487072119"><ele>137.4</ele><time>2026-09-24T13:54:41.000Z</time></trkpt><trkpt lat="-20.203888035834527" lon="57.46076130405457"><ele>137.4</ele><time>2026-09-24T13:54:42.000Z</time></trkpt><trkpt lat="-20.203880335834384" lon="57.460767504054594"><ele>137.4</ele><time>2026-09-24T13:54:43.000Z</time></trkpt><trkpt lat="-20.203872402500895" lon="57.46077400405462"><ele>137.4</ele><time>2026-09-24T13:54:44.000Z</time></trkpt><trkpt lat="-20.203864935834098" lon="57.460780804054686"><ele>137.4</ele><time>2026-09-24T13:54:45.000Z</time></trkpt><trkpt lat="-20.20385796916732" lon="57.46078767072142"><ele>137.3</ele><time>2026-09-24T13:54:46.000Z</time></trkpt><trkpt lat="-20.2038509358339" lon="57.46079457072143"><ele>137.3</ele><time>2026-09-24T13:54:47.000Z</time></trkpt><trkpt lat="-20.20384386916716" lon="57.460802670721556"><ele>137.3</ele><time>2026-09-24T13:54:48.000Z</time></trkpt><trkpt lat="-20.20383750250046" lon="57.460811404055015"><ele>137.3</ele><time>2026-09-24T13:54:49.000Z</time></trkpt><trkpt lat="-20.20383173583379" lon="57.46082093738837"><ele>137.3</ele><time>2026-09-24T13:54:50.000Z</time></trkpt><trkpt lat="-20.203825835833733" lon="57.46083103738837"><ele>137.1</ele><time>2026-09-24T13:54:51.000Z</time></trkpt><trkpt lat="-20.20382033583373" lon="57.46084153738839"><ele>137.1</ele><time>2026-09-24T13:54:52.000Z</time></trkpt><trkpt lat="-20.20381523583373" lon="57.46085193738829"><ele>137.1</ele><time>2026-09-24T13:54:53.000Z</time></trkpt><trkpt lat="-20.20381066916701" lon="57.460862637388274"><ele>137.1</ele><time>2026-09-24T13:54:54.000Z</time></trkpt><trkpt lat="-20.20380606916697" lon="57.460873170721676"><ele>137.1</ele><time>2026-09-24T13:54:55.000Z</time></trkpt><trkpt lat="-20.20380216916697" lon="57.46088370405514"><ele>137.0</ele><time>2026-09-24T13:54:56.000Z</time></trkpt><trkpt lat="-20.20379870250024" lon="57.46089503738868"><ele>137.0</ele><time>2026-09-24T13:54:57.000Z</time></trkpt><trkpt lat="-20.203796069166874" lon="57.46090630405562"><ele>137.0</ele><time>2026-09-24T13:54:58.000Z</time></trkpt><trkpt lat="-20.203793169166836" lon="57.46091773738907"><ele>137.0</ele><time>2026-09-24T13:54:59.000Z</time></trkpt><trkpt lat="-20.203791102500137" lon="57.46092937072259"><ele>137.0</ele><time>2026-09-24T13:55:00.000Z</time></trkpt><trkpt lat="-20.203789935833424" lon="57.46094143738934"><ele>137.0</ele><time>2026-09-24T13:55:01.000Z</time></trkpt><trkpt lat="-20.203789302500077" lon="57.46095340405607"><ele>137.0</ele><time>2026-09-24T13:55:02.000Z</time></trkpt><trkpt lat="-20.203789202500072" lon="57.46096533738945"><ele>137.0</ele><time>2026-09-24T13:55:03.000Z</time></trkpt><trkpt lat="-20.20379036916677" lon="57.46097707072304"><ele>137.0</ele><time>2026-09-24T13:55:04.000Z</time></trkpt><trkpt lat="-20.203792135833485" lon="57.46098907072333"><ele>137.0</ele><time>2026-09-24T13:55:05.000Z</time></trkpt><trkpt lat="-20.203794702500225" lon="57.46100113739035"><ele>137.1</ele><time>2026-09-24T13:55:06.000Z</time></trkpt><trkpt lat="-20.203798405530595" lon="57.461012797996716"><ele>137.1</ele><time>2026-09-24T13:55:07.000Z</time></trkpt><trkpt lat="-20.203802423712478" lon="57.46102457375461"><ele>137.1</ele><time>2026-09-24T13:55:08.000Z</time></trkpt><trkpt lat="-20.203806690379206" lon="57.461036294966945"><ele>137.1</ele><time>2026-09-24T13:55:09.000Z</time></trkpt><trkpt lat="-20.20381106613684" lon="57.461047901027726"><ele>137.1</ele><time>2026-09-24T13:55:10.000Z</time></trkpt><trkpt lat="-20.20381548431869" lon="57.46105946466429"><ele>137.2</ele><time>2026-09-24T13:55:11.000Z</time></trkpt><trkpt lat="-20.20381978128847" lon="57.46107086769495"><ele>137.2</ele><time>2026-09-24T13:55:12.000Z</time></trkpt><trkpt lat="-20.20382432674305" lon="57.46108232224065"><ele>137.2</ele><time>2026-09-24T13:55:13.000Z</time></trkpt><trkpt lat="-20.203829038864303" lon="57.461093852543904"><ele>137.2</ele><time>2026-09-24T13:55:14.000Z</time></trkpt><trkpt lat="-20.203834220682538" lon="57.461105352544045"><ele>137.2</ele><time>2026-09-24T13:55:15.000Z</time></trkpt><trkpt lat="-20.203839814621983" lon="57.461116510119936"><ele>137.2</ele><time>2026-09-24T13:55:16.000Z</time></trkpt><trkpt lat="-20.203844820682644" lon="57.4611280070899"><ele>137.2</ele><time>2026-09-24T13:55:17.000Z</time></trkpt><trkpt lat="-20.2038502903797" lon="57.46113993739308"><ele>137.2</ele><time>2026-09-24T13:55:18.000Z</time></trkpt><trkpt lat="-20.203855975228283" lon="57.46115176163555"><ele>137.2</ele><time>2026-09-24T13:55:19.000Z</time></trkpt><trkpt lat="-20.203861960076814" lon="57.461163267696215"><ele>137.2</ele><time>2026-09-24T13:55:20.000Z</time></trkpt><trkpt lat="-20.20386796916774" lon="57.4611742040599"><ele>137.3</ele><time>2026-09-24T13:55:21.000Z</time></trkpt><trkpt lat="-20.203874702501068" lon="57.46118467072648"><ele>137.3</ele><time>2026-09-24T13:55:22.000Z</time></trkpt><trkpt lat="-20.20388193583441" lon="57.461194537393204"><ele>137.3</ele><time>2026-09-24T13:55:23.000Z</time></trkpt><trkpt lat="-20.203889769167724" lon="57.46120477072675"><ele>137.3</ele><time>2026-09-24T13:55:24.000Z</time></trkpt><trkpt lat="-20.20389756916772" lon="57.461214970726985"><ele>137.3</ele><time>2026-09-24T13:55:25.000Z</time></trkpt><trkpt lat="-20.203905469167786" lon="57.461225170727175"><ele>137.4</ele><time>2026-09-24T13:55:26.000Z</time></trkpt><trkpt lat="-20.20391346916792" lon="57.46123520406068"><ele>137.4</ele><time>2026-09-24T13:55:27.000Z</time></trkpt><trkpt lat="-20.203921569168116" lon="57.46124467072745"><ele>137.4</ele><time>2026-09-24T13:55:28.000Z</time></trkpt><trkpt lat="-20.203929635835102" lon="57.4612538040609"><ele>137.4</ele><time>2026-09-24T13:55:29.000Z</time></trkpt><trkpt lat="-20.20393830250217" lon="57.4612627707276"><ele>137.4</ele><time>2026-09-24T13:55:30.000Z</time></trkpt><trkpt lat="-20.203947269169223" lon="57.46127117072772"><ele>137.5</ele><time>2026-09-24T13:55:31.000Z</time></trkpt><trkpt lat="-20.203956402502875" lon="57.46127900406119"><ele>137.5</ele><time>2026-09-24T13:55:32.000Z</time></trkpt><trkpt lat="-20.203965369169826" lon="57.46128697072802"><ele>137.5</ele><time>2026-09-24T13:55:33.000Z</time></trkpt><trkpt lat="-20.20397456917012" lon="57.461295070728156"><ele>137.5</ele><time>2026-09-24T13:55:34.000Z</time></trkpt><trkpt lat="-20.203983835837054" lon="57.46130300406162"><ele>137.5</ele><time>2026-09-24T13:55:35.000Z</time></trkpt><trkpt lat="-20.203993369170547" lon="57.461311104061664"><ele>137.5</ele><time>2026-09-24T13:55:36.000Z</time></trkpt><trkpt lat="-20.20400300250411" lon="57.46131913739508"><ele>137.5</ele><time>2026-09-24T13:55:37.000Z</time></trkpt><trkpt lat="-20.204012735837523" lon="57.461326670728454"><ele>137.5</ele><time>2026-09-24T13:55:38.000Z</time></trkpt><trkpt lat="-20.20402100250416" lon="57.46133357072843"><ele>137.5</ele><time>2026-09-24T13:55:39.000Z</time></trkpt><trkpt lat="-20.204028535837438" lon="57.46134163739521"><ele>137.5</ele><time>2026-09-24T13:55:40.000Z</time></trkpt><trkpt lat="-20.20403486917082" lon="57.461350670728606"><ele>137.6</ele><time>2026-09-24T13:55:41.000Z</time></trkpt><trkpt lat="-20.20404046917083" lon="57.461361070728614"><ele>137.6</ele><time>2026-09-24T13:55:42.000Z</time></trkpt><trkpt lat="-20.204045035837606" lon="57.461372404061976"><ele>137.6</ele><time>2026-09-24T13:55:43.000Z</time></trkpt><trkpt lat="-20.204050435837758" lon="57.4613835707287"><ele>137.6</ele><time>2026-09-24T13:55:44.000Z</time></trkpt><trkpt lat="-20.204056035837937" lon="57.461393637395304"><ele>137.6</ele><time>2026-09-24T13:55:45.000Z</time></trkpt><trkpt lat="-20.204062402504743" lon="57.461403570728656"><ele>137.6</ele><time>2026-09-24T13:55:46.000Z</time></trkpt><trkpt lat="-20.204068902504833" lon="57.46141313739535"><ele>137.6</ele><time>2026-09-24T13:55:47.000Z</time></trkpt><trkpt lat="-20.204076202504815" lon="57.46142203739536"><ele>137.6</ele><time>2026-09-24T13:55:48.000Z</time></trkpt><trkpt lat="-20.20408376917146" lon="57.46143080406205"><ele>137.6</ele><time>2026-09-24T13:55:49.000Z</time></trkpt><trkpt lat="-20.20409136917143" lon="57.461439904062104"><ele>137.6</ele><time>2026-09-24T13:55:50.000Z</time></trkpt><trkpt lat="-20.204098735838052" lon="57.4614489040621"><ele>137.6</ele><time>2026-09-24T13:55:51.000Z</time></trkpt><trkpt lat="-20.204106269171383" lon="57.46145760406208"><ele>137.6</ele><time>2026-09-24T13:55:52.000Z</time></trkpt><trkpt lat="-20.20411256917144" lon="57.46146723739552"><ele>137.6</ele><time>2026-09-24T13:55:53.000Z</time></trkpt><trkpt lat="-20.20411793583811" lon="57.46147777072898"><ele>137.6</ele><time>2026-09-24T13:55:54.000Z</time></trkpt><trkpt lat="-20.204122902504725" lon="57.4614879373958"><ele>137.6</ele><time>2026-09-24T13:55:55.000Z</time></trkpt><trkpt lat="-20.204128102504686" lon="57.461498204062615"><ele>137.5</ele><time>2026-09-24T13:55:56.000Z</time></trkpt><trkpt lat="-20.2041330691713" lon="57.46150893739607"><ele>137.5</ele><time>2026-09-24T13:55:57.000Z</time></trkpt><trkpt lat="-20.20413836917122" lon="57.46151920406264"><ele>137.5</ele><time>2026-09-24T13:55:58.000Z</time></trkpt><trkpt lat="-20.204143035837802" lon="57.46152970406255"><ele>137.5</ele><time>2026-09-24T13:55:59.000Z</time></trkpt><trkpt lat="-20.204147569171106" lon="57.461540170729094"><ele>137.5</ele><time>2026-09-24T13:56:00.000Z</time></trkpt><trkpt lat="-20.20415156917108" lon="57.46155050406243"><ele>137.5</ele><time>2026-09-24T13:56:01.000Z</time></trkpt><trkpt lat="-20.204155269171064" lon="57.46155983739586"><ele>137.5</ele><time>2026-09-24T13:56:02.000Z</time></trkpt><trkpt lat="-20.204158402504422" lon="57.46156893739611"><ele>137.5</ele><time>2026-09-24T13:56:03.000Z</time></trkpt><trkpt lat="-20.204162202504435" lon="57.4615781373963"><ele>137.5</ele><time>2026-09-24T13:56:04.000Z</time></trkpt><trkpt lat="-20.20416533583778" lon="57.4615875373965"><ele>137.5</ele><time>2026-09-24T13:56:05.000Z</time></trkpt><trkpt lat="-20.204167869171144" lon="57.46159730406339"><ele>137.5</ele><time>2026-09-24T13:56:06.000Z</time></trkpt><trkpt lat="-20.204169869171174" lon="57.4616074373969"><ele>137.5</ele><time>2026-09-24T13:56:07.000Z</time></trkpt><trkpt lat="-20.204172269171238" lon="57.461617904063644"><ele>137.5</ele><time>2026-09-24T13:56:08.000Z</time></trkpt><trkpt lat="-20.204174502504646" lon="57.46162773739701"><ele>137.5</ele><time>2026-09-24T13:56:09.000Z</time></trkpt><trkpt lat="-20.204176935838028" lon="57.46163813739698"><ele>137.5</ele><time>2026-09-24T13:56:10.000Z</time></trkpt><trkpt lat="-20.204179835838048" lon="57.461648337396845"><ele>137.5</ele><time>2026-09-24T13:56:11.000Z</time></trkpt><trkpt lat="-20.204183002504738" lon="57.461659037396714"><ele>137.5</ele><time>2026-09-24T13:56:12.000Z</time></trkpt><trkpt lat="-20.204185969171398" lon="57.46167003739657"><ele>137.5</ele><time>2026-09-24T13:56:13.000Z</time></trkpt><trkpt lat="-20.204188869171425" lon="57.4616809040632"><ele>137.5</ele><time>2026-09-24T13:56:14.000Z</time></trkpt><trkpt lat="-20.20419196917147" lon="57.46169160406312"><ele>137.5</ele><time>2026-09-24T13:56:15.000Z</time></trkpt><trkpt lat="-20.20419490250487" lon="57.46170237072978"><ele>137.5</ele><time>2026-09-24T13:56:16.000Z</time></trkpt><trkpt lat="-20.20419753583825" lon="57.4617118040631"><ele>137.5</ele><time>2026-09-24T13:56:17.000Z</time></trkpt><trkpt lat="-20.204200035838298" lon="57.4617193707298"><ele>137.5</ele><time>2026-09-24T13:56:18.000Z</time></trkpt><trkpt lat="-20.20420223583833" lon="57.46172580406312"><ele>137.5</ele><time>2026-09-24T13:56:19.000Z</time></trkpt><trkpt lat="-20.20420326917168" lon="57.461731704063176"><ele>137.5</ele><time>2026-09-24T13:56:20.000Z</time></trkpt><trkpt lat="-20.204204435838363" lon="57.461736704063206"><ele>137.5</ele><time>2026-09-24T13:56:21.000Z</time></trkpt><trkpt lat="-20.204206069171715" lon="57.46174283739655"><ele>137.5</ele><time>2026-09-24T13:56:22.000Z</time></trkpt><trkpt lat="-20.204207969171733" lon="57.46175103739671"><ele>137.5</ele><time>2026-09-24T13:56:23.000Z</time></trkpt><trkpt lat="-20.204209935838417" lon="57.46176150406359"><ele>137.5</ele><time>2026-09-24T13:56:24.000Z</time></trkpt><trkpt lat="-20.20421280250512" lon="57.46177280406384"><ele>137.5</ele><time>2026-09-24T13:56:25.000Z</time></trkpt><trkpt lat="-20.20421576917183" lon="57.46178497073079"><ele>137.5</ele><time>2026-09-24T13:56:26.000Z</time></trkpt><trkpt lat="-20.204218635838533" lon="57.461797137397696"><ele>137.5</ele><time>2026-09-24T13:56:27.000Z</time></trkpt><trkpt lat="-20.204221102505233" lon="57.46180937073118"><ele>137.5</ele><time>2026-09-24T13:56:28.000Z</time></trkpt><trkpt lat="-20.204223369171917" lon="57.46182110406469"><ele>137.5</ele><time>2026-09-24T13:56:29.000Z</time></trkpt><trkpt lat="-20.204225635838604" lon="57.46183277073159"><ele>137.5</ele><time>2026-09-24T13:56:30.000Z</time></trkpt><trkpt lat="-20.204227335838606" lon="57.461844170731844"><ele>137.5</ele><time>2026-09-24T13:56:31.000Z</time></trkpt><trkpt lat="-20.204228635838625" lon="57.461856137398755"><ele>137.5</ele><time>2026-09-24T13:56:32.000Z</time></trkpt><trkpt lat="-20.204230035838656" lon="57.46186770406573"><ele>137.5</ele><time>2026-09-24T13:56:33.000Z</time></trkpt><trkpt lat="-20.204231669172025" lon="57.46187937073255"><ele>137.5</ele><time>2026-09-24T13:56:34.000Z</time></trkpt><trkpt lat="-20.204233402505402" lon="57.461891104066055"><ele>137.5</ele><time>2026-09-24T13:56:35.000Z</time></trkpt><trkpt lat="-20.204235169172126" lon="57.46190397073294"><ele>137.6</ele><time>2026-09-24T13:56:36.000Z</time></trkpt><trkpt lat="-20.204237235838878" lon="57.461916570733266"><ele>137.6</ele><time>2026-09-24T13:56:37.000Z</time></trkpt><trkpt lat="-20.204239169172297" lon="57.46192927073346"><ele>137.6</ele><time>2026-09-24T13:56:38.000Z</time></trkpt><trkpt lat="-20.204240502505712" lon="57.4619417040671"><ele>137.6</ele><time>2026-09-24T13:56:39.000Z</time></trkpt><trkpt lat="-20.204240902505767" lon="57.46195440406733"><ele>137.6</ele><time>2026-09-24T13:56:40.000Z</time></trkpt><trkpt lat="-20.204241402505808" lon="57.46196660406757"><ele>137.6</ele><time>2026-09-24T13:56:41.000Z</time></trkpt><trkpt lat="-20.20424176917249" lon="57.46197857073454"><ele>137.6</ele><time>2026-09-24T13:56:42.000Z</time></trkpt><trkpt lat="-20.204242269172504" lon="57.461990170734865"><ele>137.6</ele><time>2026-09-24T13:56:43.000Z</time></trkpt><trkpt lat="-20.204243269172533" lon="57.46200170406843"><ele>137.6</ele><time>2026-09-24T13:56:44.000Z</time></trkpt><trkpt lat="-20.20424533583926" lon="57.462012604068676"><ele>137.6</ele><time>2026-09-24T13:56:45.000Z</time></trkpt><trkpt lat="-20.20424733583932" lon="57.462023570735425"><ele>137.7</ele><time>2026-09-24T13:56:46.000Z</time></trkpt><trkpt lat="-20.20424946917274" lon="57.46203497073535"><ele>137.7</ele><time>2026-09-24T13:56:47.000Z</time></trkpt><trkpt lat="-20.204251402506145" lon="57.46204693740206"><ele>137.7</ele><time>2026-09-24T13:56:48.000Z</time></trkpt><trkpt lat="-20.204253369172868" lon="57.46205873740213"><ele>137.7</ele><time>2026-09-24T13:56:49.000Z</time></trkpt><trkpt lat="-20.204255002506233" lon="57.462071304068914"><ele>137.7</ele><time>2026-09-24T13:56:50.000Z</time></trkpt><trkpt lat="-20.20425673583961" lon="57.462084304069116"><ele>137.7</ele><time>2026-09-24T13:56:51.000Z</time></trkpt><trkpt lat="-20.20425823583964" lon="57.46209720406948"><ele>137.7</ele><time>2026-09-24T13:56:52.000Z</time></trkpt><trkpt lat="-20.204260002506352" lon="57.462109504069794"><ele>137.7</ele><time>2026-09-24T13:56:53.000Z</time></trkpt><trkpt lat="-20.204262102506398" lon="57.4621218374034"><ele>137.7</ele><time>2026-09-24T13:56:54.000Z</time></trkpt><trkpt lat="-20.204264335839774" lon="57.46213363740369"><ele>137.7</ele><time>2026-09-24T13:56:55.000Z</time></trkpt><trkpt lat="-20.204266569173157" lon="57.46214480407069"><ele>137.6</ele><time>2026-09-24T13:56:56.000Z</time></trkpt><trkpt lat="-20.204268835839855" lon="57.46215567073748"><ele>137.6</ele><time>2026-09-24T13:56:57.000Z</time></trkpt><trkpt lat="-20.20427070250654" lon="57.46216633740422"><ele>137.6</ele><time>2026-09-24T13:56:58.000Z</time></trkpt><trkpt lat="-20.204272135839904" lon="57.4621775707378"><ele>137.6</ele><time>2026-09-24T13:56:59.000Z</time></trkpt><trkpt lat="-20.20427353583995" lon="57.46218877073785"><ele>137.6</ele><time>2026-09-24T13:57:00.000Z</time></trkpt><trkpt lat="-20.20427483583998" lon="57.46220000407119"><ele>137.6</ele><time>2026-09-24T13:57:01.000Z</time></trkpt><trkpt lat="-20.204275769173343" lon="57.46221123740462"><ele>137.6</ele><time>2026-09-24T13:57:02.000Z</time></trkpt><trkpt lat="-20.204276869173373" lon="57.462223037404705"><ele>137.6</ele><time>2026-09-24T13:57:03.000Z</time></trkpt><trkpt lat="-20.20427803584007" lon="57.46223400407138"><ele>137.6</ele><time>2026-09-24T13:57:04.000Z</time></trkpt><trkpt lat="-20.204278802506753" lon="57.462244837404754"><ele>137.6</ele><time>2026-09-24T13:57:05.000Z</time></trkpt><trkpt lat="-20.204279169173436" lon="57.46225530407143"><ele>137.6</ele><time>2026-09-24T13:57:06.000Z</time></trkpt><trkpt lat="-20.204278869173436" lon="57.46226647073801"><ele>137.6</ele><time>2026-09-24T13:57:07.000Z</time></trkpt><trkpt lat="-20.204278569173432" lon="57.462277770737956"><ele>137.6</ele><time>2026-09-24T13:57:08.000Z</time></trkpt><trkpt lat="-20.20427836917342" lon="57.46228927073785"><ele>137.6</ele><time>2026-09-24T13:57:09.000Z</time></trkpt><trkpt lat="-20.204278335840073" lon="57.462300537404474"><ele>137.6</ele><time>2026-09-24T13:57:10.000Z</time></trkpt><trkpt lat="-20.204278769173392" lon="57.462312037404466"><ele>137.5</ele><time>2026-09-24T13:57:11.000Z</time></trkpt><trkpt lat="-20.204280635840064" lon="57.46232197073791"><ele>137.5</ele><time>2026-09-24T13:57:12.000Z</time></trkpt><trkpt lat="-20.204281935840054" lon="57.46233147073815"><ele>137.5</ele><time>2026-09-24T13:57:13.000Z</time></trkpt><trkpt lat="-20.204283035840042" lon="57.46234180407178"><ele>137.5</ele><time>2026-09-24T13:57:14.000Z</time></trkpt><trkpt lat="-20.2042838025067" lon="57.462352837405476"><ele>137.5</ele><time>2026-09-24T13:57:15.000Z</time></trkpt><trkpt lat="-20.204283669173368" lon="57.4623633374059"><ele>137.3</ele><time>2026-09-24T13:57:16.000Z</time></trkpt><trkpt lat="-20.20428316917338" lon="57.46237493740638"><ele>137.3</ele><time>2026-09-24T13:57:17.000Z</time></trkpt><trkpt lat="-20.20428320250674" lon="57.46238693740677"><ele>137.3</ele><time>2026-09-24T13:57:18.000Z</time></trkpt><trkpt lat="-20.20428346917345" lon="57.46239810407387"><ele>137.3</ele><time>2026-09-24T13:57:19.000Z</time></trkpt><trkpt lat="-20.20428413584016" lon="57.46240877074083"><ele>137.3</ele><time>2026-09-24T13:57:20.000Z</time></trkpt><trkpt lat="-20.20428533584019" lon="57.46242050407452"><ele>137.3</ele><time>2026-09-24T13:57:21.000Z</time></trkpt><trkpt lat="-20.204287235840237" lon="57.46243273740824"><ele>137.3</ele><time>2026-09-24T13:57:22.000Z</time></trkpt><trkpt lat="-20.204288802506948" lon="57.46244467074191"><ele>137.3</ele><time>2026-09-24T13:57:23.000Z</time></trkpt><trkpt lat="-20.204289469173617" lon="57.46245667074227"><ele>137.3</ele><time>2026-09-24T13:57:24.000Z</time></trkpt><trkpt lat="-20.204289735840284" lon="57.46246850407609"><ele>137.3</ele><time>2026-09-24T13:57:25.000Z</time></trkpt><trkpt lat="-20.204290269173633" lon="57.46247973740979"><ele>137.1</ele><time>2026-09-24T13:57:26.000Z</time></trkpt><trkpt lat="-20.204289602506954" lon="57.46249037074335"><ele>137.1</ele><time>2026-09-24T13:57:27.000Z</time></trkpt><trkpt lat="-20.204289369173605" lon="57.462501337410245"><ele>137.1</ele><time>2026-09-24T13:57:28.000Z</time></trkpt><trkpt lat="-20.204290169173607" lon="57.462512137410314"><ele>137.1</ele><time>2026-09-24T13:57:29.000Z</time></trkpt><trkpt lat="-20.20429130250694" lon="57.4625231374102"><ele>137.1</ele><time>2026-09-24T13:57:30.000Z</time></trkpt><trkpt lat="-20.204292235840263" lon="57.46253417074333"><ele>137.1</ele><time>2026-09-24T13:57:31.000Z</time></trkpt><trkpt lat="-20.204293469173585" lon="57.462545204076534"><ele>137.1</ele><time>2026-09-24T13:57:32.000Z</time></trkpt><trkpt lat="-20.204294569173577" lon="57.462556370743016"><ele>137.1</ele><time>2026-09-24T13:57:33.000Z</time></trkpt><trkpt lat="-20.20429500250691" lon="57.46256773740955"><ele>137.1</ele><time>2026-09-24T13:57:34.000Z</time></trkpt><trkpt lat="-20.20429530250691" lon="57.46257910407612"><ele>137.1</ele><time>2026-09-24T13:57:35.000Z</time></trkpt><trkpt lat="-20.204295669173582" lon="57.4625908040761"><ele>137.1</ele><time>2026-09-24T13:57:36.000Z</time></trkpt><trkpt lat="-20.204296735840252" lon="57.4626026707427"><ele>137.1</ele><time>2026-09-24T13:57:37.000Z</time></trkpt><trkpt lat="-20.204298269173616" lon="57.462614137409375"><ele>137.1</ele><time>2026-09-24T13:57:38.000Z</time></trkpt><trkpt lat="-20.20430056917365" lon="57.46262577074276"><ele>137.1</ele><time>2026-09-24T13:57:39.000Z</time></trkpt><trkpt lat="-20.204303235840367" lon="57.46263747074289"><ele>137.1</ele><time>2026-09-24T13:57:40.000Z</time></trkpt><trkpt lat="-20.204306469173748" lon="57.46264853740981"><ele>137.2</ele><time>2026-09-24T13:57:41.000Z</time></trkpt><trkpt lat="-20.204309402507143" lon="57.46265930407675"><ele>137.2</ele><time>2026-09-24T13:57:42.000Z</time></trkpt><trkpt lat="-20.20431196917385" lon="57.462670304077086"><ele>137.2</ele><time>2026-09-24T13:57:43.000Z</time></trkpt><trkpt lat="-20.204314402507233" lon="57.46268060407732"><ele>137.2</ele><time>2026-09-24T13:57:44.000Z</time></trkpt><trkpt lat="-20.204316602507266" lon="57.462690870744325"><ele>137.2</ele><time>2026-09-24T13:57:45.000Z</time></trkpt><trkpt lat="-20.20431836917398" lon="57.462701504077856"><ele>137.3</ele><time>2026-09-24T13:57:46.000Z</time></trkpt><trkpt lat="-20.204318835840674" lon="57.46271180407807"><ele>137.3</ele><time>2026-09-24T13:57:47.000Z</time></trkpt><trkpt lat="-20.20431903584069" lon="57.462722037411496"><ele>137.3</ele><time>2026-09-24T13:57:48.000Z</time></trkpt><trkpt lat="-20.2043190358407" lon="57.462732370744945"><ele>137.3</ele><time>2026-09-24T13:57:49.000Z</time></trkpt><trkpt lat="-20.204318569174045" lon="57.46274253741156"><ele>137.3</ele><time>2026-09-24T13:57:50.000Z</time></trkpt><trkpt lat="-20.20431803584071" lon="57.462752937411565"><ele>137.3</ele><time>2026-09-24T13:57:51.000Z</time></trkpt><trkpt lat="-20.204318369174043" lon="57.46276427074481"><ele>137.3</ele><time>2026-09-24T13:57:52.000Z</time></trkpt><trkpt lat="-20.204319135840713" lon="57.46277513741145"><ele>137.3</ele><time>2026-09-24T13:57:53.000Z</time></trkpt><trkpt lat="-20.20431906917403" lon="57.462786604078204"><ele>137.3</ele><time>2026-09-24T13:57:54.000Z</time></trkpt><trkpt lat="-20.204319802507378" lon="57.46279810407835"><ele>137.3</ele><time>2026-09-24T13:57:55.000Z</time></trkpt><trkpt lat="-20.204320802507407" lon="57.462809604078565"><ele>137.3</ele><time>2026-09-24T13:57:56.000Z</time></trkpt><trkpt lat="-20.204321769174108" lon="57.46282073741222"><ele>137.3</ele><time>2026-09-24T13:57:57.000Z</time></trkpt><trkpt lat="-20.204322202507466" lon="57.46283217074597"><ele>137.3</ele><time>2026-09-24T13:57:58.000Z</time></trkpt><trkpt lat="-20.20432300250751" lon="57.462843637412945"><ele>137.3</ele><time>2026-09-24T13:57:59.000Z</time></trkpt><trkpt lat="-20.20432326917419" lon="57.46285490407995"><ele>137.3</ele><time>2026-09-24T13:58:00.000Z</time></trkpt><trkpt lat="-20.20432320250752" lon="57.46286613741356"><ele>137.2</ele><time>2026-09-24T13:58:01.000Z</time></trkpt><trkpt lat="-20.204323569174214" lon="57.462876937413704"><ele>137.2</ele><time>2026-09-24T13:58:02.000Z</time></trkpt><trkpt lat="-20.204324002507576" lon="57.46288787074708"><ele>137.2</ele><time>2026-09-24T13:58:03.000Z</time></trkpt><trkpt lat="-20.20432483584094" lon="57.46289857074727"><ele>137.2</ele><time>2026-09-24T13:58:04.000Z</time></trkpt><trkpt lat="-20.2043257691743" lon="57.46290983741418"><ele>137.2</ele><time>2026-09-24T13:58:05.000Z</time></trkpt><trkpt lat="-20.20432676917433" lon="57.46292130408095"><ele>137.1</ele><time>2026-09-24T13:58:06.000Z</time></trkpt><trkpt lat="-20.204327235841" lon="57.46293323741446"><ele>137.1</ele><time>2026-09-24T13:58:07.000Z</time></trkpt><trkpt lat="-20.204327369174333" lon="57.46294507074798"><ele>137.1</ele><time>2026-09-24T13:58:08.000Z</time></trkpt><trkpt lat="-20.204327735841012" lon="57.46295683741469"><ele>137.1</ele><time>2026-09-24T13:58:09.000Z</time></trkpt><trkpt lat="-20.204328735841028" lon="57.462968204081356"><ele>137.1</ele><time>2026-09-24T13:58:10.000Z</time></trkpt><trkpt lat="-20.204330302507742" lon="57.462979270748065"><ele>136.9</ele><time>2026-09-24T13:58:11.000Z</time></trkpt><trkpt lat="-20.204331769174452" lon="57.46298957074814"><ele>136.9</ele><time>2026-09-24T13:58:12.000Z</time></trkpt><trkpt lat="-20.204333535841165" lon="57.462999604081574"><ele>136.9</ele><time>2026-09-24T13:58:13.000Z</time></trkpt><trkpt lat="-20.204334169174512" lon="57.46301027074842"><ele>136.9</ele><time>2026-09-24T13:58:14.000Z</time></trkpt><trkpt lat="-20.20433383584119" lon="57.463021470748586"><ele>136.9</ele><time>2026-09-24T13:58:15.000Z</time></trkpt><trkpt lat="-20.204332935841176" lon="57.46303263741554"><ele>136.8</ele><time>2026-09-24T13:58:16.000Z</time></trkpt><trkpt lat="-20.204331869174492" lon="57.463043937415776"><ele>136.8</ele><time>2026-09-24T13:58:17.000Z</time></trkpt><trkpt lat="-20.204331102507812" lon="57.463054704082666"><ele>136.8</ele><time>2026-09-24T13:58:18.000Z</time></trkpt><trkpt lat="-20.204331435841173" lon="57.46306463741617"><ele>136.8</ele><time>2026-09-24T13:58:19.000Z</time></trkpt><trkpt lat="-20.204332569174547" lon="57.46307423741622"><ele>136.8</ele><time>2026-09-24T13:58:20.000Z</time></trkpt><trkpt lat="-20.204333469174593" lon="57.46308380408294"><ele>136.7</ele><time>2026-09-24T13:58:21.000Z</time></trkpt><trkpt lat="-20.204334535841305" lon="57.463093337416424"><ele>136.7</ele><time>2026-09-24T13:58:22.000Z</time></trkpt><trkpt lat="-20.204334835841358" lon="57.46310383741661"><ele>136.7</ele><time>2026-09-24T13:58:23.000Z</time></trkpt><trkpt lat="-20.204334635841384" lon="57.46311460408346"><ele>136.7</ele><time>2026-09-24T13:58:24.000Z</time></trkpt><trkpt lat="-20.20433403584141" lon="57.463125737416945"><ele>136.7</ele><time>2026-09-24T13:58:25.000Z</time></trkpt><trkpt lat="-20.204333169174767" lon="57.46313723741705"><ele>136.7</ele><time>2026-09-24T13:58:26.000Z</time></trkpt><trkpt lat="-20.20433256917479" lon="57.463149604083846"><ele>136.7</ele><time>2026-09-24T13:58:27.000Z</time></trkpt><trkpt lat="-20.204332902508153" lon="57.463161437417206"><ele>136.7</ele><time>2026-09-24T13:58:28.000Z</time></trkpt><trkpt lat="-20.204332869174845" lon="57.46317370408385"><ele>136.7</ele><time>2026-09-24T13:58:29.000Z</time></trkpt><trkpt lat="-20.204331702508227" lon="57.463185937417315"><ele>136.7</ele><time>2026-09-24T13:58:30.000Z</time></trkpt><trkpt lat="-20.20433040250825" lon="57.46319770408401"><ele>136.7</ele><time>2026-09-24T13:58:31.000Z</time></trkpt><trkpt lat="-20.20432863584159" lon="57.46320877075074"><ele>136.7</ele><time>2026-09-24T13:58:32.000Z</time></trkpt><trkpt lat="-20.20432600250824" lon="57.4632200707509"><ele>136.7</ele><time>2026-09-24T13:58:33.000Z</time></trkpt><trkpt lat="-20.20432346917487" lon="57.463231537417926"><ele>136.7</ele><time>2026-09-24T13:58:34.000Z</time></trkpt><trkpt lat="-20.204321635841463" lon="57.46324263741834"><ele>136.7</ele><time>2026-09-24T13:58:35.000Z</time></trkpt><trkpt lat="-20.204320169174753" lon="57.46325377075226"><ele>136.7</ele><time>2026-09-24T13:58:36.000Z</time></trkpt><trkpt lat="-20.20431923584139" lon="57.4632648707528"><ele>136.7</ele><time>2026-09-24T13:58:37.000Z</time></trkpt><trkpt lat="-20.204318902508042" lon="57.46327540408663"><ele>136.7</ele><time>2026-09-24T13:58:38.000Z</time></trkpt><trkpt lat="-20.204318969174707" lon="57.46328510408706"><ele>136.7</ele><time>2026-09-24T13:58:39.000Z</time></trkpt><trkpt lat="-20.204318835841374" lon="57.46329480408749"><ele>136.7</ele><time>2026-09-24T13:58:40.000Z</time></trkpt><trkpt lat="-20.204319369174694" lon="57.463304270754485"><ele>136.6</ele><time>2026-09-24T13:58:41.000Z</time></trkpt><trkpt lat="-20.2043203691747" lon="57.46331397075484"><ele>136.6</ele><time>2026-09-24T13:58:42.000Z</time></trkpt><trkpt lat="-20.204320802508008" lon="57.46332367075511"><ele>136.6</ele><time>2026-09-24T13:58:43.000Z</time></trkpt><trkpt lat="-20.204321235841313" lon="57.46333317075539"><ele>136.6</ele><time>2026-09-24T13:58:44.000Z</time></trkpt><trkpt lat="-20.204322002507958" lon="57.46334263742229"><ele>136.6</ele><time>2026-09-24T13:58:45.000Z</time></trkpt><trkpt lat="-20.20432170250793" lon="57.46335233742245"><ele>136.6</ele><time>2026-09-24T13:58:46.000Z</time></trkpt><trkpt lat="-20.204320969174553" lon="57.4633621374226"><ele>136.6</ele><time>2026-09-24T13:58:47.000Z</time></trkpt><trkpt lat="-20.20432123584121" lon="57.4633717040894"><ele>136.6</ele><time>2026-09-24T13:58:48.000Z</time></trkpt><trkpt lat="-20.204321135841194" lon="57.46338137075611"><ele>136.6</ele><time>2026-09-24T13:58:49.000Z</time></trkpt><trkpt lat="-20.204321035841183" lon="57.46339077075608"><ele>136.6</ele><time>2026-09-24T13:58:50.000Z</time></trkpt><trkpt lat="-20.204321602507854" lon="57.46339993742282"><ele>136.6</ele><time>2026-09-24T13:58:51.000Z</time></trkpt><trkpt lat="-20.20432206917452" lon="57.46340873742287"><ele>136.6</ele><time>2026-09-24T13:58:52.000Z</time></trkpt><trkpt lat="-20.20432260250788" lon="57.46341843742304"><ele>136.6</ele><time>2026-09-24T13:58:53.000Z</time></trkpt><trkpt lat="-20.20432303584123" lon="57.463428770756494"><ele>136.6</ele><time>2026-09-24T13:58:54.000Z</time></trkpt><trkpt lat="-20.2043233025079" lon="57.46343997075657"><ele>136.6</ele><time>2026-09-24T13:58:55.000Z</time></trkpt><trkpt lat="-20.204323335841234" lon="57.4634515707567"><ele>136.6</ele><time>2026-09-24T13:58:56.000Z</time></trkpt><trkpt lat="-20.2043232025079" lon="57.463464004090234"><ele>136.6</ele><time>2026-09-24T13:58:57.000Z</time></trkpt><trkpt lat="-20.204322135841203" lon="57.46347650409035"><ele>136.6</ele><time>2026-09-24T13:58:58.000Z</time></trkpt><trkpt lat="-20.20432133584119" lon="57.46348837075725"><ele>136.6</ele><time>2026-09-24T13:58:59.000Z</time></trkpt><trkpt lat="-20.20432056917452" lon="57.463499904090874"><ele>136.6</ele><time>2026-09-24T13:59:00.000Z</time></trkpt><trkpt lat="-20.204319369174506" lon="57.46351167075763"><ele>136.6</ele><time>2026-09-24T13:59:01.000Z</time></trkpt><trkpt lat="-20.204318469174503" lon="57.463522704091055"><ele>136.6</ele><time>2026-09-24T13:59:02.000Z</time></trkpt><trkpt lat="-20.204317835841167" lon="57.463533837424414"><ele>136.6</ele><time>2026-09-24T13:59:03.000Z</time></trkpt><trkpt lat="-20.20431773584118" lon="57.463546070757715"><ele>136.6</ele><time>2026-09-24T13:59:04.000Z</time></trkpt><trkpt lat="-20.204318335841208" lon="57.463557570757644"><ele>136.6</ele><time>2026-09-24T13:59:05.000Z</time></trkpt><trkpt lat="-20.204319602507915" lon="57.46356800409103"><ele>136.6</ele><time>2026-09-24T13:59:06.000Z</time></trkpt><trkpt lat="-20.20432100250796" lon="57.463577470757684"><ele>136.6</ele><time>2026-09-24T13:59:07.000Z</time></trkpt><trkpt lat="-20.204321902508017" lon="57.46358657075781"><ele>136.6</ele><time>2026-09-24T13:59:08.000Z</time></trkpt><trkpt lat="-20.20432183584139" lon="57.4635946707579"><ele>136.6</ele><time>2026-09-24T13:59:09.000Z</time></trkpt><trkpt lat="-20.204320935841412" lon="57.46360310409133"><ele>136.6</ele><time>2026-09-24T13:59:10.000Z</time></trkpt><trkpt lat="-20.204319635841422" lon="57.463611270758086"><ele>136.6</ele><time>2026-09-24T13:59:11.000Z</time></trkpt><trkpt lat="-20.204317735841403" lon="57.46361963742483"><ele>136.6</ele><time>2026-09-24T13:59:12.000Z</time></trkpt><trkpt lat="-20.204316069174702" lon="57.46362667075812"><ele>136.6</ele><time>2026-09-24T13:59:13.000Z</time></trkpt><trkpt lat="-20.20431490250796" lon="57.463634337424764"><ele>136.6</ele><time>2026-09-24T13:59:14.000Z</time></trkpt><trkpt lat="-20.204313235841287" lon="57.46363733742467"><ele>136.6</ele><time>2026-09-24T13:59:15.000Z</time></trkpt></trkseg></trk></gpx>